row,string_id,speaker,source_speaker_key,category,attribution_confidence,attribution_basis,text,raw_text
1,3699562844168,Shipwright,SHIPWRIGHT_NAME_KEY,character speech,explicit,explicit speaker label,What'll it be?,SHIPWRIGHT_NAME_KEY: What'll it be?
2,5797928897679360,Narrator / scene text,,narration,inferred,third-/second-person scene description,You enter a squalid shack on the fringe of the marketplace. The familiar smell of fish fills the air. Flies buzz haphazardly around a downcast man behind the counter.,You enter a squalid shack on the fringe of the marketplace. The familiar smell of fish fills the air. Flies buzz haphazardly around a downcast man behind the counter.
3,5797928922845184,Fishmonger,FISHMONGER_NAME_KEY,character speech,explicit,explicit speaker label,"You're the new fisherman, eh? Surprised they found a new one so fast.","FISHMONGER_NAME_KEY: You're the new fisherman, eh? Surprised they found a new one so fast."
4,5797928922845185,Player (choice),,player option,inferred,"first-person, question or response text without NPC label",What happened to the other one?,What happened to the other one?
5,5797928922845186,Fishmonger,FISHMONGER_NAME_KEY,character speech,explicit,explicit speaker label,He...it takes a certain type of person to last out here. It's not a life for everyone.,FISHMONGER_NAME_KEY: He...it takes a certain type of person to last out here. It's not a life for everyone.
6,5797928922845187,Player (choice),,player option,inferred,"first-person, question or response text without NPC label",What's your name?,What's your name?
7,5797928922845188,Fishmonger,FISHMONGER_NAME_KEY,character speech,explicit,explicit speaker label,"There's no sense getting familiar. You'll be on your way like the rest of them soon, no doubt.","FISHMONGER_NAME_KEY: There's no sense getting familiar. You'll be on your way like the rest of them soon, no doubt."
8,5797928922845189,Fishmonger,FISHMONGER_NAME_KEY,character speech,explicit,explicit speaker label,"Anyway, to business. I'll pay you for fish. [C1]Bigger and fresher means more money[/C1]. Some species are just worth more, too.","FISHMONGER_NAME_KEY: Anyway, to business. I'll pay you for fish. [C1]Bigger and fresher means more money[/C1]. Some species are just worth more, too."
9,5797928922845190,Fishmonger,FISHMONGER_NAME_KEY,character speech,explicit,explicit speaker label,"Other towns on other islands might pay you different...but while you've still got a debt outstanding here, I'd suggest you work on paying it off first.","FISHMONGER_NAME_KEY: Other towns on other islands might pay you different...but while you've still got a debt outstanding here, I'd suggest you work on paying it off first."
10,5797928922845191,Fishmonger,FISHMONGER_NAME_KEY,character speech,explicit,explicit speaker label,"So, let's see what you've got.","FISHMONGER_NAME_KEY: So, let's see what you've got."
11,5797928922845192,Fishmonger,FISHMONGER_NAME_KEY,character speech,explicit,explicit speaker label,What've you got for me today?,FISHMONGER_NAME_KEY: What've you got for me today?
12,5797928922845193,Narrator / scene text,,narration,inferred,third-/second-person scene description,"The morning light fills your eyes, and you try to sit upright. You're lying on the cold, wet dock where you collapsed the night before.","The morning light fills your eyes, and you try to sit upright. You're lying on the cold, wet dock where you collapsed the night before."
13,5797928922845194,Mayor,MAYOR_NAME_KEY,character speech,explicit,explicit speaker label,"Welcome to [C0]Greater Marrow[/C0]! I must say, quite the dramatic first impression - I see you've already introduced yourself to the [C2]jagged rocks[/C2] along the bay.","MAYOR_NAME_KEY: Welcome to [C0]Greater Marrow[/C0]! I must say, quite the dramatic first impression - I see you've already introduced yourself to the [C2]jagged rocks[/C2] along the bay."
14,5797928922845195,Mayor,MAYOR_NAME_KEY,character speech,explicit,explicit speaker label,"Did you not see the lighthouse? It was shining right at you! Ah well, I'm glad to see our [C0]new fisherman[/C0] upright and breathing.","MAYOR_NAME_KEY: Did you not see the lighthouse? It was shining right at you! Ah well, I'm glad to see our [C0]new fisherman[/C0] upright and breathing."
15,5797928922845196,Mayor,MAYOR_NAME_KEY,character speech,explicit,explicit speaker label,"[C2]Your boat was hopelessly damaged[/C2], but I've had a few of the locals [C1]move your things to one of our old vessels[/C1]. We'll catch up later to discuss more details.","MAYOR_NAME_KEY: [C2]Your boat was hopelessly damaged[/C2], but I've had a few of the locals [C1]move your things to one of our old vessels[/C1]. We'll catch up later to discuss more details."
16,5797928922845197,Mayor,MAYOR_NAME_KEY,character speech,explicit,explicit speaker label,"Finally, I don't suppose I need to say this, but [C2]get back by sundown, before the fog rolls in[/C2]. Keep a close eye on the time. It can really creep up on you.","MAYOR_NAME_KEY: Finally, I don't suppose I need to say this, but [C2]get back by sundown, before the fog rolls in[/C2]. Keep a close eye on the time. It can really creep up on you."
17,5797928922845198,Mayor,MAYOR_NAME_KEY,character speech,explicit,explicit speaker label,No fish? [C0]Get out there and catch something[/C0] for these hungry townsfolk.,MAYOR_NAME_KEY: No fish? [C0]Get out there and catch something[/C0] for these hungry townsfolk.
18,5797928922845199,Narrator / scene text,,narration,inferred,third-/second-person scene description,You step onto the dock at Greater Marrow. The Mayor is waiting nearby.,You step onto the dock at Greater Marrow. The Mayor is waiting nearby.
19,5797928922845200,Mayor,MAYOR_NAME_KEY,character speech,explicit,explicit speaker label,"Ah, I see you've returned in one piece. Very good. Before you head off to town, we should discuss the matter of [C0]your boat[/C0].","MAYOR_NAME_KEY: Ah, I see you've returned in one piece. Very good. Before you head off to town, we should discuss the matter of [C0]your boat[/C0]."
20,5797928922845202,Mayor,MAYOR_NAME_KEY,character speech,explicit,explicit speaker label,"I understand you may not have the necessary funds on hand, so we'll consider it a [C2]loan[/C2]. But I want to make this easy for you.","MAYOR_NAME_KEY: I understand you may not have the necessary funds on hand, so we'll consider it a [C2]loan[/C2]. But I want to make this easy for you."
21,5797928922845203,Mayor,MAYOR_NAME_KEY,character speech,explicit,explicit speaker label,"So, to recap, you'll need to sell fish to the local market, paying off your debt and, in turn, keeping the population fed and satisfied. Understand?","MAYOR_NAME_KEY: So, to recap, you'll need to sell fish to the local market, paying off your debt and, in turn, keeping the population fed and satisfied. Understand?"
22,5797928922845204,Unattributed,,unattributed Yarn text,unknown,no speaker tag; cannot safely infer,Selling fish helps the town and pays off my debt. Got it.,Selling fish helps the town and pays off my debt. Got it.
23,5797928922845205,Player (choice),,player option,inferred,"first-person, question or response text without NPC label",Where do I sell the fish?,Where do I sell the fish?
24,5797928922845206,Mayor,MAYOR_NAME_KEY,character speech,explicit,explicit speaker label,Our local [C0]Fishmonger[/C0] will appraise and purchase what you catch. He's open all hours.,MAYOR_NAME_KEY: Our local [C0]Fishmonger[/C0] will appraise and purchase what you catch. He's open all hours.
25,5797928922845207,Mayor,MAYOR_NAME_KEY,character speech,explicit,explicit speaker label,Off you go then - sell those fish while they're still fresh!,MAYOR_NAME_KEY: Off you go then - sell those fish while they're still fresh!
26,5832393539784704,Narrator / scene text,,narration,inferred,third-/second-person scene description,The Mayor is standing outside the Fishmonger's store.,The Mayor is standing outside the Fishmonger's store.
27,5832393564950528,Mayor,MAYOR_NAME_KEY,character speech,explicit,explicit speaker label,"Excellent work, I have no doubt you'll be able to provide for this town.","MAYOR_NAME_KEY: Excellent work, I have no doubt you'll be able to provide for this town."
28,5832393564950529,Mayor,MAYOR_NAME_KEY,character speech,explicit,explicit speaker label,"Oh, one last thing! Our local [C0]Shipwright[/C0] mentioned she might be able to make some [C1]modifications to your ship[/C1]. You should pay her a visit.","MAYOR_NAME_KEY: Oh, one last thing! Our local [C0]Shipwright[/C0] mentioned she might be able to make some [C1]modifications to your ship[/C1]. You should pay her a visit."
29,5877743080247296,Narrator / scene text,,narration,inferred,third-/second-person scene description,"As you walk into the yard, you see the [C0]Shipwright[/C0] making repairs to a damaged hull. She looks up at you briefly before turning back to her work.","As you walk into the yard, you see the [C0]Shipwright[/C0] making repairs to a damaged hull. She looks up at you briefly before turning back to her work."
30,5877743084441600,Shipwright,SHIPWRIGHT_NAME_KEY,character speech,explicit,explicit speaker label,You must be the new fisherman. [C1]I can make improvements to your vessel[/C1] in the yard.,SHIPWRIGHT_NAME_KEY: You must be the new fisherman. [C1]I can make improvements to your vessel[/C1] in the yard.
31,5877743084441601,Shipwright,SHIPWRIGHT_NAME_KEY,character speech,explicit,explicit speaker label,"Mind you, I'm not in the business of doing favors 'round here - payment is upfront. And [C2]everything takes some time to install[/C2].","SHIPWRIGHT_NAME_KEY: Mind you, I'm not in the business of doing favors 'round here - payment is upfront. And [C2]everything takes some time to install[/C2]."
32,5877743084441602,Shipwright,SHIPWRIGHT_NAME_KEY,character speech,explicit,explicit speaker label,"Also, if you take on any [C2]damage[/C2] from the rocks or...any damage at all, [C1]I can patch it up[/C1]. Mostly.","SHIPWRIGHT_NAME_KEY: Also, if you take on any [C2]damage[/C2] from the rocks or...any damage at all, [C1]I can patch it up[/C1]. Mostly."
33,5877743084441603,Narrator / scene text,,narration,inferred,third-/second-person scene description,She shrugs and gestures towards the hull she's currently attempting to repair. A number of wooden boards - all well above the water line - are splintered and scratched.,She shrugs and gestures towards the hull she's currently attempting to repair. A number of wooden boards - all well above the water line - are splintered and scratched.
34,5877743084441604,Shipwright,SHIPWRIGHT_NAME_KEY,character speech,explicit,explicit speaker label,"Take a look 'round. Just remember - [C2]the bigger the equipment, the longer it takes to install[/C2]. So plan ahead.","SHIPWRIGHT_NAME_KEY: Take a look 'round. Just remember - [C2]the bigger the equipment, the longer it takes to install[/C2]. So plan ahead."
35,6872154488508416,Mayor,MAYOR_NAME_KEY,character speech,explicit,explicit speaker label,"Just the person I was hoping to see! Will you be sailing out [C0]East[/C0], towards [C0]Little Marrow[/C0]? Would you give this package to the [C0]Dockworker[/C0] there please?","MAYOR_NAME_KEY: Just the person I was hoping to see! Will you be sailing out [C0]East[/C0], towards [C0]Little Marrow[/C0]? Would you give this package to the [C0]Dockworker[/C0] there please?"
36,6872154509479936,Mayor,MAYOR_NAME_KEY,character speech,explicit,explicit speaker label,"Oh, sorry, all full up? [C0]Come back when you have more space[/C0] on board.","MAYOR_NAME_KEY: Oh, sorry, all full up? [C0]Come back when you have more space[/C0] on board."
37,6872154509479937,Mayor,MAYOR_NAME_KEY,character speech,explicit,explicit speaker label,Don't forget to check your [C0]Compass[/C0] and [C0]Map[/C0] if you get lost!,MAYOR_NAME_KEY: Don't forget to check your [C0]Compass[/C0] and [C0]Map[/C0] if you get lost!
38,6872154509479938,Narrator / scene text,,narration,inferred,third-/second-person scene description,"The Mayor hands you a small, damp package bound in string. It's dripping slightly.","The Mayor hands you a small, damp package bound in string. It's dripping slightly."
39,6892242369318912,Dockworker,DOCKWORKER_NAME_KEY,character speech,explicit,explicit speaker label,"Hmm, what - a delivery? Let's see here...","DOCKWORKER_NAME_KEY: Hmm, what - a delivery? Let's see here..."
40,6892242390290433,Dockworker,DOCKWORKER_NAME_KEY,character speech,explicit,explicit speaker label,"I was given this old book a few weeks back, but it didn't make much sense to me. You'll surely get more use out of it.","DOCKWORKER_NAME_KEY: I was given this old book a few weeks back, but it didn't make much sense to me. You'll surely get more use out of it."
41,6892242390290434,Dockworker,DOCKWORKER_NAME_KEY,character speech,explicit,explicit speaker label,"Keep it in your cabin, perhaps you can read it while you're on the water.","DOCKWORKER_NAME_KEY: Keep it in your cabin, perhaps you can read it while you're on the water."
42,7217358294814720,Fishmonger,FISHMONGER_NAME_KEY,character speech,explicit,explicit speaker label,What is it today?,FISHMONGER_NAME_KEY: What is it today?
43,7217358294814721,Narrator / scene text,,narration,inferred,third-/second-person scene description,"You hand the [C3]grotesque fish[/C3] to the Fishmonger. He grins, raising the fish up to his face before inhaling a deep, stuttering breath.","You hand the [C3]grotesque fish[/C3] to the Fishmonger. He grins, raising the fish up to his face before inhaling a deep, stuttering breath."
44,7217358294814722,Fishmonger,FISHMONGER_NAME_KEY,character speech,explicit,explicit speaker label,"Ahh...now, this is the sort of specimen to liven up my day. Hmm, I wonder...","FISHMONGER_NAME_KEY: Ahh...now, this is the sort of specimen to liven up my day. Hmm, I wonder..."
45,7217358294814726,Fishmonger,FISHMONGER_NAME_KEY,character speech,explicit,explicit speaker label,"It's not the first corrupted fish I've seen in these parts, so I'm sure you'll find more before too long. [C1]I'll pay you well if you find any more[/C1].","FISHMONGER_NAME_KEY: It's not the first corrupted fish I've seen in these parts, so I'm sure you'll find more before too long. [C1]I'll pay you well if you find any more[/C1]."
46,7217358294814738,Collector,COLLECTOR_NAME_KEY,character speech,explicit,explicit speaker label,"So, will you allow me to fit your vessel with dredging equipment? I'll need a few hours.","COLLECTOR_NAME_KEY: So, will you allow me to fit your vessel with dredging equipment? I'll need a few hours."
47,7217358294814741,Collector,COLLECTOR_NAME_KEY,character speech,explicit,explicit speaker label,An excellent decision. I'll prepare the equipment immediately.,COLLECTOR_NAME_KEY: An excellent decision. I'll prepare the equipment immediately.
48,7217358294814742,Collector,COLLECTOR_NAME_KEY,character speech,explicit,explicit speaker label,I would encourage you to [C0]ask around the towns about shipwrecks or other strange occurrences[/C0] - anything that might be worth investigating.,COLLECTOR_NAME_KEY: I would encourage you to [C0]ask around the towns about shipwrecks or other strange occurrences[/C0] - anything that might be worth investigating.
49,7217358294814743,Collector,COLLECTOR_NAME_KEY,character speech,explicit,explicit speaker label,Hmm. Return when you change your mind.,COLLECTOR_NAME_KEY: Hmm. Return when you change your mind.
50,7258692242182144,Narrator / scene text,,narration,inferred,third-/second-person scene description,"You enter a brightly lit shop. It's packed with antiques, the shelves full of jewellery and other baubles. An old man peers at you over silver spectacles.","You enter a brightly lit shop. It's packed with antiques, the shelves full of jewellery and other baubles. An old man peers at you over silver spectacles."
51,7258692250570752,Trader,TRADER_NAME_KEY,character speech,explicit,explicit speaker label,"Hello? Is that...no - ah, I don't believe we've met. Forgive me, my eyes aren't what they used to be.","TRADER_NAME_KEY: Hello? Is that...no - ah, I don't believe we've met. Forgive me, my eyes aren't what they used to be."
52,7258692250570753,Trader,TRADER_NAME_KEY,character speech,explicit,explicit speaker label,I specialize in antiques and jewellery. I'll [C1]purchase any special trinkets[/C1] you happen to have.,TRADER_NAME_KEY: I specialize in antiques and jewellery. I'll [C1]purchase any special trinkets[/C1] you happen to have.
53,7258692250570754,Trader,TRADER_NAME_KEY,character speech,explicit,explicit speaker label,"Have you got anything nice with you today, perhaps?","TRADER_NAME_KEY: Have you got anything nice with you today, perhaps?"
54,7258692250570755,Trader,TRADER_NAME_KEY,character speech,explicit,explicit speaker label,Welcome! Found anything special lately?,TRADER_NAME_KEY: Welcome! Found anything special lately?
55,7275844126969859,Narrator / scene text,,narration,inferred,third-/second-person scene description,You explain that you've sold an engraved belt buckle to The Trader.,You explain that you've sold an engraved belt buckle to The Trader.
56,7275844126969860,Grieving Father,GRIEVING_FATHER_NAME_KEY,character speech,explicit,explicit speaker label,"You - oh. Well, maybe that wasn't his... I'd - I'd better go and check before he melts it down!","GRIEVING_FATHER_NAME_KEY: You - oh. Well, maybe that wasn't his... I'd - I'd better go and check before he melts it down!"
57,7275844126969861,Unattributed,,unattributed Yarn text,unknown,no speaker tag; cannot safely infer,The man hurries away towards the Trader.,The man hurries away towards the Trader.
58,7275844126969862,Unattributed,,unattributed Yarn text,unknown,no speaker tag; cannot safely infer,You give the belt buckle to the man.,You give the belt buckle to the man.
59,7275844126969863,Grieving Father,GRIEVING_FATHER_NAME_KEY,character speech,explicit,explicit speaker label,"This is...this is his! Oh, thank you, bless you. You've returned him to me...","GRIEVING_FATHER_NAME_KEY: This is...this is his! Oh, thank you, bless you. You've returned him to me..."
60,7581114120081408,Narrator / scene text,,narration,inferred,third-/second-person scene description,"You approach a woman sitting on the dockside, staring out to sea. She turns to you.","You approach a woman sitting on the dockside, staring out to sea. She turns to you."
61,7581114124275712,Builder,BUILDER_NAME_KEY,character speech,explicit,explicit speaker label,What's it like out there?,BUILDER_NAME_KEY: What's it like out there?
62,7581114124275713,Unattributed,,unattributed Yarn text,unknown,no speaker tag; cannot safely infer,It's peaceful.,It's peaceful.
63,7581114124275714,Unattributed,,unattributed Yarn text,unknown,no speaker tag; cannot safely infer,It's difficult.,It's difficult.
64,7581114124275715,Player (choice),,player option,inferred,"first-person, question or response text without NPC label",I don't want to talk about it.,I don't want to talk about it.
65,7581114124275716,Builder,BUILDER_NAME_KEY,character speech,explicit,explicit speaker label,It's got to be a damn sight better than this bloody town. I think I just need to get away for a while -- maybe not come back.,BUILDER_NAME_KEY: It's got to be a damn sight better than this bloody town. I think I just need to get away for a while -- maybe not come back.
66,7581114124275717,Builder,BUILDER_NAME_KEY,character speech,explicit,explicit speaker label,"Going backwards is a mistake, don't you think? You should always keep moving forward. Moving along.","BUILDER_NAME_KEY: Going backwards is a mistake, don't you think? You should always keep moving forward. Moving along."
67,7581114124275718,Unattributed,,unattributed Yarn text,unknown,no speaker tag; cannot safely infer,It's not so bad here.,It's not so bad here.
68,7581114124275719,Player (choice),,player option,inferred,"first-person, question or response text without NPC label",I don't want to move along.,I don't want to move along.
69,7581114124275720,Player (choice),,player option,inferred,"first-person, question or response text without NPC label",I can't go back.,I can't go back.
70,7581114124275721,Unattributed,,unattributed Yarn text,unknown,no speaker tag; cannot safely infer,"She's gazing out to sea again, lost in thought.","She's gazing out to sea again, lost in thought."
71,7581114124275722,Builder,BUILDER_NAME_KEY,character speech,explicit,explicit speaker label,"Say, if you find me some materials, maybe you can help me move? I mean, really move. There's an island I've heard about, [C0]Steel Point, just to the North[/C0].","BUILDER_NAME_KEY: Say, if you find me some materials, maybe you can help me move? I mean, really move. There's an island I've heard about, [C0]Steel Point, just to the North[/C0]."
72,7581114124275723,Builder,BUILDER_NAME_KEY,character speech,explicit,explicit speaker label,"[C0]Two units of Lumber[/C0] and [C0]Two units of Scrap[/C0] is all I need. I can make a new place for myself out there. You'd be welcome to visit, too.","BUILDER_NAME_KEY: [C0]Two units of Lumber[/C0] and [C0]Two units of Scrap[/C0] is all I need. I can make a new place for myself out there. You'd be welcome to visit, too."
73,7581114124275724,Builder,BUILDER_NAME_KEY,character speech,explicit,explicit speaker label,Just [C0]stack it up at Steel Point[/C0] when you have anything. I'll pay you when the job's done.,BUILDER_NAME_KEY: Just [C0]stack it up at Steel Point[/C0] when you have anything. I'll pay you when the job's done.
74,7581114124275728,Unattributed,,unattributed Yarn text,unknown,no speaker tag; cannot safely infer,This is the island where the [C0]Builder[/C0] wants materials delivered.,This is the island where the [C0]Builder[/C0] wants materials delivered.
75,7581114124275729,Narrator / scene text,,narration,inferred,third-/second-person scene description,You've delivered all the necessary materials. You should let the Builder know.,You've delivered all the necessary materials. You should let the Builder know.
76,7581114124275730,Builder,BUILDER_NAME_KEY,character speech,explicit,explicit speaker label,"You've done it? Well, no sense in wasting time. Let's get moving.","BUILDER_NAME_KEY: You've done it? Well, no sense in wasting time. Let's get moving."
77,7581114124275732,Builder,BUILDER_NAME_KEY,character speech,explicit,explicit speaker label,"Good riddance to you, [C0]Greater Marrow[/C0]. I'm onward bound.","BUILDER_NAME_KEY: Good riddance to you, [C0]Greater Marrow[/C0]. I'm onward bound."
78,7581114124275733,Builder,BUILDER_NAME_KEY,character speech,explicit,explicit speaker label,No room on deck? [C0]Come back when you have more space[/C0]. I'll be waiting.,BUILDER_NAME_KEY: No room on deck? [C0]Come back when you have more space[/C0]. I'll be waiting.
79,7581114124275734,Builder,BUILDER_NAME_KEY,character speech,explicit,explicit speaker label,"Yes...yes, this'll do. Thank you, fella.","BUILDER_NAME_KEY: Yes...yes, this'll do. Thank you, fella."
80,7581114124275735,Builder,BUILDER_NAME_KEY,character speech,explicit,explicit speaker label,Give me a short while to get things built here. You're welcome back any time.,BUILDER_NAME_KEY: Give me a short while to get things built here. You're welcome back any time.
81,7581114124275736,Builder,BUILDER_NAME_KEY,character speech,explicit,explicit speaker label,Take these. Always good to have on hand.,BUILDER_NAME_KEY: Take these. Always good to have on hand.
82,7657931858317312,Narrator / scene text,,narration,inferred,third-/second-person scene description,A hunched woman approaches you from the steps to the lighthouse. She stops some distance away and looks at you with concern and visible apprehension.,A hunched woman approaches you from the steps to the lighthouse. She stops some distance away and looks at you with concern and visible apprehension.
83,7657931879288832,Lighthouse Keeper,LIGHTHOUSE_KEEPER_NAME_KEY,character speech,explicit,explicit speaker label,Why are you here?,LIGHTHOUSE_KEEPER_NAME_KEY: Why are you here?
84,7657931879288834,Player (choice),,player option,inferred,"first-person, question or response text without NPC label",I've come to fish.,I've come to fish.
85,7657931879288835,Player (choice),,player option,inferred,"first-person, question or response text without NPC label",I've come to see the area.,I've come to see the area.
86,7657931879288836,Player (choice),,player option,inferred,"first-person, question or response text without NPC label",I've come to meet people.,I've come to meet people.
87,7657931879288837,Lighthouse Keeper,LIGHTHOUSE_KEEPER_NAME_KEY,character speech,explicit,explicit speaker label,There's nothing here for someone like you anymore. Do yourself a favor and move on.,LIGHTHOUSE_KEEPER_NAME_KEY: There's nothing here for someone like you anymore. Do yourself a favor and move on.
88,7657931879288838,Narrator / scene text,,narration,inferred,third-/second-person scene description,She turns and shuffles back along the path that leads to the light.,She turns and shuffles back along the path that leads to the light.
89,7657931879288839,Narrator / scene text,,narration,inferred,third-/second-person scene description,"You enter the Collector's house. He's standing at the back of the room, still holding the silver and crimson book. He seems impatient.","You enter the Collector's house. He's standing at the back of the room, still holding the silver and crimson book. He seems impatient."
90,7657931879288840,Collector,COLLECTOR_NAME_KEY,character speech,explicit,explicit speaker label,"Well? You have something, don't you? Show me.","COLLECTOR_NAME_KEY: Well? You have something, don't you? Show me."
91,7657931879288841,Narrator / scene text,,narration,inferred,third-/second-person scene description,"You hand him the key. The cold metal shimmers a [C3]strange shine[/C3] as he holds it. The shape of the key - the teeth, the head - now somehow seem changed, smaller. Has it always been this way?","You hand him the key. The cold metal shimmers a [C3]strange shine[/C3] as he holds it. The shape of the key - the teeth, the head - now somehow seem changed, smaller. Has it always been this way?"
92,7657931879288842,Collector,COLLECTOR_NAME_KEY,character speech,explicit,explicit speaker label,Is this all? Where is the lock?,COLLECTOR_NAME_KEY: Is this all? Where is the lock?
93,7657931879288843,Unattributed,,unattributed Yarn text,unknown,no speaker tag; cannot safely infer,The Collector grows agitated.,The Collector grows agitated.
94,7657931879288844,Collector,COLLECTOR_NAME_KEY,character speech,explicit,explicit speaker label,"It seems...the pieces we're looking for have travelled further than I anticipated. Much further, I suspect.","COLLECTOR_NAME_KEY: It seems...the pieces we're looking for have travelled further than I anticipated. Much further, I suspect."
95,7657931879288847,Collector,COLLECTOR_NAME_KEY,character speech,explicit,explicit speaker label,Now go. We have more relics to uncover.,COLLECTOR_NAME_KEY: Now go. We have more relics to uncover.
96,11998932718653440,Narrator / scene text,,narration,inferred,third-/second-person scene description,"The Mayor is walking quickly towards you. He seems to be in a good mood, with a spring in his step.","The Mayor is walking quickly towards you. He seems to be in a good mood, with a spring in his step."
97,11998932739624960,Mayor,MAYOR_NAME_KEY,character speech,explicit,explicit speaker label,"Fantastic news - thanks partly to your efforts, [C0]Greater Marrow[/C0] is growing! Our town is sure to be swarming with visitors any day now.","MAYOR_NAME_KEY: Fantastic news - thanks partly to your efforts, [C0]Greater Marrow[/C0] is growing! Our town is sure to be swarming with visitors any day now."
98,11998932739624961,Mayor,MAYOR_NAME_KEY,character speech,explicit,explicit speaker label,"In fact, I've granted a consent for the [C1]Shipwright to expand her facilities[/C1]. The old [C0]Dry Dock is operational again[/C0]!","MAYOR_NAME_KEY: In fact, I've granted a consent for the [C1]Shipwright to expand her facilities[/C1]. The old [C0]Dry Dock is operational again[/C0]!"
99,11998932739624963,Mayor,MAYOR_NAME_KEY,character speech,explicit,explicit speaker label,Keep up the good work. We're glad you've chosen to be here with us.,MAYOR_NAME_KEY: Keep up the good work. We're glad you've chosen to be here with us.
100,14501038075744256,Fishmonger,FISHMONGER_NAME_KEY,character speech,explicit,explicit speaker label,"Lousy weather lately - almost makes you not want to get out of bed. But you and I, we've gotta do it, eh? We're what keeps people from going hungry.","FISHMONGER_NAME_KEY: Lousy weather lately - almost makes you not want to get out of bed. But you and I, we've gotta do it, eh? We're what keeps people from going hungry."
101,14501038100910080,Fishmonger,FISHMONGER_NAME_KEY,character speech,explicit,explicit speaker label,I don't know how you do it every day. These old bones wouldn't cut it on the high seas.,FISHMONGER_NAME_KEY: I don't know how you do it every day. These old bones wouldn't cut it on the high seas.
102,14501038100910081,Fishmonger,FISHMONGER_NAME_KEY,character speech,explicit,explicit speaker label,Hope the seagulls didn't get to your catch - those blasted pests.,FISHMONGER_NAME_KEY: Hope the seagulls didn't get to your catch - those blasted pests.
103,14501038100910083,Fishmonger,FISHMONGER_NAME_KEY,character speech,explicit,explicit speaker label,Don't over-commit yourself - especially when that sun starts going down. Better to come back with a small catch than to not come back at all.,FISHMONGER_NAME_KEY: Don't over-commit yourself - especially when that sun starts going down. Better to come back with a small catch than to not come back at all.
104,14501038100910084,Fishmonger,FISHMONGER_NAME_KEY,character speech,explicit,explicit speaker label,"Keep an eye out for larger fish. They'll feed more mouths, so I can pay you more for them.","FISHMONGER_NAME_KEY: Keep an eye out for larger fish. They'll feed more mouths, so I can pay you more for them."
105,14501038100910085,Shipwright,SHIPWRIGHT_NAME_KEY,character speech,explicit,explicit speaker label,"Sorry, sorry, it's a mess in here. I've just been so busy lately, you know how it is. Exhausting.","SHIPWRIGHT_NAME_KEY: Sorry, sorry, it's a mess in here. I've just been so busy lately, you know how it is. Exhausting."
106,14501038100910086,Shipwright,SHIPWRIGHT_NAME_KEY,character speech,explicit,explicit speaker label,"I've got a good feeling about these engines. They'll take you far away...reliable, too, provided you take care of 'em.","SHIPWRIGHT_NAME_KEY: I've got a good feeling about these engines. They'll take you far away...reliable, too, provided you take care of 'em."
107,14501038100910087,Shipwright,SHIPWRIGHT_NAME_KEY,character speech,explicit,explicit speaker label,You'll want a variety of tackle to catch all the fish out there. Make sure you're prepared for whatever you come across.,SHIPWRIGHT_NAME_KEY: You'll want a variety of tackle to catch all the fish out there. Make sure you're prepared for whatever you come across.
108,14501038100910088,Shipwright,SHIPWRIGHT_NAME_KEY,character speech,explicit,explicit speaker label,Damage to your hull is bound to stop engines and such from functioning right. Be careful near rocks.,SHIPWRIGHT_NAME_KEY: Damage to your hull is bound to stop engines and such from functioning right. Be careful near rocks.
109,14501038100910089,Shipwright,SHIPWRIGHT_NAME_KEY,character speech,explicit,explicit speaker label,A single unlucky hit is enough to knock out an engine...and you wouldn't want to be without a motor when the fog rolls in.,SHIPWRIGHT_NAME_KEY: A single unlucky hit is enough to knock out an engine...and you wouldn't want to be without a motor when the fog rolls in.
110,14501038100910090,Shipwright,SHIPWRIGHT_NAME_KEY,character speech,explicit,explicit speaker label,"If any of your equipment stops working, head back here for repairs.","SHIPWRIGHT_NAME_KEY: If any of your equipment stops working, head back here for repairs."
111,14501038100910091,Shipwright,SHIPWRIGHT_NAME_KEY,character speech,explicit,explicit speaker label,"Make sure you check out the specs before you buy this stuff -- once it's installed, no refunds.","SHIPWRIGHT_NAME_KEY: Make sure you check out the specs before you buy this stuff -- once it's installed, no refunds."
112,22896635703005184,Lighthouse Keeper,LIGHTHOUSE_KEEPER_NAME_KEY,character speech,explicit,explicit speaker label,What is it?,LIGHTHOUSE_KEEPER_NAME_KEY: What is it?
113,22896635723976704,Player (choice),,player option,inferred,"first-person, question or response text without NPC label",Do you know of any shipwrecks around here?,Do you know of any shipwrecks around here?
114,22896635723976705,Unattributed,,unattributed Yarn text,unknown,no speaker tag; cannot safely infer,Have you heard of any strange things happening?,Have you heard of any strange things happening?
115,22896635723976706,Unattributed,,unattributed Yarn text,unknown,no speaker tag; cannot safely infer,She eyes you suspiciously.,She eyes you suspiciously.
116,22923535622262784,Lighthouse Keeper,LIGHTHOUSE_KEEPER_NAME_KEY,character speech,explicit,explicit speaker label,...,LIGHTHOUSE_KEEPER_NAME_KEY: ...
117,22923535664205824,Player (choice),,player option,inferred,"first-person, question or response text without NPC label",What do you know about the Old Mayor of Little Marrow?,What do you know about the Old Mayor of Little Marrow?
118,22923535664205825,Player (choice),,player option,inferred,"first-person, question or response text without NPC label",I should go.,I should go.
119,22923535664205826,Lighthouse Keeper,LIGHTHOUSE_KEEPER_NAME_KEY,character speech,explicit,explicit speaker label,There's a spot near the [C0]back of Greater Marrow[/C0] where the current carries in wreckage from the sea.,LIGHTHOUSE_KEEPER_NAME_KEY: There's a spot near the [C0]back of Greater Marrow[/C0] where the current carries in wreckage from the sea.
120,23200539179290624,Builder,BUILDER_NAME_KEY,character speech,explicit,explicit speaker label,What is it?,BUILDER_NAME_KEY: What is it?
121,23200539196067840,Builder,BUILDER_NAME_KEY,character speech,explicit,explicit speaker label,Anything else?,BUILDER_NAME_KEY: Anything else?
122,23200539196067841,Player (choice),,player option,inferred,"first-person, question or response text without NPC label",What did you want me to do again?,What did you want me to do again?
123,23200539196067842,Player (choice),,player option,inferred,"first-person, question or response text without NPC label",Why do you want to leave?,Why do you want to leave?
124,23200539196067843,Player (choice),,player option,inferred,"first-person, question or response text without NPC label",What do you know about the area?,What do you know about the area?
125,23200539200262144,Player (choice),,player option,inferred,"first-person, question or response text without NPC label",I'd better get on with it.,I'd better get on with it.
126,23200539200262145,Builder,BUILDER_NAME_KEY,character speech,explicit,explicit speaker label,"Bring [C0]Two units of Lumber[/C0] and [C0]Two units of Scrap[/C0] to [C0]Steel Point[/C0], which is an island just to the [C0]North[/C0].","BUILDER_NAME_KEY: Bring [C0]Two units of Lumber[/C0] and [C0]Two units of Scrap[/C0] to [C0]Steel Point[/C0], which is an island just to the [C0]North[/C0]."
127,23200539200262146,Builder,BUILDER_NAME_KEY,character speech,explicit,explicit speaker label,I want to build a place for myself there.,BUILDER_NAME_KEY: I want to build a place for myself there.
128,23200539200262147,Builder,BUILDER_NAME_KEY,character speech,explicit,explicit speaker label,There are...too many painful memories here - I don't want to be living them any more. It's a bit difficult to talk about - you know how it is.,BUILDER_NAME_KEY: There are...too many painful memories here - I don't want to be living them any more. It's a bit difficult to talk about - you know how it is.
129,23200539200262148,Builder,BUILDER_NAME_KEY,character speech,explicit,explicit speaker label,It doesn't do you any good to dwell too deeply on the past.,BUILDER_NAME_KEY: It doesn't do you any good to dwell too deeply on the past.
130,23200539200262149,Builder,BUILDER_NAME_KEY,character speech,explicit,explicit speaker label,"Greater Marrow? Well, it was once a bright and thriving little town, if you can believe it.","BUILDER_NAME_KEY: Greater Marrow? Well, it was once a bright and thriving little town, if you can believe it."
131,23200539200262150,Builder,BUILDER_NAME_KEY,character speech,explicit,explicit speaker label,There was plenty of work for me and my crew - new houses and shops every other month. We made a fair bit of money out of it too.,BUILDER_NAME_KEY: There was plenty of work for me and my crew - new houses and shops every other month. We made a fair bit of money out of it too.
132,23200539200262151,Builder,BUILDER_NAME_KEY,character speech,explicit,explicit speaker label,"But-- I don't know, I guess the bubble burst or something. I don't know how these things work. People started leaving. My crew left. I stayed.","BUILDER_NAME_KEY: But-- I don't know, I guess the bubble burst or something. I don't know how these things work. People started leaving. My crew left. I stayed."
133,23225168753135616,Dockworker,DOCKWORKER_NAME_KEY,character speech,explicit,explicit speaker label,How's the day treating ya?,DOCKWORKER_NAME_KEY: How's the day treating ya?
134,23225168761524224,Dockworker,DOCKWORKER_NAME_KEY,character speech,explicit,explicit speaker label,What else can I do for ya?,DOCKWORKER_NAME_KEY: What else can I do for ya?
135,23225168761524225,Player (choice),,player option,inferred,"first-person, question or response text without NPC label",Do you know of any shipwrecks around here?,Do you know of any shipwrecks around here?
136,23225168761524226,Player (choice),,player option,inferred,"first-person, question or response text without NPC label",What do you know about any strange occurrences?,What do you know about any strange occurrences?
137,23225168761524227,Player (choice),,player option,inferred,"first-person, question or response text without NPC label",What's it like working on the docks?,What's it like working on the docks?
138,23225168761524228,Player (choice),,player option,inferred,"first-person, question or response text without NPC label",I'd better go.,I'd better go.
139,23225168761524229,Dockworker,DOCKWORKER_NAME_KEY,character speech,explicit,explicit speaker label,I know there were a few 'round the Eastern side of the island. Mostly rotted away by now I'd expect. Or dashed apart by the waves.,DOCKWORKER_NAME_KEY: I know there were a few 'round the Eastern side of the island. Mostly rotted away by now I'd expect. Or dashed apart by the waves.
140,23225168761524230,Dockworker,DOCKWORKER_NAME_KEY,character speech,explicit,explicit speaker label,"Poor souls keep hitting rocks in the fog, I guess. There's a blind spot back there where the lighthouse can't be seen. People get turned around.","DOCKWORKER_NAME_KEY: Poor souls keep hitting rocks in the fog, I guess. There's a blind spot back there where the lighthouse can't be seen. People get turned around."
141,23225168761524232,Dockworker,DOCKWORKER_NAME_KEY,character speech,explicit,explicit speaker label,"Supposedly, some twenty-odd years ago, a fisherman from these parts hauled up an old sealed casket from the seafloor.","DOCKWORKER_NAME_KEY: Supposedly, some twenty-odd years ago, a fisherman from these parts hauled up an old sealed casket from the seafloor."
142,23225168761524233,Dockworker,DOCKWORKER_NAME_KEY,character speech,explicit,explicit speaker label,They pried it open and took what was inside for themselves.,DOCKWORKER_NAME_KEY: They pried it open and took what was inside for themselves.
143,23225168761524235,Dockworker,DOCKWORKER_NAME_KEY,character speech,explicit,explicit speaker label,"As changeable as the weather, hah! Most days it's pretty quiet. The pay's not too great, but the work's straightforward - that suits me to a tee.","DOCKWORKER_NAME_KEY: As changeable as the weather, hah! Most days it's pretty quiet. The pay's not too great, but the work's straightforward - that suits me to a tee."
144,23225168761524236,Dockworker,DOCKWORKER_NAME_KEY,character speech,explicit,explicit speaker label,"It's good to get that fresh sea breeze without actually being on the water. No offense, but you wouldn't get me out on those seas every day.","DOCKWORKER_NAME_KEY: It's good to get that fresh sea breeze without actually being on the water. No offense, but you wouldn't get me out on those seas every day."
145,23331031994257408,Mayor,MAYOR_NAME_KEY,character speech,explicit,explicit speaker label,What can I do for you?,MAYOR_NAME_KEY: What can I do for you?
146,23331032040394752,Mayor,MAYOR_NAME_KEY,character speech,explicit,explicit speaker label,"Now, what else can I do for you?","MAYOR_NAME_KEY: Now, what else can I do for you?"
147,23331032040394753,Player (choice),,player option,inferred,"first-person, question or response text without NPC label",Do you know of any shipwrecks around here?,Do you know of any shipwrecks around here?
148,23331032040394754,Player (choice),,player option,inferred,"first-person, question or response text without NPC label",What do you know about any strange occurrences?,What do you know about any strange occurrences?
149,23331032040394755,Player (choice),,player option,inferred,"first-person, question or response text without NPC label",What happened to the last fisherman?,What happened to the last fisherman?
150,23331032040394756,Player (choice),,player option,inferred,"first-person, question or response text without NPC label",I should get back to fishing.,I should get back to fishing.
151,23331032040394768,Mayor,MAYOR_NAME_KEY,character speech,explicit,explicit speaker label,"Hmm? The last fisherman? Oh, he was very unreliable. He'd go out at night, come back with no fish and proceed to sleep all day.","MAYOR_NAME_KEY: Hmm? The last fisherman? Oh, he was very unreliable. He'd go out at night, come back with no fish and proceed to sleep all day."
152,23331032040394769,Mayor,MAYOR_NAME_KEY,character speech,explicit,explicit speaker label,"He was also a terrible captain. I mean, really terrible. Constantly running aground on the reef - even in broad daylight! The Shipwright almost ran out of wood for repairs.","MAYOR_NAME_KEY: He was also a terrible captain. I mean, really terrible. Constantly running aground on the reef - even in broad daylight! The Shipwright almost ran out of wood for repairs."
153,23331032040394770,Mayor,MAYOR_NAME_KEY,character speech,explicit,explicit speaker label,"No, he was no good. One evening he left and never came back. So long! He shan't be missed by us.","MAYOR_NAME_KEY: No, he was no good. One evening he left and never came back. So long! He shan't be missed by us."
154,23520128631115776,Player (choice),,player option,inferred,"first-person, question or response text without NPC label",I'd like to pay off some of my debt.,I'd like to pay off some of my debt.
155,23520128652087296,Mayor,MAYOR_NAME_KEY,character speech,explicit,explicit speaker label,Of course! How much would you like to repay?,MAYOR_NAME_KEY: Of course! How much would you like to repay?
156,23520128652087298,Unattributed,,unattributed Yarn text,unknown,no speaker tag; cannot safely infer,$10.00,$10.00
157,23520128652087299,Unattributed,,unattributed Yarn text,unknown,no speaker tag; cannot safely infer,Never mind.,Never mind.
158,23541337968152576,Unattributed,,unattributed Yarn text,unknown,no speaker tag; cannot safely infer,All of it.,All of it.
159,23541337972346880,Mayor,MAYOR_NAME_KEY,character speech,explicit,explicit speaker label,Fantastic!,MAYOR_NAME_KEY: Fantastic!
160,23541337972346881,Unattributed,,unattributed Yarn text,unknown,no speaker tag; cannot safely infer,$25.00,$25.00
161,23541337972346882,Mayor,MAYOR_NAME_KEY,character speech,explicit,explicit speaker label,Excellent!,MAYOR_NAME_KEY: Excellent!
162,23541337972346883,Mayor,MAYOR_NAME_KEY,character speech,explicit,explicit speaker label,Excellent!,MAYOR_NAME_KEY: Excellent!
163,29671733545996288,Collector,COLLECTOR_NAME_KEY,character speech,explicit,explicit speaker label,Do not bother me with common clutter. I hear that the [C0]Trader[/C0] in [C0]Little Marrow[/C0] deals with such trivialities.,COLLECTOR_NAME_KEY: Do not bother me with common clutter. I hear that the [C0]Trader[/C0] in [C0]Little Marrow[/C0] deals with such trivialities.
164,36290924545904640,Mayor,MAYOR_NAME_KEY,character speech,explicit,explicit speaker label,"Look here, I found this down by the docks - I'm sure someone like you could make something out of it. Why don't you take it?","MAYOR_NAME_KEY: Look here, I found this down by the docks - I'm sure someone like you could make something out of it. Why don't you take it?"
165,36290924571070464,Fishmonger,FISHMONGER_NAME_KEY,character speech,explicit,explicit speaker label,I found this [C1]Book[/C1] out back. Could be useful to ya.,FISHMONGER_NAME_KEY: I found this [C1]Book[/C1] out back. Could be useful to ya.
166,36290924571070465,Shipwright,SHIPWRIGHT_NAME_KEY,character speech,explicit,explicit speaker label,"If you're wanting to get a bit more out of your engines, take a look through this book. On the house.","SHIPWRIGHT_NAME_KEY: If you're wanting to get a bit more out of your engines, take a look through this book. On the house."
167,36290924571070466,Trader,TRADER_NAME_KEY,character speech,explicit,explicit speaker label,"A returning customer! Please, take this as a symbol of my appreciation. I'm sure you'll find it useful.","TRADER_NAME_KEY: A returning customer! Please, take this as a symbol of my appreciation. I'm sure you'll find it useful."
168,42729481831632896,Mayor,MAYOR_NAME_KEY,character speech,explicit,explicit speaker label,"Until your debt is repaid, a [C2]tiny portion of your fish sales[/C2] will go towards paying it off. A small amount of interest will go towards [C1]improving the town[/C1].","MAYOR_NAME_KEY: Until your debt is repaid, a [C2]tiny portion of your fish sales[/C2] will go towards paying it off. A small amount of interest will go towards [C1]improving the town[/C1]."
169,42729481881964546,Collector,COLLECTOR_NAME_KEY,character speech,explicit,explicit speaker label,Return when you have something.,COLLECTOR_NAME_KEY: Return when you have something.
170,42750363706773504,Dockworker,DOCKWORKER_NAME_KEY,character speech,explicit,explicit speaker label,Stop by for a chat any time. I know how lonely it can be.,DOCKWORKER_NAME_KEY: Stop by for a chat any time. I know how lonely it can be.
171,42755149529272320,Unattributed,,unattributed Yarn text,unknown,no speaker tag; cannot safely infer,Give the belt buckle to the man?,Give the belt buckle to the man?
172,42755149529272321,Player (choice),,player option,inferred,"first-person, question or response text without NPC label",Yes,Yes
173,42755149529272322,Player (choice),,player option,inferred,"first-person, question or response text without NPC label",No,No
174,42755149529272323,Unattributed,,unattributed Yarn text,unknown,no speaker tag; cannot safely infer,You hold on to the belt buckle for now.,You hold on to the belt buckle for now.
175,42755149529272324,Grieving Father,GRIEVING_FATHER_NAME_KEY,character speech,explicit,explicit speaker label,"Please, take this. I've not any money to pay you, but this might hold some value to you.","GRIEVING_FATHER_NAME_KEY: Please, take this. I've not any money to pay you, but this might hold some value to you."
176,48602169095671808,Shipwright,SHIPWRIGHT_NAME_KEY,character speech,explicit,explicit speaker label,This is the Dry Dock. We can make [C1]significant improvements[/C1] to your vessel here.,SHIPWRIGHT_NAME_KEY: This is the Dry Dock. We can make [C1]significant improvements[/C1] to your vessel here.
177,48602169158586368,Shipwright,SHIPWRIGHT_NAME_KEY,character speech,explicit,explicit speaker label,"We're talking [C1]extra space[/C1], [C1]more attachment points for equipment[/C1], and even [C1]superior hulls[/C1].","SHIPWRIGHT_NAME_KEY: We're talking [C1]extra space[/C1], [C1]more attachment points for equipment[/C1], and even [C1]superior hulls[/C1]."
178,48602169158586369,Shipwright,SHIPWRIGHT_NAME_KEY,character speech,explicit,explicit speaker label,"We'll need a decent stock of hard materials for these projects - [C0]Lumber[/C0], [C0]Metal Scraps[/C0], that sort of thing.","SHIPWRIGHT_NAME_KEY: We'll need a decent stock of hard materials for these projects - [C0]Lumber[/C0], [C0]Metal Scraps[/C0], that sort of thing."
179,48602169158586370,Shipwright,SHIPWRIGHT_NAME_KEY,character speech,explicit,explicit speaker label,[C0]Materials assigned towards upgrades here will be stored[/C0]. So don't worry if you only have half of what we need.,SHIPWRIGHT_NAME_KEY: [C0]Materials assigned towards upgrades here will be stored[/C0]. So don't worry if you only have half of what we need.
180,48900075107307520,Player (choice),,player option,inferred,"first-person, question or response text without NPC label",How do I get materials?,How do I get materials?
181,48900075161833472,Shipwright,SHIPWRIGHT_NAME_KEY,character speech,explicit,explicit speaker label,"There's plenty of decent materials around the coast, from various shipwrecks and the like. I'm sure you'll find a way to get at them.","SHIPWRIGHT_NAME_KEY: There's plenty of decent materials around the coast, from various shipwrecks and the like. I'm sure you'll find a way to get at them."
182,48900075161833473,Unattributed,,unattributed Yarn text,unknown,no speaker tag; cannot safely infer,"Finding materials will allow you to upgrade my vessel, got it.","Finding materials will allow you to upgrade my vessel, got it."
183,50720212412190720,Shipwright,SHIPWRIGHT_NAME_KEY,character speech,explicit,explicit speaker label,Say...where's your fishing gear? Sure hope you have enough money to buy some replacement tackle.,SHIPWRIGHT_NAME_KEY: Say...where's your fishing gear? Sure hope you have enough money to buy some replacement tackle.
184,50720212466716672,Unattributed,,unattributed Yarn text,unknown,no speaker tag; cannot safely infer,"Actually, I don't. Could you lend me a rod?","Actually, I don't. Could you lend me a rod?"
185,50720212466716673,Player (choice),,player option,inferred,"first-person, question or response text without NPC label",I'll be fine.,I'll be fine.
186,50720212466716674,Shipwright,SHIPWRIGHT_NAME_KEY,character speech,explicit,explicit speaker label,Hmm. That's a worry. I might have something out back...,SHIPWRIGHT_NAME_KEY: Hmm. That's a worry. I might have something out back...
187,50720212466716675,Shipwright,SHIPWRIGHT_NAME_KEY,character speech,explicit,explicit speaker label,"Ah, here we go. Don't worry about giving it back, it's a piece of junk really.","SHIPWRIGHT_NAME_KEY: Ah, here we go. Don't worry about giving it back, it's a piece of junk really."
188,50720212466716676,Shipwright,SHIPWRIGHT_NAME_KEY,character speech,explicit,explicit speaker label,Just don't tell the Mayor I gave you something for nothing. He'll lecture me about taxes for an hour.,SHIPWRIGHT_NAME_KEY: Just don't tell the Mayor I gave you something for nothing. He'll lecture me about taxes for an hour.
189,50721087457251328,Shipwright,SHIPWRIGHT_NAME_KEY,character speech,explicit,explicit speaker label,If you say so.,SHIPWRIGHT_NAME_KEY: If you say so.
190,51156735305633792,Narrator / scene text,,narration,inferred,third-/second-person scene description,The lighthouse towers above. Waves crash endlessly against the perilous rocks below.,The lighthouse towers above. Waves crash endlessly against the perilous rocks below.
191,51156735309828096,Unattributed,,unattributed Yarn text,unknown,no speaker tag; cannot safely infer,All creatures - human or otherwise - would have their brittle bodies broken and thrown at its feet.,All creatures - human or otherwise - would have their brittle bodies broken and thrown at its feet.
192,51156735309828097,Narrator / scene text,,narration,inferred,third-/second-person scene description,"You ponder the intrinsic power of this structure, a vast column of stone shouldering the responsibility of countless lives.","You ponder the intrinsic power of this structure, a vast column of stone shouldering the responsibility of countless lives."
193,51156735309828098,Player (choice),,player option,inferred,"first-person, question or response text without NPC label","How long will it stand? How long until it decays into ruin, its purpose exhausted?","How long will it stand? How long until it decays into ruin, its purpose exhausted?"
194,51156735309828099,Unattributed,,unattributed Yarn text,unknown,no speaker tag; cannot safely infer,The lighthouse towers above.,The lighthouse towers above.
195,51156735309828100,Narrator / scene text,,narration,inferred,third-/second-person scene description,A floating buoy. It serves to mark safe passage past dangerous rocks and obscured hazards.,A floating buoy. It serves to mark safe passage past dangerous rocks and obscured hazards.
196,51156735309828101,Unattributed,,unattributed Yarn text,unknown,no speaker tag; cannot safely infer,Its dim light also provides a [C1]brief respite[/C1] in the gloom of the night.,Its dim light also provides a [C1]brief respite[/C1] in the gloom of the night.
197,51156735309828102,Unattributed,,unattributed Yarn text,unknown,no speaker tag; cannot safely infer,"From this position in the center of the bay, you can see a spread of islands.","From this position in the center of the bay, you can see a spread of islands."
198,51156735309828103,Unattributed,,unattributed Yarn text,unknown,no speaker tag; cannot safely infer,"Greater Marrow to the West, and its twinned town of Little Marrow to the East.","Greater Marrow to the West, and its twinned town of Little Marrow to the East."
199,51156735309828104,Narrator / scene text,,narration,inferred,third-/second-person scene description,"The islands to the North and South are...unfamilar, but are probably marked on your map.","The islands to the North and South are...unfamilar, but are probably marked on your map."
200,53694989150113792,Ingfell Resident,INGFELL_RESIDENT_NAME_KEY,character speech,explicit,explicit speaker label,What is it?,INGFELL_RESIDENT_NAME_KEY: What is it?
201,53694989196251136,Ingfell Resident,INGFELL_RESIDENT_NAME_KEY,character speech,explicit,explicit speaker label,Anything else?,INGFELL_RESIDENT_NAME_KEY: Anything else?
202,53694989196251137,Player (choice),,player option,inferred,"first-person, question or response text without NPC label",Do you need help with anything?,Do you need help with anything?
203,53694989196251138,Unattributed,,unattributed Yarn text,unknown,no speaker tag; cannot safely infer,Here's the aged Conger Eel you asked for.,Here's the aged Conger Eel you asked for.
204,53694989196251139,Player (choice),,player option,inferred,"first-person, question or response text without NPC label",What can you tell me about the cliffs?,What can you tell me about the cliffs?
205,53694989196251140,Player (choice),,player option,inferred,"first-person, question or response text without NPC label",Do you know of any odd characters around these parts?,Do you know of any odd characters around these parts?
206,53694989196251141,Player (choice),,player option,inferred,"first-person, question or response text without NPC label",Where can I sell my fish here?,Where can I sell my fish here?
207,53694989196251142,Unattributed,,unattributed Yarn text,unknown,no speaker tag; cannot safely infer,Nothing.,Nothing.
208,53694989196251143,Ingfell Resident,INGFELL_RESIDENT_NAME_KEY,character speech,explicit,explicit speaker label,"Many years ago, the cliffs used to be a haven for smugglers and pirates. Legend tells of two pirate lords who used Gale Cliffs as their hideout.","INGFELL_RESIDENT_NAME_KEY: Many years ago, the cliffs used to be a haven for smugglers and pirates. Legend tells of two pirate lords who used Gale Cliffs as their hideout."
209,53694989196251144,Ingfell Resident,INGFELL_RESIDENT_NAME_KEY,character speech,explicit,explicit speaker label,"Supposedly, they got into some disagreement, and a huge battle was fought around the [C0]South[/C0] side of the cliffs. There certainly are a large number of wrecks in that area.","INGFELL_RESIDENT_NAME_KEY: Supposedly, they got into some disagreement, and a huge battle was fought around the [C0]South[/C0] side of the cliffs. There certainly are a large number of wrecks in that area."
210,53694989196251145,Ingfell Resident,INGFELL_RESIDENT_NAME_KEY,character speech,explicit,explicit speaker label,"Both sides were completely destroyed - their [C1]treasure hoards[/C1] left abandoned and unclaimed to this day. I dare say they'd be worth a lot, if anyone knew where to find them...","INGFELL_RESIDENT_NAME_KEY: Both sides were completely destroyed - their [C1]treasure hoards[/C1] left abandoned and unclaimed to this day. I dare say they'd be worth a lot, if anyone knew where to find them..."
211,53694989196251148,Ingfell Resident,INGFELL_RESIDENT_NAME_KEY,character speech,explicit,explicit speaker label,"We catch our fish ourselves here, so we don't have much need for buying any.","INGFELL_RESIDENT_NAME_KEY: We catch our fish ourselves here, so we don't have much need for buying any."
212,53694989196251149,Ingfell Resident,INGFELL_RESIDENT_NAME_KEY,character speech,explicit,explicit speaker label,"But there's a merchant that travels around, she's usually anchored [C0]across the bay[/C0]. She [C0]buys and sells[/C0] almost anything - and she does [C0]repairs[/C0] too.","INGFELL_RESIDENT_NAME_KEY: But there's a merchant that travels around, she's usually anchored [C0]across the bay[/C0]. She [C0]buys and sells[/C0] almost anything - and she does [C0]repairs[/C0] too."
213,53698726484692992,Ingfell Resident,INGFELL_RESIDENT_NAME_KEY,character speech,explicit,explicit speaker label,"I've been trying to prepare a special meal for my partner, but I've been having some issues.","INGFELL_RESIDENT_NAME_KEY: I've been trying to prepare a special meal for my partner, but I've been having some issues."
214,53698726484692993,Ingfell Resident,INGFELL_RESIDENT_NAME_KEY,character speech,explicit,explicit speaker label,"Around here we consider [C2]aged[/C2] [C0]Conger Eels[/C0] to be a particular delicacy. You may say they're '[C2]rotting[/C2]', but they're delicious if prepared correctly.","INGFELL_RESIDENT_NAME_KEY: Around here we consider [C2]aged[/C2] [C0]Conger Eels[/C0] to be a particular delicacy. You may say they're '[C2]rotting[/C2]', but they're delicious if prepared correctly."
215,53698726484692994,Ingfell Resident,INGFELL_RESIDENT_NAME_KEY,character speech,explicit,explicit speaker label,"Normally, we bury them in the ground and allow them to mature. But our dog keeps digging them up and eating them.","INGFELL_RESIDENT_NAME_KEY: Normally, we bury them in the ground and allow them to mature. But our dog keeps digging them up and eating them."
216,53698726484692995,Ingfell Resident,INGFELL_RESIDENT_NAME_KEY,character speech,explicit,explicit speaker label,I can't raise the subject without spoiling the surprise. Can you bring me an [C2]aged[/C2] [C0]Conger Eel[/C0]?,INGFELL_RESIDENT_NAME_KEY: I can't raise the subject without spoiling the surprise. Can you bring me an [C2]aged[/C2] [C0]Conger Eel[/C0]?
217,53698726484692996,Unattributed,,unattributed Yarn text,unknown,no speaker tag; cannot safely infer,"Yes, I can bring you an 'aged' Conger Eel.","Yes, I can bring you an 'aged' Conger Eel."
218,53698726484692997,Ingfell Resident,INGFELL_RESIDENT_NAME_KEY,character speech,explicit,explicit speaker label,Thank you. You'll be decently compensated.,INGFELL_RESIDENT_NAME_KEY: Thank you. You'll be decently compensated.
219,53698726484692998,Player (choice),,player option,inferred,"first-person, question or response text without NPC label","I'm busy, maybe later.","I'm busy, maybe later."
220,53698726484692999,Ingfell Resident,INGFELL_RESIDENT_NAME_KEY,character speech,explicit,explicit speaker label,"Oh, ok.","INGFELL_RESIDENT_NAME_KEY: Oh, ok."
221,53698726484693000,Ingfell Resident,INGFELL_RESIDENT_NAME_KEY,character speech,explicit,explicit speaker label,"I still need that [C2]aged[/C2] [C0]Conger Eel[/C0], if you would be so kind.","INGFELL_RESIDENT_NAME_KEY: I still need that [C2]aged[/C2] [C0]Conger Eel[/C0], if you would be so kind."
222,53698726484693001,Ingfell Resident,INGFELL_RESIDENT_NAME_KEY,character speech,explicit,explicit speaker label,"Perfect! This will do wonderfully. I can offer you a small sum, in thanks.","INGFELL_RESIDENT_NAME_KEY: Perfect! This will do wonderfully. I can offer you a small sum, in thanks."
223,53698726484693002,Ingfell Resident,INGFELL_RESIDENT_NAME_KEY,character speech,explicit,explicit speaker label,Safe travels.,INGFELL_RESIDENT_NAME_KEY: Safe travels.
224,53986564572893184,Castaway,CASTAWAY_NAME_KEY,character speech,explicit,explicit speaker label,"I'm saved! Saved! Oh, you are a sight for these sore eyes.","CASTAWAY_NAME_KEY: I'm saved! Saved! Oh, you are a sight for these sore eyes."
225,53986564623224832,Player (choice),,player option,inferred,"first-person, question or response text without NPC label",What happened?,What happened?
226,53986564623224833,Unattributed,,unattributed Yarn text,unknown,no speaker tag; cannot safely infer,You look terrible. Are you ok?,You look terrible. Are you ok?
227,53986564623224834,Castaway,CASTAWAY_NAME_KEY,character speech,explicit,explicit speaker label,I bet I do! I've certainly felt better. I've been chewing on seaweed and starfish for longer than I'd like.,CASTAWAY_NAME_KEY: I bet I do! I've certainly felt better. I've been chewing on seaweed and starfish for longer than I'd like.
228,53986564623224835,Castaway,CASTAWAY_NAME_KEY,character speech,explicit,explicit speaker label,"I washed up here...oh, it must be some two weeks ago now. We were in rough seas, and when a wave hit us broadside I was jostled overboard and swept away.","CASTAWAY_NAME_KEY: I washed up here...oh, it must be some two weeks ago now. We were in rough seas, and when a wave hit us broadside I was jostled overboard and swept away."
229,53986564623224836,Castaway,CASTAWAY_NAME_KEY,character speech,explicit,explicit speaker label,"I thought my crew would've come to find me by now, but yours is the first ship I've seen pass by here.","CASTAWAY_NAME_KEY: I thought my crew would've come to find me by now, but yours is the first ship I've seen pass by here."
230,53986564623224837,Castaway,CASTAWAY_NAME_KEY,character speech,explicit,explicit speaker label,Did the boys send you looking for me?,CASTAWAY_NAME_KEY: Did the boys send you looking for me?
231,53986564623224838,Player (choice),,player option,inferred,"first-person, question or response text without NPC label",No.,No.
232,53986564623224839,Castaway,CASTAWAY_NAME_KEY,character speech,explicit,explicit speaker label,"Oh, well, I'm sure they're out there lookin' anyways.","CASTAWAY_NAME_KEY: Oh, well, I'm sure they're out there lookin' anyways."
233,53986564623224840,Player (choice),,player option,inferred,"first-person, question or response text without NPC label",Yes.,Yes.
234,53986564623224841,Castaway,CASTAWAY_NAME_KEY,character speech,explicit,explicit speaker label,"That's a relief to hear, I'd thought for sure those sorry sacks would be halfway across the sea with my boat by now.","CASTAWAY_NAME_KEY: That's a relief to hear, I'd thought for sure those sorry sacks would be halfway across the sea with my boat by now."
235,53986564623224842,Castaway,CASTAWAY_NAME_KEY,character speech,explicit,explicit speaker label,"Can you get me to [C0]Little Marrow[/C0], stranger? I should be able to catch them there when they next stop by.","CASTAWAY_NAME_KEY: Can you get me to [C0]Little Marrow[/C0], stranger? I should be able to catch them there when they next stop by."
236,53986564623224843,Unattributed,,unattributed Yarn text,unknown,no speaker tag; cannot safely infer,"Yes, I'll take you to Little Marrow.","Yes, I'll take you to Little Marrow."
237,53986564623224845,Unattributed,,unattributed Yarn text,unknown,no speaker tag; cannot safely infer,Not right now.,Not right now.
238,53986564623224846,Castaway,CASTAWAY_NAME_KEY,character speech,explicit,explicit speaker label,"What, you're just going to leave me here to starve to death?! Curse you!","CASTAWAY_NAME_KEY: What, you're just going to leave me here to starve to death?! Curse you!"
239,53986564623224847,Unattributed,,unattributed Yarn text,unknown,no speaker tag; cannot safely infer,The [C0]Castaway[/C0] climbs aboard.,The [C0]Castaway[/C0] climbs aboard.
240,53986564623224848,Castaway,CASTAWAY_NAME_KEY,character speech,explicit,explicit speaker label,Have you come back for me?,CASTAWAY_NAME_KEY: Have you come back for me?
241,53986564623224849,Castaway,CASTAWAY_NAME_KEY,character speech,explicit,explicit speaker label,"The sweet, rank smell of civilization. I thought I could never miss it.","CASTAWAY_NAME_KEY: The sweet, rank smell of civilization. I thought I could never miss it."
242,53986564623224850,Narrator / scene text,,narration,inferred,third-/second-person scene description,"He turns to you. For someone who has just been saved, he seems gloomy.","He turns to you. For someone who has just been saved, he seems gloomy."
243,53986564623224851,Castaway,CASTAWAY_NAME_KEY,character speech,explicit,explicit speaker label,"I've not got much on me, as you can imagine. And I've a feeling this isn't worth much anymore -- for me, at least. But perhaps it'll be worth something for you.","CASTAWAY_NAME_KEY: I've not got much on me, as you can imagine. And I've a feeling this isn't worth much anymore -- for me, at least. But perhaps it'll be worth something for you."
244,53986564623224852,Narrator / scene text,,narration,inferred,third-/second-person scene description,He removes a [C1]Signet Ring[/C1] from his left hand and presses it into yours. It's emblazoned with a symbol of a captain's wheel.,He removes a [C1]Signet Ring[/C1] from his left hand and presses it into yours. It's emblazoned with a symbol of a captain's wheel.
245,53986564623224853,Castaway,CASTAWAY_NAME_KEY,character speech,explicit,explicit speaker label,"On to better horizons, friend. Farewell.","CASTAWAY_NAME_KEY: On to better horizons, friend. Farewell."
246,53986564623224854,Narrator / scene text,,narration,inferred,third-/second-person scene description,"On the shoreline, partially submerged in a rockpool, is the body of a man. The sun and sea have corrupted his features - it's hard to make out much more than that.","On the shoreline, partially submerged in a rockpool, is the body of a man. The sun and sea have corrupted his features - it's hard to make out much more than that."
247,53986564623224855,Narrator / scene text,,narration,inferred,third-/second-person scene description,"With a grim reverence, you turn the wheel and continue on your way.","With a grim reverence, you turn the wheel and continue on your way."
248,55076055871983616,Narrator / scene text,,narration,inferred,third-/second-person scene description,"You approach a hooded figure. Swathed in dark blue robes, their face is barely visible.","You approach a hooded figure. Swathed in dark blue robes, their face is barely visible."
249,55076055871983617,Hooded Figure 1,HOODED_FIGURE_1_NAME_KEY,character speech,explicit,explicit speaker label,Fisherman...please. Help.,HOODED_FIGURE_1_NAME_KEY: Fisherman...please. Help.
250,55076055871983645,Unattributed,,unattributed Yarn text,unknown,no speaker tag; cannot safely infer,"Something seems off. The hooded figure is slumped, long robes billowing violently.","Something seems off. The hooded figure is slumped, long robes billowing violently."
251,56610378876112896,Travelling Merchant,TRAVELLING_MERCHANT_NAME_KEY,character speech,explicit,explicit speaker label,"Ahoy there! You're a new face - a fisherman I take it? Perfect! Well, we should get along like a house on fire, ha ha!","TRAVELLING_MERCHANT_NAME_KEY: Ahoy there! You're a new face - a fisherman I take it? Perfect! Well, we should get along like a house on fire, ha ha!"
252,56610378922250240,Travelling Merchant,TRAVELLING_MERCHANT_NAME_KEY,character speech,explicit,explicit speaker label,"I'm a traveller and a merchant, all rolled into one! If you have any fish to sell, I'll take 'em on board and sell 'em at the next town I come across.","TRAVELLING_MERCHANT_NAME_KEY: I'm a traveller and a merchant, all rolled into one! If you have any fish to sell, I'll take 'em on board and sell 'em at the next town I come across."
253,56610378922250241,Travelling Merchant,TRAVELLING_MERCHANT_NAME_KEY,character speech,explicit,explicit speaker label,"Likewise, I haul a small cargo of equipment between places. You're welcome to peruse the stock and see if there's anything that takes your fancy.","TRAVELLING_MERCHANT_NAME_KEY: Likewise, I haul a small cargo of equipment between places. You're welcome to peruse the stock and see if there's anything that takes your fancy."
254,56610378922250242,Travelling Merchant,TRAVELLING_MERCHANT_NAME_KEY,character speech,explicit,explicit speaker label,"Now, what'll it be?","TRAVELLING_MERCHANT_NAME_KEY: Now, what'll it be?"
255,56610378922250243,Travelling Merchant,TRAVELLING_MERCHANT_NAME_KEY,character speech,explicit,explicit speaker label,Hey there! What are we doing today? Making repairs? Selling fresh fish? Buying new engines? We can do it all here!,TRAVELLING_MERCHANT_NAME_KEY: Hey there! What are we doing today? Making repairs? Selling fresh fish? Buying new engines? We can do it all here!
256,56610378922250244,Player (choice),,player option,inferred,"first-person, question or response text without NPC label",Let's trade.,Let's trade.
257,56610378922250245,Player (choice),,player option,inferred,"first-person, question or response text without NPC label",I'd like to talk about some things.,I'd like to talk about some things.
258,56610378922250246,Travelling Merchant,TRAVELLING_MERCHANT_NAME_KEY,character speech,explicit,explicit speaker label,Ok!,TRAVELLING_MERCHANT_NAME_KEY: Ok!
259,56610378922250247,Travelling Merchant,TRAVELLING_MERCHANT_NAME_KEY,character speech,explicit,explicit speaker label,What do you want to talk about?,TRAVELLING_MERCHANT_NAME_KEY: What do you want to talk about?
260,56610378922250248,Travelling Merchant,TRAVELLING_MERCHANT_NAME_KEY,character speech,explicit,explicit speaker label,What else do you want to talk about?,TRAVELLING_MERCHANT_NAME_KEY: What else do you want to talk about?
261,56610378922250249,Player (choice),,player option,inferred,"first-person, question or response text without NPC label",Can you tell me about the area?,Can you tell me about the area?
262,56610378922250250,Player (choice),,player option,inferred,"first-person, question or response text without NPC label",Are you always out on the water?,Are you always out on the water?
263,56610378922250251,Player (choice),,player option,inferred,"first-person, question or response text without NPC label",Do you ever see ... strange things out at sea?,Do you ever see ... strange things out at sea?
264,56610378922250252,Unattributed,,unattributed Yarn text,unknown,no speaker tag; cannot safely infer,"Nothing, let's trade.","Nothing, let's trade."
265,56610378922250253,Travelling Merchant,TRAVELLING_MERCHANT_NAME_KEY,character speech,explicit,explicit speaker label,"Oh, these cliffs are always fun to come back to. You never know how much more will have fallen down!","TRAVELLING_MERCHANT_NAME_KEY: Oh, these cliffs are always fun to come back to. You never know how much more will have fallen down!"
266,56610378922250254,Travelling Merchant,TRAVELLING_MERCHANT_NAME_KEY,character speech,explicit,explicit speaker label,"I'm not sure what's doing it, but they're falling apart strangely quickly, if you ask me.","TRAVELLING_MERCHANT_NAME_KEY: I'm not sure what's doing it, but they're falling apart strangely quickly, if you ask me."
267,56610378922250255,Travelling Merchant,TRAVELLING_MERCHANT_NAME_KEY,character speech,explicit,explicit speaker label,There's one old guy still living there though. He must be nuts! Or he must really love his house. Either way: weird!,TRAVELLING_MERCHANT_NAME_KEY: There's one old guy still living there though. He must be nuts! Or he must really love his house. Either way: weird!
268,56610378922250256,Travelling Merchant,TRAVELLING_MERCHANT_NAME_KEY,character speech,explicit,explicit speaker label,"Yeah, always! I like to keep moving along. The merchanting is secondary to the travelling, really. I'm more of a merchanting traveller!","TRAVELLING_MERCHANT_NAME_KEY: Yeah, always! I like to keep moving along. The merchanting is secondary to the travelling, really. I'm more of a merchanting traveller!"
269,56610378922250257,Travelling Merchant,TRAVELLING_MERCHANT_NAME_KEY,character speech,explicit,explicit speaker label,"I get to see a lot of places, which is nice. I also get to meet a lot of people, which is only sometimes nice.","TRAVELLING_MERCHANT_NAME_KEY: I get to see a lot of places, which is nice. I also get to meet a lot of people, which is only sometimes nice."
270,56610378922250258,Travelling Merchant,TRAVELLING_MERCHANT_NAME_KEY,character speech,explicit,explicit speaker label,"Strange things? Plenty! But I try not to dwell on them. You could go crazy, you know? Hah!","TRAVELLING_MERCHANT_NAME_KEY: Strange things? Plenty! But I try not to dwell on them. You could go crazy, you know? Hah!"
271,56610378922250259,Travelling Merchant,TRAVELLING_MERCHANT_NAME_KEY,character speech,explicit,explicit speaker label,"But, hey, if you're seeing strange things ... maybe you're not seeing them the right way? Maybe they're not so strange after all.","TRAVELLING_MERCHANT_NAME_KEY: But, hey, if you're seeing strange things ... maybe you're not seeing them the right way? Maybe they're not so strange after all."
272,56610378922250260,Travelling Merchant,TRAVELLING_MERCHANT_NAME_KEY,character speech,explicit,explicit speaker label,"Or perhaps they are, and they're incredibly dangerous. Better not risk it!","TRAVELLING_MERCHANT_NAME_KEY: Or perhaps they are, and they're incredibly dangerous. Better not risk it!"
273,57576104774406144,Player (choice),,player option,inferred,choice marker,[X] I'll be going now.,[X] I'll be going now.
274,57660747079028736,Narrator / scene text,,narration,inferred,third-/second-person scene description,A short man is shouting orders at a handful of workers disembarking from a boat nearby. The man notices you.,A short man is shouting orders at a handful of workers disembarking from a boat nearby. The man notices you.
275,57660747100000256,Mayor,MAYOR_NAME_KEY,character speech,explicit,explicit speaker label,I'll let you get out there to [C0]catch some fish[/C0]. See if you can fill your cargo while you get your bearings in the light.,MAYOR_NAME_KEY: I'll let you get out there to [C0]catch some fish[/C0]. See if you can fill your cargo while you get your bearings in the light.
276,57660747100000257,Mayor,MAYOR_NAME_KEY,character speech,explicit,explicit speaker label,"As I mentioned earlier, your [C2]old boat was too badly damaged to be repaired[/C2]. However, I'm more than happy to sell you that replacement vessel - [C1]yours to own[/C1].","MAYOR_NAME_KEY: As I mentioned earlier, your [C2]old boat was too badly damaged to be repaired[/C2]. However, I'm more than happy to sell you that replacement vessel - [C1]yours to own[/C1]."
277,57673131445260288,Travelling Merchant,TRAVELLING_MERCHANT_NAME_KEY,character speech,explicit,explicit speaker label,"Ahoy there! You're a new face - a fisherman I take it? Perfect! Well, we should get along like a house on fire, ha ha!","TRAVELLING_MERCHANT_NAME_KEY: Ahoy there! You're a new face - a fisherman I take it? Perfect! Well, we should get along like a house on fire, ha ha!"
278,57673131466231808,Travelling Merchant,TRAVELLING_MERCHANT_NAME_KEY,character speech,explicit,explicit speaker label,"I'm a traveller and a merchant, all rolled into one! If you have any [C0]fish to sell[/C0], I'll take 'em on board and sell 'em at the next town I come across.","TRAVELLING_MERCHANT_NAME_KEY: I'm a traveller and a merchant, all rolled into one! If you have any [C0]fish to sell[/C0], I'll take 'em on board and sell 'em at the next town I come across."
279,57673131466231809,Travelling Merchant,TRAVELLING_MERCHANT_NAME_KEY,character speech,explicit,explicit speaker label,"Likewise, I haul a small cargo of [C0]equipment[/C0] between places. You're welcome to peruse the stock and see if there's anything that takes your fancy.","TRAVELLING_MERCHANT_NAME_KEY: Likewise, I haul a small cargo of [C0]equipment[/C0] between places. You're welcome to peruse the stock and see if there's anything that takes your fancy."
280,57673131466231810,Travelling Merchant,TRAVELLING_MERCHANT_NAME_KEY,character speech,explicit,explicit speaker label,Come and see me when you're ready to trade!,TRAVELLING_MERCHANT_NAME_KEY: Come and see me when you're ready to trade!
281,58722874940379136,Mayor,MAYOR_NAME_KEY,character speech,explicit,explicit speaker label,Are you able to make that delivery for me now?,MAYOR_NAME_KEY: Are you able to make that delivery for me now?
282,58722875024265218,Mayor,MAYOR_NAME_KEY,character speech,explicit,explicit speaker label,"The [C0]Dockworker[/C0] will pay you upon delivery. Please be quick about it, [C2]I don't want it to spoil[/C2].","MAYOR_NAME_KEY: The [C0]Dockworker[/C0] will pay you upon delivery. Please be quick about it, [C2]I don't want it to spoil[/C2]."
283,58722875024265219,Narrator / scene text,,narration,inferred,third-/second-person scene description,"He tears a small hole in the paper and peeks inside. You can't say for sure, but it feels as though he's shielding it from your view.","He tears a small hole in the paper and peeks inside. You can't say for sure, but it feels as though he's shielding it from your view."
284,58722875024265220,Dockworker,DOCKWORKER_NAME_KEY,character speech,explicit,explicit speaker label,"Yeah, nice and fresh. This'll do nicely. I'm to pay you, I suppose?","DOCKWORKER_NAME_KEY: Yeah, nice and fresh. This'll do nicely. I'm to pay you, I suppose?"
285,58722875024265221,Unattributed,,unattributed Yarn text,unknown,no speaker tag; cannot safely infer,He hands you some money.,He hands you some money.
286,58722875024265222,Dockworker,DOCKWORKER_NAME_KEY,character speech,explicit,explicit speaker label,"Ugh, this smells foul. You obviously took your sweet time getting here with this.","DOCKWORKER_NAME_KEY: Ugh, this smells foul. You obviously took your sweet time getting here with this."
287,58722875024265223,Dockworker,DOCKWORKER_NAME_KEY,character speech,explicit,explicit speaker label,"He won't let me pay for a delivery in this state. But, hmm. Maybe I can give you this...","DOCKWORKER_NAME_KEY: He won't let me pay for a delivery in this state. But, hmm. Maybe I can give you this..."
288,66638564550578176,Mayor,MAYOR_NAME_KEY,character speech,explicit,explicit speaker label,"Shipwrecks? Unfortunately, there have been quite a few in recent years. The lighthouse helps, but even it struggles to cut through the fog some nights.","MAYOR_NAME_KEY: Shipwrecks? Unfortunately, there have been quite a few in recent years. The lighthouse helps, but even it struggles to cut through the fog some nights."
289,66638564575744000,Mayor,MAYOR_NAME_KEY,character speech,explicit,explicit speaker label,We do our best to salvage and clear any shipwrecks that occur around this side of the island. That should make fishing a bit easier for you!,MAYOR_NAME_KEY: We do our best to salvage and clear any shipwrecks that occur around this side of the island. That should make fishing a bit easier for you!
290,66638564575744001,Mayor,MAYOR_NAME_KEY,character speech,explicit,explicit speaker label,"Well, I heard that my counterpart in Little Marrow met the most unfortunate end.","MAYOR_NAME_KEY: Well, I heard that my counterpart in Little Marrow met the most unfortunate end."
291,66638564575744002,Mayor,MAYOR_NAME_KEY,character speech,explicit,explicit speaker label,"They say he went mad quite suddenly! One day he was normal, the next, he was pacing the shoreline hurling people's belongings into the sea!","MAYOR_NAME_KEY: They say he went mad quite suddenly! One day he was normal, the next, he was pacing the shoreline hurling people's belongings into the sea!"
292,66638564575744003,Mayor,MAYOR_NAME_KEY,character speech,explicit,explicit speaker label,"After some days like this, he disappeared, never to be seen again! Nowadays, ""The Tale of the Old Mayor"" is used to scare children.","MAYOR_NAME_KEY: After some days like this, he disappeared, never to be seen again! Nowadays, ""The Tale of the Old Mayor"" is used to scare children."
293,66638564575744004,Mayor,MAYOR_NAME_KEY,character speech,explicit,explicit speaker label,"Not many remember him, myself included. And those that do remember don't seem to like talking about it. A most unpleasant subject!","MAYOR_NAME_KEY: Not many remember him, myself included. And those that do remember don't seem to like talking about it. A most unpleasant subject!"
294,66638564575744005,Lighthouse Keeper,LIGHTHOUSE_KEEPER_NAME_KEY,character speech,explicit,explicit speaker label,"So if you're looking for what I think you're looking for, it's best you just move on.","LIGHTHOUSE_KEEPER_NAME_KEY: So if you're looking for what I think you're looking for, it's best you just move on."
295,66638564575744006,Lighthouse Keeper,LIGHTHOUSE_KEEPER_NAME_KEY,character speech,explicit,explicit speaker label,I see plenty of strange things from atop the lighthouse. Sometimes I don't know whether or not I can trust my own eyes.,LIGHTHOUSE_KEEPER_NAME_KEY: I see plenty of strange things from atop the lighthouse. Sometimes I don't know whether or not I can trust my own eyes.
296,66638564575744007,Lighthouse Keeper,LIGHTHOUSE_KEEPER_NAME_KEY,character speech,explicit,explicit speaker label,Are you really standing here in front of me? Or is this just another of the fog's tricks?,LIGHTHOUSE_KEEPER_NAME_KEY: Are you really standing here in front of me? Or is this just another of the fog's tricks?
297,66638564575744008,Lighthouse Keeper,LIGHTHOUSE_KEEPER_NAME_KEY,character speech,explicit,explicit speaker label,That's...he's...I try not to think about him. It's a painful memory for us all.,LIGHTHOUSE_KEEPER_NAME_KEY: That's...he's...I try not to think about him. It's a painful memory for us all.
298,66638564575744009,Lighthouse Keeper,LIGHTHOUSE_KEEPER_NAME_KEY,character speech,explicit,explicit speaker label,But I know he's gone - and I don't want to talk about it any more.,LIGHTHOUSE_KEEPER_NAME_KEY: But I know he's gone - and I don't want to talk about it any more.
299,66638564575744010,Collector,COLLECTOR_NAME_KEY,character speech,explicit,explicit speaker label,"In that case, allow me to aid your travels.","COLLECTOR_NAME_KEY: In that case, allow me to aid your travels."
300,66638564575744011,Narrator / scene text,,narration,inferred,third-/second-person scene description,He turns a few pages in his book and mutters something low under his breath.,He turns a few pages in his book and mutters something low under his breath.
301,66638564575744012,Narrator / scene text,,narration,inferred,third-/second-person scene description,"He runs his fingers firmly along the length of the fish, as though feeling for something. He pushes from one side of its stomach and a small shape can be seen against the bulging scales.","He runs his fingers firmly along the length of the fish, as though feeling for something. He pushes from one side of its stomach and a small shape can be seen against the bulging scales."
302,66638564575744013,Narrator / scene text,,narration,inferred,third-/second-person scene description,He slices the fish open. From its stomach he pulls a small piece of fabric and spreads it on the counter. It's a [C3]delicately patterned Handkerchief[/C3].,He slices the fish open. From its stomach he pulls a small piece of fabric and spreads it on the counter. It's a [C3]delicately patterned Handkerchief[/C3].
303,66638564575744014,Fishmonger,FISHMONGER_NAME_KEY,character speech,explicit,explicit speaker label,"Well, I've never seen that before in all my days. I'll give you this thing, and I'll pay you for the fish too, of course.","FISHMONGER_NAME_KEY: Well, I've never seen that before in all my days. I'll give you this thing, and I'll pay you for the fish too, of course."
304,66638564575744015,Narrator / scene text,,narration,inferred,third-/second-person scene description,A man is looking at you through your cabin window. His face is mostly in shadow.,A man is looking at you through your cabin window. His face is mostly in shadow.
305,66638564575744016,Collector (unidentified in scene),COLLECTOR_UNKNOWN_DOCK_NAME_KEY,character speech,explicit,explicit speaker label,I know what you took to the Fishmonger.,COLLECTOR_UNKNOWN_DOCK_NAME_KEY: I know what you took to the Fishmonger.
306,66638564575744017,Collector (unidentified in scene),COLLECTOR_UNKNOWN_DOCK_NAME_KEY,character speech,explicit,explicit speaker label,And I'll be clear - I know he extracted an artifact from it. I need to inspect it. But not here.,COLLECTOR_UNKNOWN_DOCK_NAME_KEY: And I'll be clear - I know he extracted an artifact from it. I need to inspect it. But not here.
307,66638564575744018,Collector (unidentified in scene),COLLECTOR_UNKNOWN_DOCK_NAME_KEY,character speech,explicit,explicit speaker label,Meet me on [C3]Blackstone Isle[/C3]. Head out of this bay and cut [C1]South[/C1]. I have a business proposition that you'll want to hear.,COLLECTOR_UNKNOWN_DOCK_NAME_KEY: Meet me on [C3]Blackstone Isle[/C3]. Head out of this bay and cut [C1]South[/C1]. I have a business proposition that you'll want to hear.
308,66638564575744019,Collector (unidentified in scene),COLLECTOR_UNKNOWN_DOCK_NAME_KEY,character speech,explicit,explicit speaker label,I'll be waiting.,COLLECTOR_UNKNOWN_DOCK_NAME_KEY: I'll be waiting.
309,66638564575744020,Narrator / scene text,,narration,inferred,third-/second-person scene description,"The man is standing in a doorway, watching you approach. He's holding an old book in one hand. It's bound in crimson, with silver ribbons.","The man is standing in a doorway, watching you approach. He's holding an old book in one hand. It's bound in crimson, with silver ribbons."
310,66638564575744021,Collector (unidentified in scene),COLLECTOR_UNKNOWN_HOUSE_NAME_KEY,character speech,explicit,explicit speaker label,You came. Good. Allow me to introduce myself.,COLLECTOR_UNKNOWN_HOUSE_NAME_KEY: You came. Good. Allow me to introduce myself.
311,66638564575744022,Collector (unidentified in scene),COLLECTOR_UNKNOWN_HOUSE_NAME_KEY,character speech,explicit,explicit speaker label,"I am a collector - of many things; art and artifacts, treasures and truths...and curios that occupy the periphery of desire.","COLLECTOR_UNKNOWN_HOUSE_NAME_KEY: I am a collector - of many things; art and artifacts, treasures and truths...and curios that occupy the periphery of desire."
312,66638564575744023,Collector,COLLECTOR_NAME_KEY,character speech,explicit,explicit speaker label,And you have something for me.,COLLECTOR_NAME_KEY: And you have something for me.
313,66638564575744024,Narrator / scene text,,narration,inferred,third-/second-person scene description,You give the [C3]Handkerchief[/C3] to the Collector. He holds it up to the flickering light and studies it.,You give the [C3]Handkerchief[/C3] to the Collector. He holds it up to the flickering light and studies it.
314,66638564575744026,Collector,COLLECTOR_NAME_KEY,character speech,explicit,explicit speaker label,These patterns are...unmistakeable...even after all this time. This [C3]Handkerchief[/C3] comes from an old ship I've been searching for. It sank many years ago.,COLLECTOR_NAME_KEY: These patterns are...unmistakeable...even after all this time. This [C3]Handkerchief[/C3] comes from an old ship I've been searching for. It sank many years ago.
315,66638564575744027,Collector,COLLECTOR_NAME_KEY,character speech,explicit,explicit speaker label,"It carried items of great importance. As you can imagine, retrieving them is proving to be challenging. That's where you come in.","COLLECTOR_NAME_KEY: It carried items of great importance. As you can imagine, retrieving them is proving to be challenging. That's where you come in."
316,66638564575744028,Collector,COLLECTOR_NAME_KEY,character speech,explicit,explicit speaker label,My proposition is this: I will outfit your vessel with equipment that will let you [C3]dredge the wrecks and dark depths[/C3].,COLLECTOR_NAME_KEY: My proposition is this: I will outfit your vessel with equipment that will let you [C3]dredge the wrecks and dark depths[/C3].
317,66638564575744029,Collector,COLLECTOR_NAME_KEY,character speech,explicit,explicit speaker label,Find me these [C3]lost relics[/C3] and I will [C1]reward you in ways beyond all imagining[/C1].,COLLECTOR_NAME_KEY: Find me these [C3]lost relics[/C3] and I will [C1]reward you in ways beyond all imagining[/C1].
318,66638564575744030,Collector,COLLECTOR_NAME_KEY,character speech,explicit,explicit speaker label,You need not give up your fishing career. I'll merely need a few hours with your vessel to make the necessary alterations. What do you say?,COLLECTOR_NAME_KEY: You need not give up your fishing career. I'll merely need a few hours with your vessel to make the necessary alterations. What do you say?
319,66638564579938304,Dockworker,DOCKWORKER_NAME_KEY,character speech,explicit,explicit speaker label,"That very night, the fog rolled in for the first time - and it has cloaked the seas every night since.","DOCKWORKER_NAME_KEY: That very night, the fog rolled in for the first time - and it has cloaked the seas every night since."
320,66638564579938305,Dockworker,DOCKWORKER_NAME_KEY,character speech,explicit,explicit speaker label,What was in that accursed casket nobody knows. All of the crew that laid eyes on its contents went mad - or worse.,DOCKWORKER_NAME_KEY: What was in that accursed casket nobody knows. All of the crew that laid eyes on its contents went mad - or worse.
321,66638564579938306,Dockworker,DOCKWORKER_NAME_KEY,character speech,explicit,explicit speaker label,"The casket and crew have since disappeared without a trace. But the fog remains. Crazy stuff, huh?","DOCKWORKER_NAME_KEY: The casket and crew have since disappeared without a trace. But the fog remains. Crazy stuff, huh?"
322,66658749214953472,Narrator / scene text,,narration,inferred,third-/second-person scene description,"You don't have the [C3]Handkerchief[/C3] with you. The man seemed interested in it, so you should probably bring it to the meeting.","You don't have the [C3]Handkerchief[/C3] with you. The man seemed interested in it, so you should probably bring it to the meeting."
323,66664618359066624,Dockworker,DOCKWORKER_NAME_KEY,character speech,explicit,explicit speaker label,I overheard a tale in the tavern some years ago. Sounded pretty strange to me.,DOCKWORKER_NAME_KEY: I overheard a tale in the tavern some years ago. Sounded pretty strange to me.
324,66696833407193088,Grieving Father,GRIEVING_FATHER_NAME_KEY,character speech,explicit,explicit speaker label,Hello. Is everything ok?,GRIEVING_FATHER_NAME_KEY: Hello. Is everything ok?
325,66696833423970304,Grieving Father,GRIEVING_FATHER_NAME_KEY,character speech,explicit,explicit speaker label,Anything else I can help you with?,GRIEVING_FATHER_NAME_KEY: Anything else I can help you with?
326,66696833423970305,Player (choice),,player option,inferred,"first-person, question or response text without NPC label",About that belt buckle...,About that belt buckle...
327,66696833423970306,Player (choice),,player option,inferred,"first-person, question or response text without NPC label",Do you know of any shipwrecks around here?,Do you know of any shipwrecks around here?
328,66696833423970307,Player (choice),,player option,inferred,"first-person, question or response text without NPC label",What do you know about any strange occurrences?,What do you know about any strange occurrences?
329,66696833423970308,Player (choice),,player option,inferred,"first-person, question or response text without NPC label",I'd better go.,I'd better go.
330,66696833423970309,Grieving Father,GRIEVING_FATHER_NAME_KEY,character speech,explicit,explicit speaker label,I've told you all I know.,GRIEVING_FATHER_NAME_KEY: I've told you all I know.
331,66696833423970310,Grieving Father,GRIEVING_FATHER_NAME_KEY,character speech,explicit,explicit speaker label,"Well, yes, you see...my only son was lost at sea some years ago.","GRIEVING_FATHER_NAME_KEY: Well, yes, you see...my only son was lost at sea some years ago."
332,66696833423970311,Grieving Father,GRIEVING_FATHER_NAME_KEY,character speech,explicit,explicit speaker label,"He's...still out there, somewhere. In one of those wrecks. All alone in the cold dark water.","GRIEVING_FATHER_NAME_KEY: He's...still out there, somewhere. In one of those wrecks. All alone in the cold dark water."
333,66696833423970312,Narrator / scene text,,narration,inferred,third-/second-person scene description,"The man is clearly trying his hardest to remain composed, but tremors of grief rack his body.","The man is clearly trying his hardest to remain composed, but tremors of grief rack his body."
334,66696833423970313,Grieving Father,GRIEVING_FATHER_NAME_KEY,character speech,explicit,explicit speaker label,I was wondering...I notice you have some dredging equipment installed on your vessel...,GRIEVING_FATHER_NAME_KEY: I was wondering...I notice you have some dredging equipment installed on your vessel...
335,66696833423970314,Grieving Father,GRIEVING_FATHER_NAME_KEY,character speech,explicit,explicit speaker label,If you're able to retrieve any of his belongings from the wreck...I think he'd feel more at peace if his mementos were with me.,GRIEVING_FATHER_NAME_KEY: If you're able to retrieve any of his belongings from the wreck...I think he'd feel more at peace if his mementos were with me.
336,66696833423970315,Grieving Father,GRIEVING_FATHER_NAME_KEY,character speech,explicit,explicit speaker label,"He wore a [C0]Bronze Belt Buckle[/C0], specially engraved. I'd recognize it anywhere. If there's a chance you could find it, I'd be in your debt.","GRIEVING_FATHER_NAME_KEY: He wore a [C0]Bronze Belt Buckle[/C0], specially engraved. I'd recognize it anywhere. If there's a chance you could find it, I'd be in your debt."
337,66696833423970316,Grieving Father,GRIEVING_FATHER_NAME_KEY,character speech,explicit,explicit speaker label,"I don't get out a lot anymore, so I don't see much of what goes on.","GRIEVING_FATHER_NAME_KEY: I don't get out a lot anymore, so I don't see much of what goes on."
338,66696833423970317,Grieving Father,GRIEVING_FATHER_NAME_KEY,character speech,explicit,explicit speaker label,But I do remember the Old Mayor in his final days. What an awful sight it was.,GRIEVING_FATHER_NAME_KEY: But I do remember the Old Mayor in his final days. What an awful sight it was.
339,66696833423970318,Grieving Father,GRIEVING_FATHER_NAME_KEY,character speech,explicit,explicit speaker label,"Screaming and throwing things into the sea. ""[C3]Throw it back,[/C3]"" he would cry, over and over.","GRIEVING_FATHER_NAME_KEY: Screaming and throwing things into the sea. ""[C3]Throw it back,[/C3]"" he would cry, over and over."
340,66696833423970319,Grieving Father,GRIEVING_FATHER_NAME_KEY,character speech,explicit,explicit speaker label,"Begging anyone who would listen. Howling it to the wind. These days, I almost feel like I understand.","GRIEVING_FATHER_NAME_KEY: Begging anyone who would listen. Howling it to the wind. These days, I almost feel like I understand."
341,66696833423970320,Narrator / scene text,,narration,inferred,third-/second-person scene description,"You explain that you found the belt buckle, but lost it again.","You explain that you found the belt buckle, but lost it again."
342,66696833423970321,Grieving Father,GRIEVING_FATHER_NAME_KEY,character speech,explicit,explicit speaker label,You - oh. Well...perhaps that's his way of saying he wishes to remain at sea.,GRIEVING_FATHER_NAME_KEY: You - oh. Well...perhaps that's his way of saying he wishes to remain at sea.
343,66696833423970322,Grieving Father,GRIEVING_FATHER_NAME_KEY,character speech,explicit,explicit speaker label,Thank you for your efforts. Truly.,GRIEVING_FATHER_NAME_KEY: Thank you for your efforts. Truly.
344,66705580196171776,Narrator / scene text,,narration,inferred,third-/second-person scene description,"You explain that you found a belt buckle, but it's currently in your storage.","You explain that you found a belt buckle, but it's currently in your storage."
345,66705580196171777,Grieving Father,GRIEVING_FATHER_NAME_KEY,character speech,explicit,explicit speaker label,"Please, bring it to me. I need to know if it's his.","GRIEVING_FATHER_NAME_KEY: Please, bring it to me. I need to know if it's his."
346,67751478284062722,Travelling Merchant,TRAVELLING_MERCHANT_NAME_KEY,character speech,explicit,explicit speaker label,"I'll still buy fish that aren't totally fresh, but if it's completely turned to [C2]Rot[/C2] I can't pay you anything for it.","TRAVELLING_MERCHANT_NAME_KEY: I'll still buy fish that aren't totally fresh, but if it's completely turned to [C2]Rot[/C2] I can't pay you anything for it."
347,67751478284062723,Travelling Merchant,TRAVELLING_MERCHANT_NAME_KEY,character speech,explicit,explicit speaker label,Hey again - come by for a chat?,TRAVELLING_MERCHANT_NAME_KEY: Hey again - come by for a chat?
348,67751478284062724,Travelling Merchant,TRAVELLING_MERCHANT_NAME_KEY,character speech,explicit,explicit speaker label,Is there anything else you want to talk about?,TRAVELLING_MERCHANT_NAME_KEY: Is there anything else you want to talk about?
349,67751478284062726,Player (choice),,player option,inferred,"first-person, question or response text without NPC label",Are you always out on the water?,Are you always out on the water?
350,67751478284062727,Player (choice),,player option,inferred,"first-person, question or response text without NPC label",Do you ever see strange things out at sea?,Do you ever see strange things out at sea?
351,67751478284062729,Player (choice),,player option,inferred,"first-person, question or response text without NPC label",I'll be going now.,I'll be going now.
352,67751478284062733,Travelling Merchant,TRAVELLING_MERCHANT_NAME_KEY,character speech,explicit,explicit speaker label,"Yeah, always! I like to keep moving along. The merchanting is secondary to the travelling, really. I'm more of a merchanting traveller!","TRAVELLING_MERCHANT_NAME_KEY: Yeah, always! I like to keep moving along. The merchanting is secondary to the travelling, really. I'm more of a merchanting traveller!"
353,67751478284062734,Travelling Merchant,TRAVELLING_MERCHANT_NAME_KEY,character speech,explicit,explicit speaker label,"I get to see a lot of places, which is nice. I also get to meet a lot of people, which is only sometimes nice.","TRAVELLING_MERCHANT_NAME_KEY: I get to see a lot of places, which is nice. I also get to meet a lot of people, which is only sometimes nice."
354,67751478284062735,Travelling Merchant,TRAVELLING_MERCHANT_NAME_KEY,character speech,explicit,explicit speaker label,"Strange things? Plenty! But I try not to dwell on them. You could go crazy, you know? Hah!","TRAVELLING_MERCHANT_NAME_KEY: Strange things? Plenty! But I try not to dwell on them. You could go crazy, you know? Hah!"
355,67751478284062736,Travelling Merchant,TRAVELLING_MERCHANT_NAME_KEY,character speech,explicit,explicit speaker label,"But, hey, if you're seeing strange things...maybe you're not seeing them the right way? Maybe they're not so strange after all.","TRAVELLING_MERCHANT_NAME_KEY: But, hey, if you're seeing strange things...maybe you're not seeing them the right way? Maybe they're not so strange after all."
356,67751478284062737,Travelling Merchant,TRAVELLING_MERCHANT_NAME_KEY,character speech,explicit,explicit speaker label,"Or perhaps they are, and they're incredibly dangerous. Better not risk it!","TRAVELLING_MERCHANT_NAME_KEY: Or perhaps they are, and they're incredibly dangerous. Better not risk it!"
357,68169881381572608,Narrator / scene text,,narration,inferred,third-/second-person scene description,She holds the lantern up so that it shines brightly onto your face.,She holds the lantern up so that it shines brightly onto your face.
358,68169881398349824,Lighthouse Keeper,LIGHTHOUSE_KEEPER_NAME_KEY,character speech,explicit,explicit speaker label,Some nights I still think I can hear the hum of his engines sailing past the bay...,LIGHTHOUSE_KEEPER_NAME_KEY: Some nights I still think I can hear the hum of his engines sailing past the bay...
359,71737740131225600,Fishmonger,FISHMONGER_NAME_KEY,character speech,explicit,explicit speaker label,"I've had a special order come through from a customer. If you can fulfil it, I'll pay you above normal prices.","FISHMONGER_NAME_KEY: I've had a special order come through from a customer. If you can fulfil it, I'll pay you above normal prices."
360,71737740181557248,Player (choice),,player option,inferred,"first-person, question or response text without NPC label",Tell me about the order.,Tell me about the order.
361,71737740181557249,Unattributed,,unattributed Yarn text,unknown,no speaker tag; cannot safely infer,Maybe later - I'm just here on regular business.,Maybe later - I'm just here on regular business.
362,71737740181557250,Fishmonger,FISHMONGER_NAME_KEY,character speech,explicit,explicit speaker label,They asked for [C0]one Gulf Flounder[/C0] and [C0]one Grey Eel[/C0]. Just bring 'em in when you have them.,FISHMONGER_NAME_KEY: They asked for [C0]one Gulf Flounder[/C0] and [C0]one Grey Eel[/C0]. Just bring 'em in when you have them.
363,71737740181557251,Fishmonger,FISHMONGER_NAME_KEY,character speech,explicit,explicit speaker label,You'll need to have a rod that can handle [C0]Shallow[/C0] water fish in order to catch those. The shipwright should be able to sort that for you.,FISHMONGER_NAME_KEY: You'll need to have a rod that can handle [C0]Shallow[/C0] water fish in order to catch those. The shipwright should be able to sort that for you.
364,71737740181557252,Fishmonger,FISHMONGER_NAME_KEY,character speech,explicit,explicit speaker label,Have you got any fish for that order?,FISHMONGER_NAME_KEY: Have you got any fish for that order?
365,71737740181557253,Player (choice),,player option,inferred,"first-person, question or response text without NPC label",Yes.,Yes.
366,71737740181557254,Unattributed,,unattributed Yarn text,unknown,no speaker tag; cannot safely infer,Not right now.,Not right now.
367,71737740181557255,Narrator / scene text,,narration,inferred,third-/second-person scene description,The Fishmonger wraps up the fish and hands you some money.,The Fishmonger wraps up the fish and hands you some money.
368,71737740181557256,Fishmonger,FISHMONGER_NAME_KEY,character speech,explicit,explicit speaker label,"Good, good. They should be pleased with these.","FISHMONGER_NAME_KEY: Good, good. They should be pleased with these."
369,71737740181557257,Fishmonger,FISHMONGER_NAME_KEY,character speech,explicit,explicit speaker label,I've got another order here. This one's a little more curious. They want [C0]a couple of Squid[/C0] and [C0]a whole Black Grouper[/C0].,FISHMONGER_NAME_KEY: I've got another order here. This one's a little more curious. They want [C0]a couple of Squid[/C0] and [C0]a whole Black Grouper[/C0].
370,71737740181557258,Fishmonger,FISHMONGER_NAME_KEY,character speech,explicit,explicit speaker label,"Don't see many people fishing squid these days - [C0]they only feed at night[/C0], and well, you know what nights are like 'round here. Good luck.","FISHMONGER_NAME_KEY: Don't see many people fishing squid these days - [C0]they only feed at night[/C0], and well, you know what nights are like 'round here. Good luck."
371,71737740181557259,Fishmonger,FISHMONGER_NAME_KEY,character speech,explicit,explicit speaker label,Have you got any fish for that order?,FISHMONGER_NAME_KEY: Have you got any fish for that order?
372,71737740181557260,Player (choice),,player option,inferred,"first-person, question or response text without NPC label",Yes.,Yes.
373,71737740181557261,Unattributed,,unattributed Yarn text,unknown,no speaker tag; cannot safely infer,Not right now.,Not right now.
374,71737740181557262,Narrator / scene text,,narration,inferred,third-/second-person scene description,The Fishmonger wraps up the fish and hands you some money.,The Fishmonger wraps up the fish and hands you some money.
375,71737740181557263,Fishmonger,FISHMONGER_NAME_KEY,character speech,explicit,explicit speaker label,I didn't think you had it in you; night fishing is a tall order.,FISHMONGER_NAME_KEY: I didn't think you had it in you; night fishing is a tall order.
376,71737740181557264,Fishmonger,FISHMONGER_NAME_KEY,character speech,explicit,explicit speaker label,Been meaning to talk to you about a new business venture I've been considering - [C0]Crab Pots[/C0].,FISHMONGER_NAME_KEY: Been meaning to talk to you about a new business venture I've been considering - [C0]Crab Pots[/C0].
377,71737740181557265,Fishmonger,FISHMONGER_NAME_KEY,character speech,explicit,explicit speaker label,"Should be pretty straightforward. Just [C0]drop it out at sea anywhere[/C0], then come back after a day or two to check on it.","FISHMONGER_NAME_KEY: Should be pretty straightforward. Just [C0]drop it out at sea anywhere[/C0], then come back after a day or two to check on it."
378,71737740181557269,Narrator / scene text,,narration,inferred,third-/second-person scene description,The Fishmonger wraps up the crabs and hands you some money.,The Fishmonger wraps up the crabs and hands you some money.
379,71737740181557270,Fishmonger,FISHMONGER_NAME_KEY,character speech,explicit,explicit speaker label,"These'll do. Glad you got some use out of that old pot. You can always [C0]buy more here[/C0], or [C1]repair damaged ones at the Shipyard[/C1].","FISHMONGER_NAME_KEY: These'll do. Glad you got some use out of that old pot. You can always [C0]buy more here[/C0], or [C1]repair damaged ones at the Shipyard[/C1]."
380,71737740181557272,Fishmonger,FISHMONGER_NAME_KEY,character speech,explicit,explicit speaker label,"I have one final request for you. As you've seen, some fish around here can develop odd...[C3]deformities[/C3].","FISHMONGER_NAME_KEY: I have one final request for you. As you've seen, some fish around here can develop odd...[C3]deformities[/C3]."
381,71737740181557273,Fishmonger,FISHMONGER_NAME_KEY,character speech,explicit,explicit speaker label,What do you think happens to a person that eats the flesh of one of these mutants?,FISHMONGER_NAME_KEY: What do you think happens to a person that eats the flesh of one of these mutants?
382,71737740181557274,Unattributed,,unattributed Yarn text,unknown,no speaker tag; cannot safely infer,Nothing.,Nothing.
383,71737740181557275,Unattributed,,unattributed Yarn text,unknown,no speaker tag; cannot safely infer,They go mad.,They go mad.
384,71737740181557276,Unattributed,,unattributed Yarn text,unknown,no speaker tag; cannot safely infer,They get sick.,They get sick.
385,71737740181557277,Fishmonger,FISHMONGER_NAME_KEY,character speech,explicit,explicit speaker label,Well...perhaps. But I want to know for sure. Bring me a mutant fish - any will do. Just...keep this between the two of us.,FISHMONGER_NAME_KEY: Well...perhaps. But I want to know for sure. Bring me a mutant fish - any will do. Just...keep this between the two of us.
386,71737740181557278,Fishmonger,FISHMONGER_NAME_KEY,character speech,explicit,explicit speaker label,Have you got any of those mutants with you now?,FISHMONGER_NAME_KEY: Have you got any of those mutants with you now?
387,71737740181557279,Player (choice),,player option,inferred,"first-person, question or response text without NPC label",Yes.,Yes.
388,71737740181557280,Unattributed,,unattributed Yarn text,unknown,no speaker tag; cannot safely infer,Not right now.,Not right now.
389,71737740181557281,Narrator / scene text,,narration,inferred,third-/second-person scene description,"The Fishmonger takes the aberrated fish from you. He clutches it close to his chest, wringing his hands around its slimy body.","The Fishmonger takes the aberrated fish from you. He clutches it close to his chest, wringing his hands around its slimy body."
390,71737740181557282,Fishmonger,FISHMONGER_NAME_KEY,character speech,explicit,explicit speaker label,Yes...this should do nicely. Here's what the fish is worth. And why don't you take these too - they're of no use to me.,FISHMONGER_NAME_KEY: Yes...this should do nicely. Here's what the fish is worth. And why don't you take these too - they're of no use to me.
391,71737740181557283,Fishmonger,FISHMONGER_NAME_KEY,character speech,explicit,explicit speaker label,Hmm? Do you hear that? It sounds like...the [C3]faintest whispering[/C3]...,FISHMONGER_NAME_KEY: Hmm? Do you hear that? It sounds like...the [C3]faintest whispering[/C3]...
392,71737740181557284,Unattributed,,unattributed Yarn text,unknown,no speaker tag; cannot safely infer,You listen.,You listen.
393,71737740181557285,Unattributed,,unattributed Yarn text,unknown,no speaker tag; cannot safely infer,Silence.,Silence.
394,71737740181557286,Narrator / scene text,,narration,inferred,third-/second-person scene description,"In the stillness of the room, the Fishmonger's hands begin to tremble.","In the stillness of the room, the Fishmonger's hands begin to tremble."
395,71737740181557287,Unattributed,,unattributed Yarn text,unknown,no speaker tag; cannot safely infer,His face grows anguished.,His face grows anguished.
396,71737740181557288,Fishmonger,FISHMONGER_NAME_KEY,character speech,explicit,explicit speaker label,"Please. Sell what you need, then leave. I must deal with this creature. Quickly now!","FISHMONGER_NAME_KEY: Please. Sell what you need, then leave. I must deal with this creature. Quickly now!"
397,71737740181557289,Narrator / scene text,,narration,inferred,third-/second-person scene description,The Fishmonger's door slams behind you. You hear the heavy scraping of a metal bar sliding across it.,The Fishmonger's door slams behind you. You hear the heavy scraping of a metal bar sliding across it.
398,71737740181557290,Narrator / scene text,,narration,inferred,third-/second-person scene description,The Fishmonger's door is barred from the inside.,The Fishmonger's door is barred from the inside.
399,71737740181557291,Fishmonger,FISHMONGER_NAME_KEY,character speech,explicit,explicit speaker label,"Ugh...blinding headache today. Did you come by yesterday? I don't recall... Anyway, what can I do for you?","FISHMONGER_NAME_KEY: Ugh...blinding headache today. Did you come by yesterday? I don't recall... Anyway, what can I do for you?"
400,71745170072326144,Fishmonger,FISHMONGER_NAME_KEY,character speech,explicit,explicit speaker label,Alright.,FISHMONGER_NAME_KEY: Alright.
401,71745170072326145,Unattributed,,unattributed Yarn text,unknown,no speaker tag; cannot safely infer,You hold on to the fish for now.,You hold on to the fish for now.
402,71745170072326146,Unattributed,,unattributed Yarn text,unknown,no speaker tag; cannot safely infer,You hold on to the fish for now.,You hold on to the fish for now.
403,71745170072326148,Unattributed,,unattributed Yarn text,unknown,no speaker tag; cannot safely infer,You hold onto the aberration for now.,You hold onto the aberration for now.
404,73248624137654272,Ingfell Resident,INGFELL_RESIDENT_NAME_KEY,character speech,explicit,explicit speaker label,Have you heard the tale of Magran? He was an old whaler from these parts.,INGFELL_RESIDENT_NAME_KEY: Have you heard the tale of Magran? He was an old whaler from these parts.
405,73248624187985920,Ingfell Resident,INGFELL_RESIDENT_NAME_KEY,character speech,explicit,explicit speaker label,"As the whales got more scarce, the crews spent longer and longer at sea trying to find them. Magran, it seems, wasn't cut out for this.","INGFELL_RESIDENT_NAME_KEY: As the whales got more scarce, the crews spent longer and longer at sea trying to find them. Magran, it seems, wasn't cut out for this."
406,73248624187985921,Ingfell Resident,INGFELL_RESIDENT_NAME_KEY,character speech,explicit,explicit speaker label,He formed an...unnatural attachment to a scroll he found on one of these trips.,INGFELL_RESIDENT_NAME_KEY: He formed an...unnatural attachment to a scroll he found on one of these trips.
407,73248624187985922,Ingfell Resident,INGFELL_RESIDENT_NAME_KEY,character speech,explicit,explicit speaker label,"He says the scroll told him how to become immortal by eating mutated fish. People started calling him ""[C0]Magran The Fishman[/C0]"".","INGFELL_RESIDENT_NAME_KEY: He says the scroll told him how to become immortal by eating mutated fish. People started calling him ""[C0]Magran The Fishman[/C0]""."
408,73248624187985923,Ingfell Resident,INGFELL_RESIDENT_NAME_KEY,character speech,explicit,explicit speaker label,"One day, the town awoke to find all the boats' nets and lines had been slashed in the night. And old Magran was nowhere to be found - nor has he been seen since.","INGFELL_RESIDENT_NAME_KEY: One day, the town awoke to find all the boats' nets and lines had been slashed in the night. And old Magran was nowhere to be found - nor has he been seen since."
409,73248624187985924,Hermit,HERMIT_NAME_KEY,character speech,explicit,explicit speaker label,Hello again...what can I do for you?,HERMIT_NAME_KEY: Hello again...what can I do for you?
410,73248624187985925,Hermit,HERMIT_NAME_KEY,character speech,explicit,explicit speaker label,What else do you want to know?,HERMIT_NAME_KEY: What else do you want to know?
411,73248624187985926,Unattributed,,unattributed Yarn text,unknown,no speaker tag; cannot safely infer,This place doesn't seem safe. Why do you live here?,This place doesn't seem safe. Why do you live here?
412,73248624187985927,Narrator / scene text,,narration,inferred,third-/second-person scene description,Your brother forgives you. He's found you a place to stay.,Your brother forgives you. He's found you a place to stay.
413,73248624187985929,Player (choice),,player option,inferred,"first-person, question or response text without NPC label",Do you know of any shipwrecks around here?,Do you know of any shipwrecks around here?
414,73248624187985930,Player (choice),,player option,inferred,"first-person, question or response text without NPC label",What's happening to these cliffs?,What's happening to these cliffs?
415,73248624187985931,Hermit,HERMIT_NAME_KEY,character speech,explicit,explicit speaker label,Someone that used to live here kept their ship moored at the base of the cliff...until it was struck by some falling rocks and sunk to the bottom.,HERMIT_NAME_KEY: Someone that used to live here kept their ship moored at the base of the cliff...until it was struck by some falling rocks and sunk to the bottom.
416,73248624187985932,Hermit,HERMIT_NAME_KEY,character speech,explicit,explicit speaker label,"They were devastated at the loss - we all were - it was a beautiful boat, decorated with all manner of memorabilia from their travels.","HERMIT_NAME_KEY: They were devastated at the loss - we all were - it was a beautiful boat, decorated with all manner of memorabilia from their travels."
417,73248624187985933,Hermit,HERMIT_NAME_KEY,character speech,explicit,explicit speaker label,"At low tide, I can still see what's left of the masthead, poking through the waves.","HERMIT_NAME_KEY: At low tide, I can still see what's left of the masthead, poking through the waves."
418,73248624187985934,Hermit,HERMIT_NAME_KEY,character speech,explicit,explicit speaker label,They're being consumed from the core by that [C3]hateful serpent[/C3] - have you seen it?,HERMIT_NAME_KEY: They're being consumed from the core by that [C3]hateful serpent[/C3] - have you seen it?
419,73248624187985935,Hermit,HERMIT_NAME_KEY,character speech,explicit,explicit speaker label,"Nobody believed me. Not until it started devouring our foundations, opening up chasms beneath our homes.","HERMIT_NAME_KEY: Nobody believed me. Not until it started devouring our foundations, opening up chasms beneath our homes."
420,73248624187985936,Hermit,HERMIT_NAME_KEY,character speech,explicit,explicit speaker label,It was nightmarish - waking in the night to the sound of a creature slithering somewhere underneath.,HERMIT_NAME_KEY: It was nightmarish - waking in the night to the sound of a creature slithering somewhere underneath.
421,73248624187985937,Hermit,HERMIT_NAME_KEY,character speech,explicit,explicit speaker label,It seems to have turned its attention elsewhere...but not before it took everything from me.,HERMIT_NAME_KEY: It seems to have turned its attention elsewhere...but not before it took everything from me.
422,73248624187985938,Hermit,HERMIT_NAME_KEY,character speech,explicit,explicit speaker label,"Aye...I've been stubbornly holding out here for quite some time. Truth be told, I've been reconsidering my position lately.","HERMIT_NAME_KEY: Aye...I've been stubbornly holding out here for quite some time. Truth be told, I've been reconsidering my position lately."
423,73248624187985939,Hermit,HERMIT_NAME_KEY,character speech,explicit,explicit speaker label,I have been happy here for so long. My wife and I had such a beautiful life. Until the collapse.,HERMIT_NAME_KEY: I have been happy here for so long. My wife and I had such a beautiful life. Until the collapse.
424,73248624187985940,Hermit,HERMIT_NAME_KEY,character speech,explicit,explicit speaker label,"Now I'm alone, and cut off by land and sea - left only with these trembling rocks on all sides.","HERMIT_NAME_KEY: Now I'm alone, and cut off by land and sea - left only with these trembling rocks on all sides."
425,73248624187985941,Player (choice),,player option,inferred,"first-person, question or response text without NPC label",I could help you move to Ingfell.,I could help you move to Ingfell.
426,73248624187985942,Player (choice),,player option,inferred,"first-person, question or response text without NPC label",I'm sorry to hear that.,I'm sorry to hear that.
427,73248624187985943,Hermit,HERMIT_NAME_KEY,character speech,explicit,explicit speaker label,Hmmph.,HERMIT_NAME_KEY: Hmmph.
428,73248624187985947,Hermit,HERMIT_NAME_KEY,character speech,explicit,explicit speaker label,"Right. Well. I'm packed, and ready to go.","HERMIT_NAME_KEY: Right. Well. I'm packed, and ready to go."
429,73248624187985948,Narrator / scene text,,narration,inferred,third-/second-person scene description,The Hermit climbs aboard with all of his belongings.,The Hermit climbs aboard with all of his belongings.
430,73248624187985949,Hermit,HERMIT_NAME_KEY,character speech,explicit,explicit speaker label,Not enough space for me and my things? I can wait for you to make some room.,HERMIT_NAME_KEY: Not enough space for me and my things? I can wait for you to make some room.
431,73248624187985954,Retired Whaler,RETIRED_WHALER_NAME_KEY,character speech,explicit,explicit speaker label,What is it?,RETIRED_WHALER_NAME_KEY: What is it?
432,73248624187985955,Retired Whaler,RETIRED_WHALER_NAME_KEY,character speech,explicit,explicit speaker label,Anything else?,RETIRED_WHALER_NAME_KEY: Anything else?
433,73248624187985957,Player (choice),,player option,inferred,"first-person, question or response text without NPC label",Where did you say the explosives were?,Where did you say the explosives were?
434,73248624187985959,Player (choice),,player option,inferred,"first-person, question or response text without NPC label",Are there any shipwrecks around here?,Are there any shipwrecks around here?
435,73248624187985960,Unattributed,,unattributed Yarn text,unknown,no speaker tag; cannot safely infer,Have you heard about any strange things in the area?,Have you heard about any strange things in the area?
436,73248624187985961,Player (choice),,player option,inferred,"first-person, question or response text without NPC label",What can you tell me about Ingfell?,What can you tell me about Ingfell?
437,73248624187985962,Unattributed,,unattributed Yarn text,unknown,no speaker tag; cannot safely infer,Nothing. See you.,Nothing. See you.
438,73248624187985963,Retired Whaler,RETIRED_WHALER_NAME_KEY,character speech,explicit,explicit speaker label,The real wreck around here is the settlement at Gale Cliffs.,RETIRED_WHALER_NAME_KEY: The real wreck around here is the settlement at Gale Cliffs.
439,73248624187985966,Retired Whaler,RETIRED_WHALER_NAME_KEY,character speech,explicit,explicit speaker label,"Some time ago, just after the last whale was brought in, there was a sudden exodus from Gale Cliffs.","RETIRED_WHALER_NAME_KEY: Some time ago, just after the last whale was brought in, there was a sudden exodus from Gale Cliffs."
440,73248624187985967,Retired Whaler,RETIRED_WHALER_NAME_KEY,character speech,explicit,explicit speaker label,"Dozens of ships sailed past, packed up and hurrying away north as fast they could.","RETIRED_WHALER_NAME_KEY: Dozens of ships sailed past, packed up and hurrying away north as fast they could."
441,73248624187985968,Retired Whaler,RETIRED_WHALER_NAME_KEY,character speech,explicit,explicit speaker label,They were waving and shouting something at us from their boats - but we couldn't make it out.,RETIRED_WHALER_NAME_KEY: They were waving and shouting something at us from their boats - but we couldn't make it out.
442,73248624187985969,Retired Whaler,RETIRED_WHALER_NAME_KEY,character speech,explicit,explicit speaker label,Never did see or hear of them since.,RETIRED_WHALER_NAME_KEY: Never did see or hear of them since.
443,73248624187985970,Retired Whaler,RETIRED_WHALER_NAME_KEY,character speech,explicit,explicit speaker label,"Ingfell used to be a whaling town - emphasis on the ""used to be"". We would go out, bring in a carcass and then the rest of the town would get to work.","RETIRED_WHALER_NAME_KEY: Ingfell used to be a whaling town - emphasis on the ""used to be"". We would go out, bring in a carcass and then the rest of the town would get to work."
444,73248624187985971,Retired Whaler,RETIRED_WHALER_NAME_KEY,character speech,explicit,explicit speaker label,But the whales got scarce some twenty years ago - and now look at us. Barely scraping by for a new candle.,RETIRED_WHALER_NAME_KEY: But the whales got scarce some twenty years ago - and now look at us. Barely scraping by for a new candle.
445,73248624187985975,Retired Whaler,RETIRED_WHALER_NAME_KEY,character speech,explicit,explicit speaker label,"See, I've been trying to [C0]clear some debris[/C0] in the pathways through the cliffs [C1]to make a shortcut[/C1]. With explosives.","RETIRED_WHALER_NAME_KEY: See, I've been trying to [C0]clear some debris[/C0] in the pathways through the cliffs [C1]to make a shortcut[/C1]. With explosives."
446,73248624187985976,Retired Whaler,RETIRED_WHALER_NAME_KEY,character speech,explicit,explicit speaker label,"I was able to set a charge, but the cliffs seemed particularly unsteady that day, so I didn't risk detonating it.","RETIRED_WHALER_NAME_KEY: I was able to set a charge, but the cliffs seemed particularly unsteady that day, so I didn't risk detonating it."
447,73248624187985977,Retired Whaler,RETIRED_WHALER_NAME_KEY,character speech,explicit,explicit speaker label,"You just need to get in there and set it off. It's not far in - I left some yellow flags nearby, you can't miss it.","RETIRED_WHALER_NAME_KEY: You just need to get in there and set it off. It's not far in - I left some yellow flags nearby, you can't miss it."
448,73248624187985979,Retired Whaler,RETIRED_WHALER_NAME_KEY,character speech,explicit,explicit speaker label,"Head through the rock arch to the [C0]South-East[/C0]. Follow the channel, and you'll see the yellow flags on the right.","RETIRED_WHALER_NAME_KEY: Head through the rock arch to the [C0]South-East[/C0]. Follow the channel, and you'll see the yellow flags on the right."
449,73248624187985980,Retired Whaler,RETIRED_WHALER_NAME_KEY,character speech,explicit,explicit speaker label,"You've done it - we heard the blast from here! Gods, the echo. I'm surprised the cliffs didn't come down on your head.","RETIRED_WHALER_NAME_KEY: You've done it - we heard the blast from here! Gods, the echo. I'm surprised the cliffs didn't come down on your head."
450,73248624187985981,Retired Whaler,RETIRED_WHALER_NAME_KEY,character speech,explicit,explicit speaker label,I've got things ready here. [C0]Go and tell my brother[/C0]...that he can come home.,RETIRED_WHALER_NAME_KEY: I've got things ready here. [C0]Go and tell my brother[/C0]...that he can come home.
451,73255230837542912,Unattributed,,unattributed Yarn text,unknown,no speaker tag; cannot safely infer,"Nothing, I'll be off now.","Nothing, I'll be off now."
452,73255230845931520,Retired Whaler,RETIRED_WHALER_NAME_KEY,character speech,explicit,explicit speaker label,Come for some more [C0]Packed Explosives[/C0]?,RETIRED_WHALER_NAME_KEY: Come for some more [C0]Packed Explosives[/C0]?
453,73262937019699201,Retired Whaler,RETIRED_WHALER_NAME_KEY,character speech,explicit,explicit speaker label,Come by the old [C0]Whaling Yards[/C0] anytime.,RETIRED_WHALER_NAME_KEY: Come by the old [C0]Whaling Yards[/C0] anytime.
454,73572393012088832,Player (choice),,player option,inferred,"first-person, question or response text without NPC label",Do you need help with anything?,Do you need help with anything?
455,73572393058226176,Player (choice),,player option,inferred,"first-person, question or response text without NPC label",About those rare fish you wanted me to find...,About those rare fish you wanted me to find...
456,73572393058226177,Travelling Merchant,TRAVELLING_MERCHANT_NAME_KEY,character speech,explicit,explicit speaker label,Assistance from an angler? Absolutely! I've been trying to collect records of where each species of fish is located.,TRAVELLING_MERCHANT_NAME_KEY: Assistance from an angler? Absolutely! I've been trying to collect records of where each species of fish is located.
457,73572393058226178,Travelling Merchant,TRAVELLING_MERCHANT_NAME_KEY,character speech,explicit,explicit speaker label,"I've figured out most of them on my travels so far, but there are a few I haven't been able to track down. Reckon you could share your info with me?","TRAVELLING_MERCHANT_NAME_KEY: I've figured out most of them on my travels so far, but there are a few I haven't been able to track down. Reckon you could share your info with me?"
458,73572393058226179,Unattributed,,unattributed Yarn text,unknown,no speaker tag; cannot safely infer,"Sure, I can help with that.","Sure, I can help with that."
459,73572393058226180,Unattributed,,unattributed Yarn text,unknown,no speaker tag; cannot safely infer,Not right now.,Not right now.
460,73572393058226181,Travelling Merchant,TRAVELLING_MERCHANT_NAME_KEY,character speech,explicit,explicit speaker label,"I know a little about each species already, so maybe I can point you in the right direction.","TRAVELLING_MERCHANT_NAME_KEY: I know a little about each species already, so maybe I can point you in the right direction."
461,73572393058226182,Travelling Merchant,TRAVELLING_MERCHANT_NAME_KEY,character speech,explicit,explicit speaker label,What did you want to know?,TRAVELLING_MERCHANT_NAME_KEY: What did you want to know?
462,73572393058226183,Travelling Merchant,TRAVELLING_MERCHANT_NAME_KEY,character speech,explicit,explicit speaker label,What about the other fish?,TRAVELLING_MERCHANT_NAME_KEY: What about the other fish?
463,73572393058226184,Player (choice),,player option,inferred,"first-person, question or response text without NPC label",Tell me about Oarfish.,Tell me about Oarfish.
464,73572393058226185,Travelling Merchant,TRAVELLING_MERCHANT_NAME_KEY,character speech,explicit,explicit speaker label,"Given that the [C0]Oarfish[/C0] has a long and fragile body, I suspect they'll live in reasonably deep, but calm water. Maybe the shelter of [C0]Gale Cliffs[/C0] would suit them?","TRAVELLING_MERCHANT_NAME_KEY: Given that the [C0]Oarfish[/C0] has a long and fragile body, I suspect they'll live in reasonably deep, but calm water. Maybe the shelter of [C0]Gale Cliffs[/C0] would suit them?"
465,73572393058226186,Player (choice),,player option,inferred,"first-person, question or response text without NPC label",I found an Oarfish.,I found an Oarfish.
466,73572393058226187,Travelling Merchant,TRAVELLING_MERCHANT_NAME_KEY,character speech,explicit,explicit speaker label,"That's great news! I'll add it to my records. Here, take this - I'm sure you'll find some use for it.","TRAVELLING_MERCHANT_NAME_KEY: That's great news! I'll add it to my records. Here, take this - I'm sure you'll find some use for it."
467,73572393058226188,Player (choice),,player option,inferred,"first-person, question or response text without NPC label",Tell me about Gulper Eels.,Tell me about Gulper Eels.
468,73572393058226189,Travelling Merchant,TRAVELLING_MERCHANT_NAME_KEY,character speech,explicit,explicit speaker label,I know that [C0]Gulper Eels[/C0] live at the [C0]deepest depths imaginable[/C0]. You'll have to get some specialist gear to catch one of those.,TRAVELLING_MERCHANT_NAME_KEY: I know that [C0]Gulper Eels[/C0] live at the [C0]deepest depths imaginable[/C0]. You'll have to get some specialist gear to catch one of those.
469,73572393058226190,Player (choice),,player option,inferred,"first-person, question or response text without NPC label",I found a Gulper Eel.,I found a Gulper Eel.
470,73572393058226191,Travelling Merchant,TRAVELLING_MERCHANT_NAME_KEY,character speech,explicit,explicit speaker label,"That's great news! I'll add it to my records. Here, take this - I'm sure you'll find some use for it.","TRAVELLING_MERCHANT_NAME_KEY: That's great news! I'll add it to my records. Here, take this - I'm sure you'll find some use for it."
471,73572393058226192,Player (choice),,player option,inferred,"first-person, question or response text without NPC label",Tell me about Goliath Tigerfish.,Tell me about Goliath Tigerfish.
472,73572393058226193,Travelling Merchant,TRAVELLING_MERCHANT_NAME_KEY,character speech,explicit,explicit speaker label,"These guys are legitimately scary! They hunt in [C0]murky, swampy waters[/C0], using the shade of trees as cover.","TRAVELLING_MERCHANT_NAME_KEY: These guys are legitimately scary! They hunt in [C0]murky, swampy waters[/C0], using the shade of trees as cover."
473,73572393058226194,Player (choice),,player option,inferred,"first-person, question or response text without NPC label",I found a Goliath Tigerfish.,I found a Goliath Tigerfish.
474,73572393058226195,Travelling Merchant,TRAVELLING_MERCHANT_NAME_KEY,character speech,explicit,explicit speaker label,"That's great news! I'll add it to my records. Here, take this - I'm sure you'll find some use for it.","TRAVELLING_MERCHANT_NAME_KEY: That's great news! I'll add it to my records. Here, take this - I'm sure you'll find some use for it."
475,73572393058226196,Player (choice),,player option,inferred,"first-person, question or response text without NPC label",Tell me about Coelacanths.,Tell me about Coelacanths.
476,73572393058226197,Travelling Merchant,TRAVELLING_MERCHANT_NAME_KEY,character speech,explicit,explicit speaker label,"Actually, I have no idea where [C0]Coelacanths[/C0] might be. But they have a [C0]primordial feel[/C0] to them, don't you think?","TRAVELLING_MERCHANT_NAME_KEY: Actually, I have no idea where [C0]Coelacanths[/C0] might be. But they have a [C0]primordial feel[/C0] to them, don't you think?"
477,73572393058226198,Player (choice),,player option,inferred,"first-person, question or response text without NPC label",I found a Coelacanth.,I found a Coelacanth.
478,73572393058226199,Travelling Merchant,TRAVELLING_MERCHANT_NAME_KEY,character speech,explicit,explicit speaker label,"That's great news! I'll add it to my records. Here, take this - I'm sure you'll find some use for it.","TRAVELLING_MERCHANT_NAME_KEY: That's great news! I'll add it to my records. Here, take this - I'm sure you'll find some use for it."
479,73572393058226200,Player (choice),,player option,inferred,"first-person, question or response text without NPC label",I've got all the information I need.,I've got all the information I need.
480,73572393058226201,Travelling Merchant,TRAVELLING_MERCHANT_NAME_KEY,character speech,explicit,explicit speaker label,"That's...that's all of them, wow! I never thought I'd complete these records.","TRAVELLING_MERCHANT_NAME_KEY: That's...that's all of them, wow! I never thought I'd complete these records."
481,73599369877835776,Travelling Merchant,TRAVELLING_MERCHANT_NAME_KEY,character speech,explicit,explicit speaker label,"Great! The fish I have left to track down are: [C0]Oarfish[/C0], [C0]Gulper Eel[/C0], [C0]Goliath Tigerfish[/C0] and [C0]Coelacanth[/C0].","TRAVELLING_MERCHANT_NAME_KEY: Great! The fish I have left to track down are: [C0]Oarfish[/C0], [C0]Gulper Eel[/C0], [C0]Goliath Tigerfish[/C0] and [C0]Coelacanth[/C0]."
482,73989035164618752,Collector,COLLECTOR_NAME_KEY,character speech,explicit,explicit speaker label,So you've returned. I wasn't sure you were coming back.,COLLECTOR_NAME_KEY: So you've returned. I wasn't sure you were coming back.
483,73989035210756096,Narrator / scene text,,narration,inferred,third-/second-person scene description,"You drag the massive music box into the room, gouging the wooden floorboards beneath it. The Collector doesn't seem to mind. He's focused on the box.","You drag the massive music box into the room, gouging the wooden floorboards beneath it. The Collector doesn't seem to mind. He's focused on the box."
484,73989035210756097,Collector,COLLECTOR_NAME_KEY,character speech,explicit,explicit speaker label,"You found this at the cliffs, didn't you?","COLLECTOR_NAME_KEY: You found this at the cliffs, didn't you?"
485,73989035210756098,Player (choice),,player option,inferred,"first-person, question or response text without NPC label",Yes.,Yes.
486,73989035210756099,Collector,COLLECTOR_NAME_KEY,character speech,explicit,explicit speaker label,"Ah, excellent.","COLLECTOR_NAME_KEY: Ah, excellent."
487,73989035210756100,Player (choice),,player option,inferred,"first-person, question or response text without NPC label",I don't remember.,I don't remember.
488,73989035210756101,Collector,COLLECTOR_NAME_KEY,character speech,explicit,explicit speaker label,Curious.,COLLECTOR_NAME_KEY: Curious.
489,73989035210756102,Unattributed,,unattributed Yarn text,unknown,no speaker tag; cannot safely infer,It doesn't matter.,It doesn't matter.
490,73989035210756104,Collector,COLLECTOR_NAME_KEY,character speech,explicit,explicit speaker label,"Now, there are yet more relics to find. Keep looking.","COLLECTOR_NAME_KEY: Now, there are yet more relics to find. Keep looking."
491,73989035210756105,Collector,COLLECTOR_NAME_KEY,character speech,explicit,explicit speaker label,This should make future return journeys a little more swift. Allow me.,COLLECTOR_NAME_KEY: This should make future return journeys a little more swift. Allow me.
492,73989035210756106,Narrator / scene text,,narration,inferred,third-/second-person scene description,"He selects one of the silver ribbons trailing from the crimson-bound book, opening it to some unseen page.","He selects one of the silver ribbons trailing from the crimson-bound book, opening it to some unseen page."
493,73989035210756107,Unattributed,,unattributed Yarn text,unknown,no speaker tag; cannot safely infer,"Turning to catch the dim light, he whispers the words on the page.","Turning to catch the dim light, he whispers the words on the page."
494,73989035210756108,Narrator / scene text,,narration,inferred,third-/second-person scene description,"After a few seconds, you feel your stomach drop suddenly, as though thrown high by a wave. He closes the book and turns his attention back to you.","After a few seconds, you feel your stomach drop suddenly, as though thrown high by a wave. He closes the book and turns his attention back to you."
495,73989035210756113,Collector,COLLECTOR_NAME_KEY,character speech,explicit,explicit speaker label,"And with that, our collection is complete...I must admit, I am surprised. I did not think you had the determination for such a job.","COLLECTOR_NAME_KEY: And with that, our collection is complete...I must admit, I am surprised. I did not think you had the determination for such a job."
496,74259460765323264,Collector,COLLECTOR_NAME_KEY,character speech,explicit,explicit speaker label,What is it?,COLLECTOR_NAME_KEY: What is it?
497,74259460782100480,Collector,COLLECTOR_NAME_KEY,character speech,explicit,explicit speaker label,Anything else?,COLLECTOR_NAME_KEY: Anything else?
498,74259460782100481,Player (choice),,player option,inferred,"first-person, question or response text without NPC label",Where should I look for relics?,Where should I look for relics?
499,74259460782100482,Unattributed,,unattributed Yarn text,unknown,no speaker tag; cannot safely infer,Take a look at these trinkets.,Take a look at these trinkets.
500,74259460782100483,Unattributed,,unattributed Yarn text,unknown,no speaker tag; cannot safely infer,"Nothing, I'll be going.","Nothing, I'll be going."
501,74259460786294784,Collector,COLLECTOR_NAME_KEY,character speech,explicit,explicit speaker label,[C0]You should ask around the towns in The Marrows[/C0]. Somebody is sure to know something.,COLLECTOR_NAME_KEY: [C0]You should ask around the towns in The Marrows[/C0]. Somebody is sure to know something.
502,74259460786294785,Collector,COLLECTOR_NAME_KEY,character speech,explicit,explicit speaker label,"My...intuition tells me that the current may have carried some debris to the [C0]South-East[/C0], towards [C0]Gale Cliffs[/C0]. Make that your priority.","COLLECTOR_NAME_KEY: My...intuition tells me that the current may have carried some debris to the [C0]South-East[/C0], towards [C0]Gale Cliffs[/C0]. Make that your priority."
503,74259460786294786,Collector,COLLECTOR_NAME_KEY,character speech,explicit,explicit speaker label,The reef at [C0]Stellar Basin[/C0] may have caught and accumulated some wreckage. Search around that area.,COLLECTOR_NAME_KEY: The reef at [C0]Stellar Basin[/C0] may have caught and accumulated some wreckage. Search around that area.
504,74259460786294787,Collector,COLLECTOR_NAME_KEY,character speech,explicit,explicit speaker label,I can imagine all manner of detritus swallowed by the silty muck of [C0]Twisted Strand's[/C0] channels. It's worth investigating.,COLLECTOR_NAME_KEY: I can imagine all manner of detritus swallowed by the silty muck of [C0]Twisted Strand's[/C0] channels. It's worth investigating.
505,74259460786294788,Collector,COLLECTOR_NAME_KEY,character speech,explicit,explicit speaker label,"I loathe to suggest it, but the abyssal plain on the approach to [C0]Devil's Spine[/C0] is a likely candidate. See what you can find.","COLLECTOR_NAME_KEY: I loathe to suggest it, but the abyssal plain on the approach to [C0]Devil's Spine[/C0] is a likely candidate. See what you can find."
506,74259460786294789,Narrator / scene text,,narration,inferred,third-/second-person scene description,"A burst of light fills your vision, and you stagger back briefly.","A burst of light fills your vision, and you stagger back briefly."
507,74259460786294791,Collector,COLLECTOR_NAME_KEY,character speech,explicit,explicit speaker label,He approaches! Drawing closer with...an incessant ticking. You have the pocket watch.,COLLECTOR_NAME_KEY: He approaches! Drawing closer with...an incessant ticking. You have the pocket watch.
508,74259460786294792,Collector,COLLECTOR_NAME_KEY,character speech,explicit,explicit speaker label,"The relics we're looking for are: a [C3]ring[/C3], a [C3]necklace[/C3], a [C3]watch[/C3], and a [C3]music box[/C3] and [C3]key[/C3].","COLLECTOR_NAME_KEY: The relics we're looking for are: a [C3]ring[/C3], a [C3]necklace[/C3], a [C3]watch[/C3], and a [C3]music box[/C3] and [C3]key[/C3]."
509,76154025294237696,Collector,COLLECTOR_NAME_KEY,character speech,explicit,explicit speaker label,I'll mark a location on your [C0]Map[/C0] where you can begin your search.,COLLECTOR_NAME_KEY: I'll mark a location on your [C0]Map[/C0] where you can begin your search.
510,76154025311014912,Collector,COLLECTOR_NAME_KEY,character speech,explicit,explicit speaker label,I've already marked a location on your [C0]Map[/C0] where you can begin your search.,COLLECTOR_NAME_KEY: I've already marked a location on your [C0]Map[/C0] where you can begin your search.
511,81466753145819136,Player (choice),,player option,inferred,"first-person, question or response text without NPC label",Where can I catch a Conger Eel?,Where can I catch a Conger Eel?
512,81466753196150784,Ingfell Resident,INGFELL_RESIDENT_NAME_KEY,character speech,explicit,explicit speaker label,"Ah yes, they can be tricky to find. I'm told they [C0]inhabit the holes and burrows within the cliffs[/C0] themselves.","INGFELL_RESIDENT_NAME_KEY: Ah yes, they can be tricky to find. I'm told they [C0]inhabit the holes and burrows within the cliffs[/C0] themselves."
513,81466753196150785,Ingfell Resident,INGFELL_RESIDENT_NAME_KEY,character speech,explicit,explicit speaker label,"I imagine they've been fished out around the edges, so [C0]you may have to venture into the passageways of the cliffs to find them[/C0].","INGFELL_RESIDENT_NAME_KEY: I imagine they've been fished out around the edges, so [C0]you may have to venture into the passageways of the cliffs to find them[/C0]."
514,81466753196150786,Ingfell Resident,INGFELL_RESIDENT_NAME_KEY,character speech,explicit,explicit speaker label,"Oh, and did I mention that [C0]they only come out at night[/C0]? Yes, I believe they hide during the day.","INGFELL_RESIDENT_NAME_KEY: Oh, and did I mention that [C0]they only come out at night[/C0]? Yes, I believe they hide during the day."
515,81466753196150787,Ingfell Resident,INGFELL_RESIDENT_NAME_KEY,character speech,explicit,explicit speaker label,Good luck.,INGFELL_RESIDENT_NAME_KEY: Good luck.
516,81572268588847104,Player (choice),,player option,inferred,"first-person, question or response text without NPC label",Is this your family crest?,Is this your family crest?
517,81572268588847105,Player (choice),,player option,inferred,"first-person, question or response text without NPC label",What am I supposed to be doing?,What am I supposed to be doing?
518,81572268588847106,Player (choice),,player option,inferred,"first-person, question or response text without NPC label",What am I supposed to be doing?,What am I supposed to be doing?
519,81572268588847107,Hermit,HERMIT_NAME_KEY,character speech,explicit,explicit speaker label,"It's not that simple. My brother would never...you see, I used to live in Ingfell with my brother. He was a Whaler, back in the day.","HERMIT_NAME_KEY: It's not that simple. My brother would never...you see, I used to live in Ingfell with my brother. He was a Whaler, back in the day."
520,81572268588847108,Hermit,HERMIT_NAME_KEY,character speech,explicit,explicit speaker label,Things were bad. We fought a lot. Mostly about how our parents' inheritance should be divided. We were in the prime foolishness of our youth.,HERMIT_NAME_KEY: Things were bad. We fought a lot. Mostly about how our parents' inheritance should be divided. We were in the prime foolishness of our youth.
521,81572268588847109,Hermit,HERMIT_NAME_KEY,character speech,explicit,explicit speaker label,"When my wife and I decided to move here, I took the [C0]Family Crest[/C0]. I stole it from him. Now, after all this time...I can't return without it.","HERMIT_NAME_KEY: When my wife and I decided to move here, I took the [C0]Family Crest[/C0]. I stole it from him. Now, after all this time...I can't return without it."
522,81572268588847110,Player (choice),,player option,inferred,"first-person, question or response text without NPC label",Where is it?,Where is it?
523,81572268588847111,Hermit,HERMIT_NAME_KEY,character speech,explicit,explicit speaker label,That's where the problem lies.,HERMIT_NAME_KEY: That's where the problem lies.
524,81572268588847112,Player (choice),,player option,inferred,"first-person, question or response text without NPC label",Why don't you give it back to him then?,Why don't you give it back to him then?
525,81572268593041408,Hermit,HERMIT_NAME_KEY,character speech,explicit,explicit speaker label,Again. It's not as simple as that.,HERMIT_NAME_KEY: Again. It's not as simple as that.
526,81572268593041409,Hermit,HERMIT_NAME_KEY,character speech,explicit,explicit speaker label,After the collapse...that creature...it dragged debris from the houses down into its wretched burrows. [C2]The crest went down with it[/C2].,HERMIT_NAME_KEY: After the collapse...that creature...it dragged debris from the houses down into its wretched burrows. [C2]The crest went down with it[/C2].
527,81572268593041410,Hermit,HERMIT_NAME_KEY,character speech,explicit,explicit speaker label,"It's a lost cause, I know. But if you were to find it...it's a large, whale-bone crest. It would mean the world to me.","HERMIT_NAME_KEY: It's a lost cause, I know. But if you were to find it...it's a large, whale-bone crest. It would mean the world to me."
528,81572268593041411,Player (choice),,player option,inferred,"first-person, question or response text without NPC label",I'll look for it.,I'll look for it.
529,81572268593041412,Hermit,HERMIT_NAME_KEY,character speech,explicit,explicit speaker label,Thank you. But please - be careful.,HERMIT_NAME_KEY: Thank you. But please - be careful.
530,81572268593041413,Unattributed,,unattributed Yarn text,unknown,no speaker tag; cannot safely infer,Don't get your hopes up.,Don't get your hopes up.
531,81572268593041414,Hermit,HERMIT_NAME_KEY,character speech,explicit,explicit speaker label,"Oh, I won't.","HERMIT_NAME_KEY: Oh, I won't."
532,81572268593041415,Hermit,HERMIT_NAME_KEY,character speech,explicit,explicit speaker label,You've found it! I never thought I'd see this beauty again.,HERMIT_NAME_KEY: You've found it! I never thought I'd see this beauty again.
533,81572268593041416,Hermit,HERMIT_NAME_KEY,character speech,explicit,explicit speaker label,But now...I have a further favor to ask. Would you take this to my brother at Ingfell?,HERMIT_NAME_KEY: But now...I have a further favor to ask. Would you take this to my brother at Ingfell?
534,81572268593041417,Hermit,HERMIT_NAME_KEY,character speech,explicit,explicit speaker label,"Tell him...tell him his brother is sorry, and would like to come home.","HERMIT_NAME_KEY: Tell him...tell him his brother is sorry, and would like to come home."
535,81572268593041418,Hermit,HERMIT_NAME_KEY,character speech,explicit,explicit speaker label,You were going to keep an eye out for my [C0]Family Crest[/C0]. It was dragged into the tunnels by that creature.,HERMIT_NAME_KEY: You were going to keep an eye out for my [C0]Family Crest[/C0]. It was dragged into the tunnels by that creature.
536,81572268593041419,Hermit,HERMIT_NAME_KEY,character speech,explicit,explicit speaker label,You were going to take the [C0]Family Crest[/C0] to my brother at Ingfell and ask if he'll forgive me.,HERMIT_NAME_KEY: You were going to take the [C0]Family Crest[/C0] to my brother at Ingfell and ask if he'll forgive me.
537,81572268593041420,Hermit,HERMIT_NAME_KEY,character speech,explicit,explicit speaker label,He does? That's...a huge weight off my chest. One so old I hardly remembered it was there.,HERMIT_NAME_KEY: He does? That's...a huge weight off my chest. One so old I hardly remembered it was there.
538,81572268593041421,Hermit,HERMIT_NAME_KEY,character speech,explicit,explicit speaker label,"Well, here we are-","HERMIT_NAME_KEY: Well, here we are-"
539,81572268593041422,Narrator / scene text,,narration,inferred,third-/second-person scene description,"The Hermit notices the old Whaler standing on the dock, waiting for him.","The Hermit notices the old Whaler standing on the dock, waiting for him."
540,81572268593041423,Retired Whaler,RETIRED_WHALER_NAME_KEY,character speech,explicit,explicit speaker label,Little brother. You're home.,RETIRED_WHALER_NAME_KEY: Little brother. You're home.
541,81572268593041424,Hermit,HERMIT_NAME_KEY,character speech,explicit,explicit speaker label,I - I'm so sorry. I was so foolish.,HERMIT_NAME_KEY: I - I'm so sorry. I was so foolish.
542,81572268593041425,Retired Whaler,RETIRED_WHALER_NAME_KEY,character speech,explicit,explicit speaker label,We both were. Come on inside. Let me get your bags.,RETIRED_WHALER_NAME_KEY: We both were. Come on inside. Let me get your bags.
543,81572268593041426,Narrator / scene text,,narration,inferred,third-/second-person scene description,The two brothers walk away down the dock. One of them pauses for a moment and turns back to you.,The two brothers walk away down the dock. One of them pauses for a moment and turns back to you.
544,81572268593041427,Retired Whaler,RETIRED_WHALER_NAME_KEY,character speech,explicit,explicit speaker label,"My brother ditched us and moved on over to those cliffs, years ago. I suspect he's regretting his decision now, the devil.","RETIRED_WHALER_NAME_KEY: My brother ditched us and moved on over to those cliffs, years ago. I suspect he's regretting his decision now, the devil."
545,81572268593041428,Retired Whaler,RETIRED_WHALER_NAME_KEY,character speech,explicit,explicit speaker label,Gods...I haven't seen this since...hmmph. So he did take it. I knew it.,RETIRED_WHALER_NAME_KEY: Gods...I haven't seen this since...hmmph. So he did take it. I knew it.
546,81572268593041429,Narrator / scene text,,narration,inferred,third-/second-person scene description,Your brother's sorry. Will you let him come home?,Your brother's sorry. Will you let him come home?
547,81572268593041430,Retired Whaler,RETIRED_WHALER_NAME_KEY,character speech,explicit,explicit speaker label,Hmm. I don't know if...I was in a right state when he left.,RETIRED_WHALER_NAME_KEY: Hmm. I don't know if...I was in a right state when he left.
548,81572268593041431,Unattributed,,unattributed Yarn text,unknown,no speaker tag; cannot safely infer,He's in real trouble over there. Your brother needs to move back here.,He's in real trouble over there. Your brother needs to move back here.
549,81572268593041432,Retired Whaler,RETIRED_WHALER_NAME_KEY,character speech,explicit,explicit speaker label,I bet he is. Maybe I can clear the...hmm.,RETIRED_WHALER_NAME_KEY: I bet he is. Maybe I can clear the...hmm.
550,81572268593041433,Retired Whaler,RETIRED_WHALER_NAME_KEY,character speech,explicit,explicit speaker label,"Ok. Fine. He can stay in my old workshop, at least for the time being. But I'll need some time to clear it out.","RETIRED_WHALER_NAME_KEY: Ok. Fine. He can stay in my old workshop, at least for the time being. But I'll need some time to clear it out."
551,81572268593041434,Retired Whaler,RETIRED_WHALER_NAME_KEY,character speech,explicit,explicit speaker label,"While I'm doing that, perhaps you can do something for me.","RETIRED_WHALER_NAME_KEY: While I'm doing that, perhaps you can do something for me."
552,81579320249864192,Retired Whaler,RETIRED_WHALER_NAME_KEY,character speech,explicit,explicit speaker label,"Oh, stranger. If you find any more debris that needs clearing...I'm working on making some more [C0]Packed Explosives[/C0].","RETIRED_WHALER_NAME_KEY: Oh, stranger. If you find any more debris that needs clearing...I'm working on making some more [C0]Packed Explosives[/C0]."
553,81892477583298560,Player (choice),,player option,inferred,"first-person, question or response text without NPC label",I believe this crest is yours.,I believe this crest is yours.
554,81892477604270080,Narrator / scene text,,narration,inferred,third-/second-person scene description,The old Whaler is waiting for you by the docks.,The old Whaler is waiting for you by the docks.
555,81892477604270081,Retired Whaler,RETIRED_WHALER_NAME_KEY,character speech,explicit,explicit speaker label,There's something I forgot to mention last time we spoke.,RETIRED_WHALER_NAME_KEY: There's something I forgot to mention last time we spoke.
556,81892477604270082,Retired Whaler,RETIRED_WHALER_NAME_KEY,character speech,explicit,explicit speaker label,If you find any more debris that needs clearing...I've got more [C0]Packed Explosives[/C0] out the back.,RETIRED_WHALER_NAME_KEY: If you find any more debris that needs clearing...I've got more [C0]Packed Explosives[/C0] out the back.
557,81892477604270083,Retired Whaler,RETIRED_WHALER_NAME_KEY,character speech,explicit,explicit speaker label,Come by the old [C0]Whaling Yards[/C0] if you need it.,RETIRED_WHALER_NAME_KEY: Come by the old [C0]Whaling Yards[/C0] if you need it.
558,81892477604270084,Retired Whaler,RETIRED_WHALER_NAME_KEY,character speech,explicit,explicit speaker label,"Oh, and any news from my brother? Don't tell me he's hiding below deck. I'm not still mad at him - I promise!","RETIRED_WHALER_NAME_KEY: Oh, and any news from my brother? Don't tell me he's hiding below deck. I'm not still mad at him - I promise!"
559,81892477604270085,Player (choice),,player option,inferred,"first-person, question or response text without NPC label",I'm so sorry. He was lost overboard.,I'm so sorry. He was lost overboard.
560,81892477604270086,Retired Whaler,RETIRED_WHALER_NAME_KEY,character speech,explicit,explicit speaker label,Wh- what? No...how could...,RETIRED_WHALER_NAME_KEY: Wh- what? No...how could...
561,81892477604270087,Unattributed,,unattributed Yarn text,unknown,no speaker tag; cannot safely infer,He stands in silence for quite some time.,He stands in silence for quite some time.
562,81892477604270088,Retired Whaler,RETIRED_WHALER_NAME_KEY,character speech,explicit,explicit speaker label,At least...at least the crest is home. He always loved that thing.,RETIRED_WHALER_NAME_KEY: At least...at least the crest is home. He always loved that thing.
563,81892477604270089,Retired Whaler,RETIRED_WHALER_NAME_KEY,character speech,explicit,explicit speaker label,"When he was a kid, he'd take it off the wall and just look at it. Dad gave him a belting every time.","RETIRED_WHALER_NAME_KEY: When he was a kid, he'd take it off the wall and just look at it. Dad gave him a belting every time."
564,81892477604270090,Retired Whaler,RETIRED_WHALER_NAME_KEY,character speech,explicit,explicit speaker label,I was never mad that he took it. I was just upset that he left. And I...I should've made more of an effort to fix things.,RETIRED_WHALER_NAME_KEY: I was never mad that he took it. I was just upset that he left. And I...I should've made more of an effort to fix things.
565,81892477604270091,Unattributed,,unattributed Yarn text,unknown,no speaker tag; cannot safely infer,He decided to stay on the cliffs.,He decided to stay on the cliffs.
566,81892477604270092,Retired Whaler,RETIRED_WHALER_NAME_KEY,character speech,explicit,explicit speaker label,Oh. Well...let him know that he's always welcome to change his mind. I'll keep the room made up for him.,RETIRED_WHALER_NAME_KEY: Oh. Well...let him know that he's always welcome to change his mind. I'll keep the room made up for him.
567,81892477604270093,Unattributed,,unattributed Yarn text,unknown,no speaker tag; cannot safely infer,He wanted to move elsewhere.,He wanted to move elsewhere.
568,81892477604270094,Retired Whaler,RETIRED_WHALER_NAME_KEY,character speech,explicit,explicit speaker label,"Oh. Well...I'm glad he moved on, at least. I understand him not wanting to come back here. Too many memories, and all that.","RETIRED_WHALER_NAME_KEY: Oh. Well...I'm glad he moved on, at least. I understand him not wanting to come back here. Too many memories, and all that."
569,81892477604270095,Retired Whaler,RETIRED_WHALER_NAME_KEY,character speech,explicit,explicit speaker label,"Thanks for what you've done, all the same. It was...some form of help, in the end.","RETIRED_WHALER_NAME_KEY: Thanks for what you've done, all the same. It was...some form of help, in the end."
570,81892477604270096,Unattributed,,unattributed Yarn text,unknown,no speaker tag; cannot safely infer,"He walks away down the dock, crestfallen.","He walks away down the dock, crestfallen."
571,81906695908954112,Narrator / scene text,,narration,inferred,third-/second-person scene description,A pile of loose debris. It could be cleared to make a shortcut.,A pile of loose debris. It could be cleared to make a shortcut.
572,81906695908954113,Player (action choice),,player action choice,inferred,bracketed interactive action,\[Use explosives.\],\[Use explosives.\]
573,81906695908954114,Player (action choice),,player action choice,inferred,bracketed interactive action,\[Leave.\],\[Leave.\]
574,81906695908954115,Narrator / scene text,,narration,inferred,third-/second-person scene description,A pile of loose debris. Clearing this would take some strong explosives.,A pile of loose debris. Clearing this would take some strong explosives.
575,81906695908954116,Unattributed,,unattributed Yarn text,unknown,no speaker tag; cannot safely infer,You set the charge and light the fuse...,You set the charge and light the fuse...
576,81906695908954117,Unattributed,,unattributed Yarn text,unknown,no speaker tag; cannot safely infer,The debris crumbles away.,The debris crumbles away.
577,81906695908954118,Narrator / scene text,,narration,inferred,third-/second-person scene description,"A pile of loose debris. In the gaps between the rocks you can see what appear to be large, white teeth.","A pile of loose debris. In the gaps between the rocks you can see what appear to be large, white teeth."
578,81906695908954119,Unattributed,,unattributed Yarn text,unknown,no speaker tag; cannot safely infer,There's a long fuse trailing out from the side. This must be the location the Whaler wants cleared for a shortcut. Light the fuse?,There's a long fuse trailing out from the side. This must be the location the Whaler wants cleared for a shortcut. Light the fuse?
579,81906695908954120,Player (choice),,player option,inferred,"first-person, question or response text without NPC label",Yes.,Yes.
580,81906695908954121,Unattributed,,unattributed Yarn text,unknown,no speaker tag; cannot safely infer,Not right now.,Not right now.
581,81906695908954122,Unattributed,,unattributed Yarn text,unknown,no speaker tag; cannot safely infer,You light the fuse...,You light the fuse...
582,81906695908954123,Narrator / scene text,,narration,inferred,third-/second-person scene description,The debris crumbles away. You should let the Whaler know.,The debris crumbles away. You should let the Whaler know.
583,83757368388685824,Narrator / scene text,,narration,inferred,third-/second-person scene description,"You stand in the center of a campsite. The fire's embers are cool, but ash is still steadily blowing out with the wind.","You stand in the center of a campsite. The fire's embers are cool, but ash is still steadily blowing out with the wind."
584,83757368409657344,Player (choice),,player option,inferred,"first-person, question or response text without NPC label",What do you want to do?,What do you want to do?
585,83757368409657345,Player (action choice),,player action choice,inferred,bracketed interactive action,\[Take a closer look at the campfire.\],\[Take a closer look at the campfire.\]
586,83757368409657346,Player (action choice),,player action choice,inferred,bracketed interactive action,\[Look for footprints.\],\[Look for footprints.\]
587,83757368409657347,Player (action choice),,player action choice,inferred,bracketed interactive action,\[Check the makeshift tent.\],\[Check the makeshift tent.\]
588,83757368409657348,Player (action choice),,player action choice,inferred,bracketed interactive action,\[Leave.\],\[Leave.\]
589,83757368409657349,Narrator / scene text,,narration,inferred,third-/second-person scene description,A large flat rock sits atop the charred wood of the campfire. A handful of tiny fish bones can be seen poking out of the ashes.,A large flat rock sits atop the charred wood of the campfire. A handful of tiny fish bones can be seen poking out of the ashes.
590,83757368409657350,Narrator / scene text,,narration,inferred,third-/second-person scene description,"You find no footprints, but unfamiliar symbols have been sketched in the dust nearby. Some have been erased with the hasty sweep of a foot.","You find no footprints, but unfamiliar symbols have been sketched in the dust nearby. Some have been erased with the hasty sweep of a foot."
591,83757368409657351,Narrator / scene text,,narration,inferred,third-/second-person scene description,"The tent is a sheet of cloth suspended over some sticks. There is nothing inside, save for a smoothed hollow in the dirt where someone slept.","The tent is a sheet of cloth suspended over some sticks. There is nothing inside, save for a smoothed hollow in the dirt where someone slept."
592,84408643463745536,Player (choice),,player option,inferred,"first-person, question or response text without NPC label",Is this it?,Is this it?
593,84483192729440256,Player (choice),,player option,inferred,"first-person, question or response text without NPC label",I've come to pick you up.,I've come to pick you up.
594,84488207162478592,Shipwright,SHIPWRIGHT_NAME_KEY,character speech,explicit,explicit speaker label,"You sure you don't need it? Well, come back if you change your mind.","SHIPWRIGHT_NAME_KEY: You sure you don't need it? Well, come back if you change your mind."
595,85501244531085312,Player (choice),,player option,inferred,"first-person, question or response text without NPC label",I accept.,I accept.
596,85501244547862528,Unattributed,,unattributed Yarn text,unknown,no speaker tag; cannot safely infer,Let me think about it.,Let me think about it.
597,86592179656642560,Narrator / scene text,,narration,inferred,third-/second-person scene description,"A slab of rock juts from the water, bearing crude symbols of [C0]curved fish[/C0]. At its base, a rough shape has been chiselled away.","A slab of rock juts from the water, bearing crude symbols of [C0]curved fish[/C0]. At its base, a rough shape has been chiselled away."
598,86592179702779904,Narrator / scene text,,narration,inferred,third-/second-person scene description,"A wave washes over the fish, sweeping them away. When the water recedes, you notice something has lodged against the rock.","A wave washes over the fish, sweeping them away. When the water recedes, you notice something has lodged against the rock."
599,86592179702779905,Researcher,RESEARCHER_NAME_KEY,character speech,explicit,explicit speaker label,"Oh, hello again. What do you need?","RESEARCHER_NAME_KEY: Oh, hello again. What do you need?"
600,86592179702779906,Player (choice),,player option,inferred,"first-person, question or response text without NPC label",About those specimens you're after...,About those specimens you're after...
601,86592179702779907,Player (choice),,player option,inferred,"first-person, question or response text without NPC label",About those specimens you're after...,About those specimens you're after...
602,86592179702779908,Player (choice),,player option,inferred,"first-person, question or response text without NPC label",I have those Prototype Parts you asked for.,I have those Prototype Parts you asked for.
603,86592179702779909,Player (choice),,player option,inferred,"first-person, question or response text without NPC label",I need a Sampling Device.,I need a Sampling Device.
604,86592179702779910,Player (choice),,player option,inferred,"first-person, question or response text without NPC label",I can take that Repulsion Machine now.,I can take that Repulsion Machine now.
605,86592179702779911,Player (choice),,player option,inferred,"first-person, question or response text without NPC label",Tell me about yourself.,Tell me about yourself.
606,86592179702779912,Player (choice),,player option,inferred,"first-person, question or response text without NPC label",What sort of creature attacked you?,What sort of creature attacked you?
607,86592179702779913,Unattributed,,unattributed Yarn text,unknown,no speaker tag; cannot safely infer,Have you noticed anything else unusual since you arrived?,Have you noticed anything else unusual since you arrived?
608,86592179702779914,Unattributed,,unattributed Yarn text,unknown,no speaker tag; cannot safely infer,"Nothing, I'll be going now.","Nothing, I'll be going now."
609,86592179702779915,Researcher,RESEARCHER_NAME_KEY,character speech,explicit,explicit speaker label,Is there anything else?,RESEARCHER_NAME_KEY: Is there anything else?
610,86592179702779916,Researcher,RESEARCHER_NAME_KEY,character speech,explicit,explicit speaker label,"Oh, um, hello - I wasn't expecting visitors. Who are you?","RESEARCHER_NAME_KEY: Oh, um, hello - I wasn't expecting visitors. Who are you?"
611,86592179702779917,Player (choice),,player option,inferred,"first-person, question or response text without NPC label",I'm a fisherman.,I'm a fisherman.
612,86592179702779918,Researcher,RESEARCHER_NAME_KEY,character speech,explicit,explicit speaker label,"Ah yes, I thought you had the look. But a fisherman all the way out here? Strange.","RESEARCHER_NAME_KEY: Ah yes, I thought you had the look. But a fisherman all the way out here? Strange."
613,86592179702779919,Player (choice),,player option,inferred,"first-person, question or response text without NPC label",I'm a sightseer.,I'm a sightseer.
614,86592179702779920,Researcher,RESEARCHER_NAME_KEY,character speech,explicit,explicit speaker label,"A sightseer - and a fisherman, I presume? I noted the fishing vessel as you docked.","RESEARCHER_NAME_KEY: A sightseer - and a fisherman, I presume? I noted the fishing vessel as you docked."
615,86592179702779921,Player (choice),,player option,inferred,"first-person, question or response text without NPC label",I'm nobody.,I'm nobody.
616,86592179702779922,Researcher,RESEARCHER_NAME_KEY,character speech,explicit,explicit speaker label,"I struggle to believe that! Your ship looks like a fisherman's, and you - you look as though...","RESEARCHER_NAME_KEY: I struggle to believe that! Your ship looks like a fisherman's, and you - you look as though..."
617,86592179702779923,Narrator / scene text,,narration,inferred,third-/second-person scene description,"She looks you up and down, and her voice cracks. She trails off.","She looks you up and down, and her voice cracks. She trails off."
618,86592179702779924,Researcher,RESEARCHER_NAME_KEY,character speech,explicit,explicit speaker label,"Well, it's a pleasure to meet you, all the same. I've not seen another soul in months. In fact, I could do with your help, if you had the time...","RESEARCHER_NAME_KEY: Well, it's a pleasure to meet you, all the same. I've not seen another soul in months. In fact, I could do with your help, if you had the time..."
619,86592179702779925,Player (choice),,player option,inferred,"first-person, question or response text without NPC label",What do you need help with?,What do you need help with?
620,86592179702779926,Player (choice),,player option,inferred,"first-person, question or response text without NPC label",I need to get going.,I need to get going.
621,86592179702779927,Researcher,RESEARCHER_NAME_KEY,character speech,explicit,explicit speaker label,I need help collecting samples to study. I was originally posted at the [C0]Research Outpost[/C0] on the interior of the basin. But it was [C2]attacked[/C2].,RESEARCHER_NAME_KEY: I need help collecting samples to study. I was originally posted at the [C0]Research Outpost[/C0] on the interior of the basin. But it was [C2]attacked[/C2].
622,86592179702779928,Researcher,RESEARCHER_NAME_KEY,character speech,explicit,explicit speaker label,A [C0]large creature[/C0] emerged from the depths and destroyed the outpost. Now it rests in the center of the basin.,RESEARCHER_NAME_KEY: A [C0]large creature[/C0] emerged from the depths and destroyed the outpost. Now it rests in the center of the basin.
623,86592179702779929,Researcher,RESEARCHER_NAME_KEY,character speech,explicit,explicit speaker label,"I fled here and have been making do as best I can. But I had to leave most of my equipment behind, so now my research has come to a halt.","RESEARCHER_NAME_KEY: I fled here and have been making do as best I can. But I had to leave most of my equipment behind, so now my research has come to a halt."
624,86592179702779930,Researcher,RESEARCHER_NAME_KEY,character speech,explicit,explicit speaker label,Take a look at the list of specimens I need - please drop them off here. You might need to [C0]experiment with different fishing strategies[/C0] to collect all of them.,RESEARCHER_NAME_KEY: Take a look at the list of specimens I need - please drop them off here. You might need to [C0]experiment with different fishing strategies[/C0] to collect all of them.
625,86592179702779931,Researcher,RESEARCHER_NAME_KEY,character speech,explicit,explicit speaker label,Very well then...,RESEARCHER_NAME_KEY: Very well then...
626,86592179702779932,Researcher,RESEARCHER_NAME_KEY,character speech,explicit,explicit speaker label,"Ah, you're back. Did you have time to discuss that matter?","RESEARCHER_NAME_KEY: Ah, you're back. Did you have time to discuss that matter?"
627,86592179702779934,Researcher,RESEARCHER_NAME_KEY,character speech,explicit,explicit speaker label,"Thank you, looks like you've caught all of the surface specimens I need.","RESEARCHER_NAME_KEY: Thank you, looks like you've caught all of the surface specimens I need."
628,86592179702779935,Researcher,RESEARCHER_NAME_KEY,character speech,explicit,explicit speaker label,"But ah, yes, I do also need some from...deeper down. But that's going to be a problem.","RESEARCHER_NAME_KEY: But ah, yes, I do also need some from...deeper down. But that's going to be a problem."
629,86592179702779936,Player (choice),,player option,inferred,"first-person, question or response text without NPC label",Why is that a problem?,Why is that a problem?
630,86592179702779937,Player (choice),,player option,inferred,"first-person, question or response text without NPC label",I don't have the equipment to catch anything deeper anyway.,I don't have the equipment to catch anything deeper anyway.
631,86592179702779938,Researcher,RESEARCHER_NAME_KEY,character speech,explicit,explicit speaker label,I developed a device to retrieve samples from the [C0]Abyssal[/C0] zone. This was over in the other [C0]Research Outpost[C0]. Before the attack.,RESEARCHER_NAME_KEY: I developed a device to retrieve samples from the [C0]Abyssal[/C0] zone. This was over in the other [C0]Research Outpost[C0]. Before the attack.
632,86592179702779939,Researcher,RESEARCHER_NAME_KEY,character speech,explicit,explicit speaker label,"I have an idea of how to keep the creature at bay long enough to collect these samples. But while I work on that, I need you to retrieve some [C0]Prototype Parts[/C0].","RESEARCHER_NAME_KEY: I have an idea of how to keep the creature at bay long enough to collect these samples. But while I work on that, I need you to retrieve some [C0]Prototype Parts[/C0]."
633,86592179702779940,Researcher,RESEARCHER_NAME_KEY,character speech,explicit,explicit speaker label,Carefully. I suggest you go during the day. I wouldn't want to be out on the reef at night.,RESEARCHER_NAME_KEY: Carefully. I suggest you go during the day. I wouldn't want to be out on the reef at night.
634,86592179702779941,Researcher,RESEARCHER_NAME_KEY,character speech,explicit,explicit speaker label,Excellent. Let me assemble a device for you...,RESEARCHER_NAME_KEY: Excellent. Let me assemble a device for you...
635,86592179702779942,Researcher,RESEARCHER_NAME_KEY,character speech,explicit,explicit speaker label,"[C1]This should allow you to catch specimens from much greater depths[C1]. It's a little slow, but [C0]you may be able to make some improvements[/C0].","RESEARCHER_NAME_KEY: [C1]This should allow you to catch specimens from much greater depths[C1]. It's a little slow, but [C0]you may be able to make some improvements[/C0]."
636,86592179702779943,Researcher,RESEARCHER_NAME_KEY,character speech,explicit,explicit speaker label,"Oh, no room on board? You can come by for it later.","RESEARCHER_NAME_KEY: Oh, no room on board? You can come by for it later."
637,86592179702779944,Researcher,RESEARCHER_NAME_KEY,character speech,explicit,explicit speaker label,"Now, I've developed a [C0]Repulsion Machine[/C0] that produces a bright light and emits a high pitched noise -- [C0]it should deter the creature from attacking[/C0]. Or enrage it, I'm not sure.","RESEARCHER_NAME_KEY: Now, I've developed a [C0]Repulsion Machine[/C0] that produces a bright light and emits a high pitched noise -- [C0]it should deter the creature from attacking[/C0]. Or enrage it, I'm not sure."
638,86592179702779945,Researcher,RESEARCHER_NAME_KEY,character speech,explicit,explicit speaker label,"Connect it to the [C0]Research Outpost's Generator[/C0]. You'll have to return and re-engage it every few hours, but other than that, it's completely automated.","RESEARCHER_NAME_KEY: Connect it to the [C0]Research Outpost's Generator[/C0]. You'll have to return and re-engage it every few hours, but other than that, it's completely automated."
639,86592179702779946,Researcher,RESEARCHER_NAME_KEY,character speech,explicit,explicit speaker label,"Great. Now, take a look at the list of specimens.","RESEARCHER_NAME_KEY: Great. Now, take a look at the list of specimens."
640,86592179702779947,Researcher,RESEARCHER_NAME_KEY,character speech,explicit,explicit speaker label,"Oh, no room on board? You can come by for it later.","RESEARCHER_NAME_KEY: Oh, no room on board? You can come by for it later."
641,86592179702779948,Researcher,RESEARCHER_NAME_KEY,character speech,explicit,explicit speaker label,"Remember, you'll want to [C0]install and activate the Machine[/C0] before attempting to collect these. You might also need to [C0]improve that equipment I gave you to catch some of these[/C0].","RESEARCHER_NAME_KEY: Remember, you'll want to [C0]install and activate the Machine[/C0] before attempting to collect these. You might also need to [C0]improve that equipment I gave you to catch some of these[/C0]."
642,86592179702779949,Researcher,RESEARCHER_NAME_KEY,character speech,explicit,explicit speaker label,I have good news and bad news. Which do you want to hear first?,RESEARCHER_NAME_KEY: I have good news and bad news. Which do you want to hear first?
643,86592179702779950,Unattributed,,unattributed Yarn text,unknown,no speaker tag; cannot safely infer,The good news.,The good news.
644,86592179702779951,Unattributed,,unattributed Yarn text,unknown,no speaker tag; cannot safely infer,The bad news.,The bad news.
645,86592179702779952,Researcher,RESEARCHER_NAME_KEY,character speech,explicit,explicit speaker label,The good news is that I've honed in on what's causing the abnormalities in the ecosystem.,RESEARCHER_NAME_KEY: The good news is that I've honed in on what's causing the abnormalities in the ecosystem.
646,86592179702779953,Researcher,RESEARCHER_NAME_KEY,character speech,explicit,explicit speaker label,The bad news is that the samples you retrieved from the basin have dangerously high counts of cellular mutations.,RESEARCHER_NAME_KEY: The bad news is that the samples you retrieved from the basin have dangerously high counts of cellular mutations.
647,86592179702779954,Researcher,RESEARCHER_NAME_KEY,character speech,explicit,explicit speaker label,"This all points to one thing: that thing in the basin is [C2]harmful to life at a cellular level[/C2]. It damages everything around it, whether passively or...with intent.","RESEARCHER_NAME_KEY: This all points to one thing: that thing in the basin is [C2]harmful to life at a cellular level[/C2]. It damages everything around it, whether passively or...with intent."
648,86592179702779955,Researcher,RESEARCHER_NAME_KEY,character speech,explicit,explicit speaker label,"I need to write up a report on my findings - sorry, our findings - immediately. Maybe now they'll take me seriously.","RESEARCHER_NAME_KEY: I need to write up a report on my findings - sorry, our findings - immediately. Maybe now they'll take me seriously."
649,86592179702779956,Researcher,RESEARCHER_NAME_KEY,character speech,explicit,explicit speaker label,Thanks again for your help. I'd recommend that you avoid the area. It doesn't seem safe to be near the basin.,RESEARCHER_NAME_KEY: Thanks again for your help. I'd recommend that you avoid the area. It doesn't seem safe to be near the basin.
650,86592179702779957,Researcher,RESEARCHER_NAME_KEY,character speech,explicit,explicit speaker label,"Uh, ok - I don't think there's much to say...I studied Biological Sciences at Ironhaven college. It was a struggle.","RESEARCHER_NAME_KEY: Uh, ok - I don't think there's much to say...I studied Biological Sciences at Ironhaven college. It was a struggle."
651,86592179702779958,Researcher,RESEARCHER_NAME_KEY,character speech,explicit,explicit speaker label,"There were no other female students in the department that year. Or the year before, or the year before that.","RESEARCHER_NAME_KEY: There were no other female students in the department that year. Or the year before, or the year before that."
652,86592179702779959,Researcher,RESEARCHER_NAME_KEY,character speech,explicit,explicit speaker label,"It's hard not to feel like an outsider in an environment like that, you know? You probably don't.","RESEARCHER_NAME_KEY: It's hard not to feel like an outsider in an environment like that, you know? You probably don't."
653,86592179702779960,Researcher,RESEARCHER_NAME_KEY,character speech,explicit,explicit speaker label,"When I graduated, I managed to land a job at the Northern Biological Research Society. And then, well, I was posted here. By myself.","RESEARCHER_NAME_KEY: When I graduated, I managed to land a job at the Northern Biological Research Society. And then, well, I was posted here. By myself."
654,86592179702779967,Narrator / scene text,,narration,inferred,third-/second-person scene description,The [C0]Repulsion Machine[/C0] you installed is still connected to the Generator.,The [C0]Repulsion Machine[/C0] you installed is still connected to the Generator.
655,86592179702779968,Unattributed,,unattributed Yarn text,unknown,no speaker tag; cannot safely infer,An old generator sputters and ticks over.,An old generator sputters and ticks over.
656,86592179702779969,Narrator / scene text,,narration,inferred,third-/second-person scene description,The [C0]Researcher's Repulsion Machine[/C0] could be connected to the [C0]Outpost's Generator[/C0] here.,The [C0]Researcher's Repulsion Machine[/C0] could be connected to the [C0]Outpost's Generator[/C0] here.
657,86592179702779970,Unattributed,,unattributed Yarn text,unknown,no speaker tag; cannot safely infer,Activate the machine?,Activate the machine?
658,86592179702779971,Player (choice),,player option,inferred,"first-person, question or response text without NPC label",Yes.,Yes.
659,86592179702779972,Unattributed,,unattributed Yarn text,unknown,no speaker tag; cannot safely infer,Not right now.,Not right now.
660,86592179702779973,Narrator / scene text,,narration,inferred,third-/second-person scene description,"The [C0]Repulsion Machine[/C0] hums and whirrs to life. A few seconds later, a bright light shoots from the top, and an alarm begins blaring.","The [C0]Repulsion Machine[/C0] hums and whirrs to life. A few seconds later, a bright light shoots from the top, and an alarm begins blaring."
661,86592179702779974,Narrator / scene text,,narration,inferred,third-/second-person scene description,"The [C0]Researcher[/C0] said this should keep the creature at bay - for a time, at least.","The [C0]Researcher[/C0] said this should keep the creature at bay - for a time, at least."
662,86592179702779976,Narrator / scene text,,narration,inferred,third-/second-person scene description,"After some searching, you find the [C0]Prototype Parts[/C0] that the Researcher needs to assemble the Sampling Device.","After some searching, you find the [C0]Prototype Parts[/C0] that the Researcher needs to assemble the Sampling Device."
663,86592179702779977,Narrator / scene text,,narration,inferred,third-/second-person scene description,You stow the [C0]Prototype Parts[/C0] on board.,You stow the [C0]Prototype Parts[/C0] on board.
664,86974217815511040,Narrator / scene text,,narration,inferred,third-/second-person scene description,You walk in and place the jewel-encrusted ring on a table by the Collector. His eyes widen.,You walk in and place the jewel-encrusted ring on a table by the Collector. His eyes widen.
665,86974217865842688,Collector,COLLECTOR_NAME_KEY,character speech,explicit,explicit speaker label,We're certainly making excellent progress now. And - I know what you're thinking.,COLLECTOR_NAME_KEY: We're certainly making excellent progress now. And - I know what you're thinking.
666,86974217865842689,Collector,COLLECTOR_NAME_KEY,character speech,explicit,explicit speaker label,An item like this would fetch a fortune at any auction. But for us...its value transcends material wealth.,COLLECTOR_NAME_KEY: An item like this would fetch a fortune at any auction. But for us...its value transcends material wealth.
667,86974217865842690,Narrator / scene text,,narration,inferred,third-/second-person scene description,"He opens the crimson book, its spine cracking audibly. Selecting a page carefully, he begins to read aloud. The words sound muffled, as though he's speaking through a thick haze.","He opens the crimson book, its spine cracking audibly. Selecting a page carefully, he begins to read aloud. The words sound muffled, as though he's speaking through a thick haze."
668,86974217865842691,Narrator / scene text,,narration,inferred,third-/second-person scene description,"You hear a growling, crackling in your ears. Suddenly, your vision flares and both of your ears pop. He closes the book.","You hear a growling, crackling in your ears. Suddenly, your vision flares and both of your ears pop. He closes the book."
669,86974217865842693,Collector,COLLECTOR_NAME_KEY,character speech,explicit,explicit speaker label,We must keep searching. I've been thinking more on where we might find another...,COLLECTOR_NAME_KEY: We must keep searching. I've been thinking more on where we might find another...
670,88389352136298496,Researcher,RESEARCHER_NAME_KEY,character speech,explicit,explicit speaker label,"Well, I got the sense that it was attacking the [C0]Research Outpost[/C0] itself, rather than me specifically.","RESEARCHER_NAME_KEY: Well, I got the sense that it was attacking the [C0]Research Outpost[/C0] itself, rather than me specifically."
671,88389352182435840,Researcher,RESEARCHER_NAME_KEY,character speech,explicit,explicit speaker label,"I suspect it was disturbed by some of my monitoring equipment. There were dozens of machines running there, all powered by a noisy generator.","RESEARCHER_NAME_KEY: I suspect it was disturbed by some of my monitoring equipment. There were dozens of machines running there, all powered by a noisy generator."
672,88389352182435841,Researcher,RESEARCHER_NAME_KEY,character speech,explicit,explicit speaker label,"It was huge - larger than any other marine species I've studied. It attacked with tentacles, so I'd guess at some sort of octopus or squid. Or an anemone.","RESEARCHER_NAME_KEY: It was huge - larger than any other marine species I've studied. It attacked with tentacles, so I'd guess at some sort of octopus or squid. Or an anemone."
673,88389352182435842,Researcher,RESEARCHER_NAME_KEY,character speech,explicit,explicit speaker label,"One of my research vessels was moored around the back of the station, so I managed to slip away in that while it was tearing apart the front.","RESEARCHER_NAME_KEY: One of my research vessels was moored around the back of the station, so I managed to slip away in that while it was tearing apart the front."
674,88389352182435843,Researcher,RESEARCHER_NAME_KEY,character speech,explicit,explicit speaker label,There was a lot of valuable data - and equipment - left there. But I'm not going back. I can't - I won't face it again.,RESEARCHER_NAME_KEY: There was a lot of valuable data - and equipment - left there. But I'm not going back. I can't - I won't face it again.
675,88389352182435844,Researcher,RESEARCHER_NAME_KEY,character speech,explicit,explicit speaker label,"Now that you mention it...I've been so preoccupied with the attack and having to rebuild here, I'd almost forgotten...","RESEARCHER_NAME_KEY: Now that you mention it...I've been so preoccupied with the attack and having to rebuild here, I'd almost forgotten..."
676,88389352182435845,Researcher,RESEARCHER_NAME_KEY,character speech,explicit,explicit speaker label,"I found these letters. From my sister. She'd sent them to me while I was studying, before - before she...","RESEARCHER_NAME_KEY: I found these letters. From my sister. She'd sent them to me while I was studying, before - before she..."
677,88389352182435846,Narrator / scene text,,narration,inferred,third-/second-person scene description,The Researcher is quiet for a moment and stares off to the side.,The Researcher is quiet for a moment and stares off to the side.
678,88389352182435847,Researcher,RESEARCHER_NAME_KEY,character speech,explicit,explicit speaker label,"Anyway, I kept finding them amongst my papers. I don't remember packing them, but I must have.","RESEARCHER_NAME_KEY: Anyway, I kept finding them amongst my papers. I don't remember packing them, but I must have."
679,88389352182435848,Researcher,RESEARCHER_NAME_KEY,character speech,explicit,explicit speaker label,I started finding them more frequently - they turned up in my collection nets. In my sampling tubes.,RESEARCHER_NAME_KEY: I started finding them more frequently - they turned up in my collection nets. In my sampling tubes.
680,88389352182435849,Researcher,RESEARCHER_NAME_KEY,character speech,explicit,explicit speaker label,They were letters I'd never seen before. But they were in her writing. They were in her name.,RESEARCHER_NAME_KEY: They were letters I'd never seen before. But they were in her writing. They were in her name.
681,88389352182435850,Researcher,RESEARCHER_NAME_KEY,character speech,explicit,explicit speaker label,They were saying things...talking about things that happened after she died. I can't explain it.,RESEARCHER_NAME_KEY: They were saying things...talking about things that happened after she died. I can't explain it.
682,88852755371970560,Narrator / scene text,,narration,inferred,third-/second-person scene description,"A slab of rock cuts above the waves. There are [C0]four large, powerful fish[/C0] shapes carved into its face, and four great fissures running through the rock's base.","A slab of rock cuts above the waves. There are [C0]four large, powerful fish[/C0] shapes carved into its face, and four great fissures running through the rock's base."
683,88852755422302208,Narrator / scene text,,narration,inferred,third-/second-person scene description,"You slide the four sharks into the fissures and they slip down out of sight. Moments later, you spot something rising towards the surface of the water.","You slide the four sharks into the fissures and they slip down out of sight. Moments later, you spot something rising towards the surface of the water."
684,89155828145377280,Unattributed,,unattributed Yarn text,unknown,no speaker tag; cannot safely infer,This dog needs a home. Do you want it?,This dog needs a home. Do you want it?
685,89155828191514624,Researcher,RESEARCHER_NAME_KEY,character speech,explicit,explicit speaker label,"A dog?! Oh gosh, let me see -","RESEARCHER_NAME_KEY: A dog?! Oh gosh, let me see -"
686,89155828191514625,Narrator / scene text,,narration,inferred,third-/second-person scene description,"The dog bounds over to the Researcher. She crouches down to pet the dog, grinning. The dog licks her chin in response.","The dog bounds over to the Researcher. She crouches down to pet the dog, grinning. The dog licks her chin in response."
687,89155828191514626,Researcher,RESEARCHER_NAME_KEY,character speech,explicit,explicit speaker label,I could definitely take this one off your hands - and I'd love the company. Are you sure?,RESEARCHER_NAME_KEY: I could definitely take this one off your hands - and I'd love the company. Are you sure?
688,89155828191514627,Unattributed,,unattributed Yarn text,unknown,no speaker tag; cannot safely infer,"Yes, you should take the dog.","Yes, you should take the dog."
689,89155828191514628,Researcher,RESEARCHER_NAME_KEY,character speech,explicit,explicit speaker label,"Yes! Thank you! Oh, we're going to be such good friends. He can be my assistant!","RESEARCHER_NAME_KEY: Yes! Thank you! Oh, we're going to be such good friends. He can be my assistant!"
690,89155828191514629,Unattributed,,unattributed Yarn text,unknown,no speaker tag; cannot safely infer,"On second thought, I'll keep the dog.","On second thought, I'll keep the dog."
691,89155828191514630,Researcher,RESEARCHER_NAME_KEY,character speech,explicit,explicit speaker label,"Aw, that's ok. He can come by and visit anytime.","RESEARCHER_NAME_KEY: Aw, that's ok. He can come by and visit anytime."
692,89155828191514631,Narrator / scene text,,narration,inferred,third-/second-person scene description,"There is a skinny brown dog leaping around in the shallows. Occasionally it lunges at the water, snapping at some small, silvery fish. Its technique is ineffective.","There is a skinny brown dog leaping around in the shallows. Occasionally it lunges at the water, snapping at some small, silvery fish. Its technique is ineffective."
693,89155828191514632,Player (action choice),,player action choice,inferred,bracketed interactive action,\[Disembark.\],\[Disembark.\]
694,89155828191514633,Player (action choice),,player action choice,inferred,bracketed interactive action,\[Continue sailing.\],\[Continue sailing.\]
695,89155828191514634,Dog,DOG_NAME_KEY,character speech,explicit,explicit speaker label,You jump off the boat into thigh-high water. The dog stops chasing fish and focuses on you.,DOG_NAME_KEY: You jump off the boat into thigh-high water. The dog stops chasing fish and focuses on you.
696,89155828191514635,Player (action choice),,player action choice,inferred,bracketed interactive action,\[Pat the dog.\],\[Pat the dog.\]
697,89155828191514636,Unattributed,,unattributed Yarn text,unknown,no speaker tag; cannot safely infer,You're too far away to pat the dog.,You're too far away to pat the dog.
698,89155828191514637,Player (action choice),,player action choice,inferred,bracketed interactive action,\[Slowly approach.\],\[Slowly approach.\]
699,89155828191514638,Player (action choice),,player action choice,inferred,bracketed interactive action,\[Call for the dog.\],\[Call for the dog.\]
700,89155828191514639,Dog,DOG_NAME_KEY,character speech,explicit,explicit speaker label,"The dog wags its tail briefly, but doesn't move.","DOG_NAME_KEY: The dog wags its tail briefly, but doesn't move."
701,89155828191514640,Player (action choice),,player action choice,inferred,bracketed interactive action,\[Throw some fish towards the dog.\],\[Throw some fish towards the dog.\]
702,89155828191514641,Dog,DOG_NAME_KEY,character speech,explicit,explicit speaker label,"You throw some scraps into the water near the dog. It pounces at the splash, and swallows sea water.","DOG_NAME_KEY: You throw some scraps into the water near the dog. It pounces at the splash, and swallows sea water."
703,89155828191514642,Player (action choice),,player action choice,inferred,bracketed interactive action,\[Leave.\],\[Leave.\]
704,89155828191514643,Dog,DOG_NAME_KEY,character speech,explicit,explicit speaker label,"You wade towards the shore. As you get nearer, the dog backs up a little ways. It sits.","DOG_NAME_KEY: You wade towards the shore. As you get nearer, the dog backs up a little ways. It sits."
705,89155828191514644,Player (action choice),,player action choice,inferred,bracketed interactive action,\[Pat the dog.\],\[Pat the dog.\]
706,89155828191514645,Unattributed,,unattributed Yarn text,unknown,no speaker tag; cannot safely infer,You're too far away to pat the dog.,You're too far away to pat the dog.
707,89155828191514646,Player (action choice),,player action choice,inferred,bracketed interactive action,\[Slowly approach.\],\[Slowly approach.\]
708,89155828191514647,Dog,DOG_NAME_KEY,character speech,explicit,explicit speaker label,"You start to walk closer to the dog, but it runs away nervously and hides in some bushes. After a few moments, it emerges again.","DOG_NAME_KEY: You start to walk closer to the dog, but it runs away nervously and hides in some bushes. After a few moments, it emerges again."
709,89155828191514648,Player (action choice),,player action choice,inferred,bracketed interactive action,\[Call for the dog.\],\[Call for the dog.\]
710,89155828191514649,Player (action choice),,player action choice,inferred,bracketed interactive action,\[Throw some fish towards the dog.\],\[Throw some fish towards the dog.\]
711,89155828191514650,Dog,DOG_NAME_KEY,character speech,explicit,explicit speaker label,"You throw some scraps towards the dog, which land in the sand. The dog eats them, along with a mouthful of sand.","DOG_NAME_KEY: You throw some scraps towards the dog, which land in the sand. The dog eats them, along with a mouthful of sand."
712,89155828191514651,Player (action choice),,player action choice,inferred,bracketed interactive action,\[Leave.\],\[Leave.\]
713,89155828191514652,Dog,DOG_NAME_KEY,character speech,explicit,explicit speaker label,"You make soft, encouraging noises, and the dog cautiously approaches. It stops just out of your reach.","DOG_NAME_KEY: You make soft, encouraging noises, and the dog cautiously approaches. It stops just out of your reach."
714,89155828191514653,Player (action choice),,player action choice,inferred,bracketed interactive action,\[Pat the dog.\],\[Pat the dog.\]
715,89155828191514654,Dog,DOG_NAME_KEY,character speech,explicit,explicit speaker label,"You extend your arm out towards the dog. It shies away and retreats up the shoreline. It looks at you expectantly, and licks its lips.","DOG_NAME_KEY: You extend your arm out towards the dog. It shies away and retreats up the shoreline. It looks at you expectantly, and licks its lips."
716,89155828191514655,Player (action choice),,player action choice,inferred,bracketed interactive action,\[Slowly approach.\],\[Slowly approach.\]
717,89155828191514656,Dog,DOG_NAME_KEY,character speech,explicit,explicit speaker label,"You move closer to the dog. It seems startled, and runs back up the shoreline.","DOG_NAME_KEY: You move closer to the dog. It seems startled, and runs back up the shoreline."
718,89155828191514657,Player (action choice),,player action choice,inferred,bracketed interactive action,\[Call for the dog.\],\[Call for the dog.\]
719,89155828191514658,Dog,DOG_NAME_KEY,character speech,explicit,explicit speaker label,"You call out to the dog softly, but it doesn't seem to want to come any closer.","DOG_NAME_KEY: You call out to the dog softly, but it doesn't seem to want to come any closer."
720,89155828191514659,Player (action choice),,player action choice,inferred,bracketed interactive action,\[Hold out some fish in your hand.\],\[Hold out some fish in your hand.\]
721,89155828191514660,Player (action choice),,player action choice,inferred,bracketed interactive action,\[Leave.\],\[Leave.\]
722,89155828191514661,Dog,DOG_NAME_KEY,character speech,explicit,explicit speaker label,"You hold out some fish scraps in the palm of your hand. The dog approaches slowly, but soon begins licking at them.","DOG_NAME_KEY: You hold out some fish scraps in the palm of your hand. The dog approaches slowly, but soon begins licking at them."
723,89155828191514662,Player (action choice),,player action choice,inferred,bracketed interactive action,\[Pat the dog.\],\[Pat the dog.\]
724,89155828191514663,Player (action choice),,player action choice,inferred,bracketed interactive action,\[Leave.\],\[Leave.\]
725,89155828191514664,Dog,DOG_NAME_KEY,character speech,explicit,explicit speaker label,"You reach out and gently pat the dog. Its eyes follow your hand, and it seems to understand you're not a threat.","DOG_NAME_KEY: You reach out and gently pat the dog. Its eyes follow your hand, and it seems to understand you're not a threat."
726,89155828191514665,Dog,DOG_NAME_KEY,character speech,explicit,explicit speaker label,You pat the dog again. It seems to be enjoying it.,DOG_NAME_KEY: You pat the dog again. It seems to be enjoying it.
727,89155828191514666,Narrator / scene text,,narration,inferred,third-/second-person scene description,"You make your way back towards the boat. As you're wading out, you hear the sloshing of four legs cutting through the water. You stop and turn around.","You make your way back towards the boat. As you're wading out, you hear the sloshing of four legs cutting through the water. You stop and turn around."
728,89155828191514667,Dog,DOG_NAME_KEY,character speech,explicit,explicit speaker label,The dog is standing a few paces behind you. It tilts its head questioningly.,DOG_NAME_KEY: The dog is standing a few paces behind you. It tilts its head questioningly.
729,89155828191514668,Player (action choice),,player action choice,inferred,bracketed interactive action,\[Let it follow you.\],\[Let it follow you.\]
730,89155828191514669,Narrator / scene text,,narration,inferred,third-/second-person scene description,"You continue, this time with the dog alongside. Its tail is wagging so hard it beats the water into a froth behind it.","You continue, this time with the dog alongside. Its tail is wagging so hard it beats the water into a froth behind it."
731,89155828191514670,Narrator / scene text,,narration,inferred,third-/second-person scene description,"When you get to the boat, you turn around to pull the dog on board.","When you get to the boat, you turn around to pull the dog on board."
732,89155828191514671,Player (action choice),,player action choice,inferred,bracketed interactive action,\[Shoo it away.\],\[Shoo it away.\]
733,89155828191514672,Narrator / scene text,,narration,inferred,third-/second-person scene description,"You shout at the dog and hit the water with your hands. The dog scampers away, out of sight.","You shout at the dog and hit the water with your hands. The dog scampers away, out of sight."
734,89155828191514673,Narrator / scene text,,narration,inferred,third-/second-person scene description,"You climb back onto your boat, leaving the dog behind.","You climb back onto your boat, leaving the dog behind."
735,89155828191514674,Dog,DOG_NAME_KEY,character speech,explicit,explicit speaker label,"You lift the dog onto the deck. It walks around briefly, before curling into a ball and looking up at you. Maybe you could find this dog a more permanent home.","DOG_NAME_KEY: You lift the dog onto the deck. It walks around briefly, before curling into a ball and looking up at you. Maybe you could find this dog a more permanent home."
736,89155828191514675,Narrator / scene text,,narration,inferred,third-/second-person scene description,"You leave the dog treading water beside the boat. After some time, it turns around and swims back to shore.","You leave the dog treading water beside the boat. After some time, it turns around and swims back to shore."
737,89186998581121024,Researcher,RESEARCHER_NAME_KEY,character speech,explicit,explicit speaker label,"I thought I would relish the peace and quiet. But I miss having company. I've always had someone, or at least a pet. Out here...it's just machines.","RESEARCHER_NAME_KEY: I thought I would relish the peace and quiet. But I miss having company. I've always had someone, or at least a pet. Out here...it's just machines."
738,89448783928168448,Dog,DOG_NAME_KEY,character speech,explicit,explicit speaker label,"Suddenly, the dog stands upright and begins to retch, its stomach heaving. Seconds later, it vomits a wet glob onto the floor. [C1]Something glistens through the mucus[/C1].","DOG_NAME_KEY: Suddenly, the dog stands upright and begins to retch, its stomach heaving. Seconds later, it vomits a wet glob onto the floor. [C1]Something glistens through the mucus[/C1]."
739,89448783949139968,Researcher,RESEARCHER_NAME_KEY,character speech,explicit,explicit speaker label,"Oh um, that's...interesting. I suppose that's yours. If you want it.","RESEARCHER_NAME_KEY: Oh um, that's...interesting. I suppose that's yours. If you want it."
740,89448783949139969,Researcher,RESEARCHER_NAME_KEY,character speech,explicit,explicit speaker label,"I can clean the rest up, don't worry about it.","RESEARCHER_NAME_KEY: I can clean the rest up, don't worry about it."
741,89479713950601216,Narrator / scene text,,narration,inferred,third-/second-person scene description,There are some boxes scattered haphazardly on the shore.,There are some boxes scattered haphazardly on the shore.
742,89479713954795520,Unattributed,,unattributed Yarn text,unknown,no speaker tag; cannot safely infer,Look inside.,Look inside.
743,89479713954795521,Player (action choice),,player action choice,inferred,bracketed interactive action,\[Leave.\],\[Leave.\]
744,89479713954795522,Narrator / scene text,,narration,inferred,third-/second-person scene description,A curious looking chest is half submerged in the sand.,A curious looking chest is half submerged in the sand.
745,89479713954795523,Unattributed,,unattributed Yarn text,unknown,no speaker tag; cannot safely infer,Look inside.,Look inside.
746,89479713954795524,Player (action choice),,player action choice,inferred,bracketed interactive action,\[Leave.\],\[Leave.\]
747,89479713954795525,Unattributed,,unattributed Yarn text,unknown,no speaker tag; cannot safely infer,Waves lap at a pile of flotsam collecting on the beach. Nestled in the center is a wooden chest.,Waves lap at a pile of flotsam collecting on the beach. Nestled in the center is a wooden chest.
748,89479713954795526,Unattributed,,unattributed Yarn text,unknown,no speaker tag; cannot safely infer,Look inside.,Look inside.
749,89479713954795527,Player (action choice),,player action choice,inferred,bracketed interactive action,\[Leave.\],\[Leave.\]
750,89479713954795528,Unattributed,,unattributed Yarn text,unknown,no speaker tag; cannot safely infer,"Lying just beneath the surface of the water is a floating chest, held down by a chain that disappears into the deep.","Lying just beneath the surface of the water is a floating chest, held down by a chain that disappears into the deep."
751,89479713954795529,Unattributed,,unattributed Yarn text,unknown,no speaker tag; cannot safely infer,Open it.,Open it.
752,89479713954795530,Player (action choice),,player action choice,inferred,bracketed interactive action,\[Leave.\],\[Leave.\]
753,104041768898711552,Narrator / scene text,,narration,inferred,third-/second-person scene description,"The [C0]Laboratory[/C0] is in ruins, with equipment and research papers strewn about the place.","The [C0]Laboratory[/C0] is in ruins, with equipment and research papers strewn about the place."
754,104041768953237504,Unattributed,,unattributed Yarn text,unknown,no speaker tag; cannot safely infer,Open the cupboards.,Open the cupboards.
755,104041768953237505,Unattributed,,unattributed Yarn text,unknown,no speaker tag; cannot safely infer,Inspect the equipment on the table.,Inspect the equipment on the table.
756,104041768953237506,Unattributed,,unattributed Yarn text,unknown,no speaker tag; cannot safely infer,Look around on the floor.,Look around on the floor.
757,104041768953237507,Narrator / scene text,,narration,inferred,third-/second-person scene description,"There are some strange looking [C0]Prototype Parts[/C0] on the table, but you can't see any use for them right now.","There are some strange looking [C0]Prototype Parts[/C0] on the table, but you can't see any use for them right now."
758,104041768953237508,Unattributed,,unattributed Yarn text,unknown,no speaker tag; cannot safely infer,You check the cupboards.,You check the cupboards.
759,104041768953237509,Unattributed,,unattributed Yarn text,unknown,no speaker tag; cannot safely infer,There's nothing left in the cupboards.,There's nothing left in the cupboards.
760,104041768953237510,Unattributed,,unattributed Yarn text,unknown,no speaker tag; cannot safely infer,You empty the cupboards.,You empty the cupboards.
761,104041768953237511,Narrator / scene text,,narration,inferred,third-/second-person scene description,You look around on the floor. There are cracks in the base of the structure that grow to large gashes as you follow them along to the walls.,You look around on the floor. There are cracks in the base of the structure that grow to large gashes as you follow them along to the walls.
762,104041768953237512,Unattributed,,unattributed Yarn text,unknown,no speaker tag; cannot safely infer,All that's left are scattered sheets of paper.,All that's left are scattered sheets of paper.
763,104041768953237513,Unattributed,,unattributed Yarn text,unknown,no speaker tag; cannot safely infer,You pluck an item from a gouge in the floor.,You pluck an item from a gouge in the floor.
764,104048151782150144,Player (action choice),,player action choice,inferred,bracketed interactive action,\[Kick the ashes.\],\[Kick the ashes.\]
765,104048151782150145,Player (action choice),,player action choice,inferred,bracketed interactive action,\[Go back.\],\[Go back.\]
766,104048151782150146,Unattributed,,unattributed Yarn text,unknown,no speaker tag; cannot safely infer,There's nothing left to kick.,There's nothing left to kick.
767,104048151782150147,Narrator / scene text,,narration,inferred,third-/second-person scene description,You kick the ashes. Your foot hits something hard at the bottom of the pile. You brush the remnants aside.,You kick the ashes. Your foot hits something hard at the bottom of the pile. You brush the remnants aside.
768,104048151782150148,Unattributed,,unattributed Yarn text,unknown,no speaker tag; cannot safely infer,You take it.,You take it.
769,104048151782150149,Player (choice),,player option,inferred,"first-person, question or response text without NPC label",Where do you want to look?,Where do you want to look?
770,104062385798696960,Unattributed,,unattributed Yarn text,unknown,no speaker tag; cannot safely infer,All that's left of this boat is an old husk. You pull a little closer.,All that's left of this boat is an old husk. You pull a little closer.
771,104062385798696961,Unattributed,,unattributed Yarn text,unknown,no speaker tag; cannot safely infer,Look inside.,Look inside.
772,104062385798696962,Player (action choice),,player action choice,inferred,bracketed interactive action,\[Leave.\],\[Leave.\]
773,104062385798696963,Narrator / scene text,,narration,inferred,third-/second-person scene description,A once strong wooden hull lays broken against the shoreline. The stern is completely beached.,A once strong wooden hull lays broken against the shoreline. The stern is completely beached.
774,104062385798696964,Unattributed,,unattributed Yarn text,unknown,no speaker tag; cannot safely infer,Try to get inside the stern.,Try to get inside the stern.
775,104062385798696965,Narrator / scene text,,narration,inferred,third-/second-person scene description,You pull a bit closer and manage to clamber into the back of the wreck. You look around.,You pull a bit closer and manage to clamber into the back of the wreck. You look around.
776,104062385798696966,Player (action choice),,player action choice,inferred,bracketed interactive action,\[Leave.\],\[Leave.\]
777,104062385798696967,Narrator / scene text,,narration,inferred,third-/second-person scene description,"A rotten mast lays down on this island, half hidden by the foliage. At its base, an old boat is cracked in two.","A rotten mast lays down on this island, half hidden by the foliage. At its base, an old boat is cracked in two."
778,104062385798696968,Unattributed,,unattributed Yarn text,unknown,no speaker tag; cannot safely infer,Look inside.,Look inside.
779,104062385798696969,Player (action choice),,player action choice,inferred,bracketed interactive action,\[Leave.\],\[Leave.\]
780,104315201322668032,Player (action choice),,player action choice,inferred,bracketed interactive action,\[Leave.\],\[Leave.\]
781,104322849489211392,Narrator / scene text,,narration,inferred,third-/second-person scene description,She reaches into her toolbox and pulls out a handful of components.,She reaches into her toolbox and pulls out a handful of components.
782,108775052937449472,Soldier,SOLDIER_NAME_KEY,character speech,explicit,explicit speaker label,How are things going?,SOLDIER_NAME_KEY: How are things going?
783,108775052987781120,Narrator / scene text,,narration,inferred,third-/second-person scene description,"A large man is watching you through the billowing smoke of a campfire, idly carving away at a wooden stake. He stands as you pull ashore.","A large man is watching you through the billowing smoke of a campfire, idly carving away at a wooden stake. He stands as you pull ashore."
784,108775052987781121,Soldier,SOLDIER_NAME_KEY,character speech,explicit,explicit speaker label,Stranger. From that look on your face I'd say you've encountered the local [C3]wretches[/C3]. Take a seat.,SOLDIER_NAME_KEY: Stranger. From that look on your face I'd say you've encountered the local [C3]wretches[/C3]. Take a seat.
785,108775052987781122,Unattributed,,unattributed Yarn text,unknown,no speaker tag; cannot safely infer,You join him by the fire.,You join him by the fire.
786,108775052987781123,Soldier,SOLDIER_NAME_KEY,character speech,explicit,explicit speaker label,I've been trying to rid them from this accursed jungle ever since we wrecked here.,SOLDIER_NAME_KEY: I've been trying to rid them from this accursed jungle ever since we wrecked here.
787,108775052987781127,Soldier,SOLDIER_NAME_KEY,character speech,explicit,explicit speaker label,"I'd ask you for safe passage away from here, but not until after I've [C0]avenged my squadron[/C0].","SOLDIER_NAME_KEY: I'd ask you for safe passage away from here, but not until after I've [C0]avenged my squadron[/C0]."
788,108775052987781128,Player (choice),,player option,inferred,"first-person, question or response text without NPC label",What happened to them?,What happened to them?
789,108775052987781129,Soldier,SOLDIER_NAME_KEY,character speech,explicit,explicit speaker label,"A number of us went down in the fog, crashing into trees or ditching into the water. Those that survived rallied here, under the boughs of this giant tree.","SOLDIER_NAME_KEY: A number of us went down in the fog, crashing into trees or ditching into the water. Those that survived rallied here, under the boughs of this giant tree."
790,108775052987781130,Soldier,SOLDIER_NAME_KEY,character speech,explicit,explicit speaker label,"But it offered us scant protection. Before help could arrive, our numbers quickly dwindled. Picked off by the fiends and the forest.","SOLDIER_NAME_KEY: But it offered us scant protection. Before help could arrive, our numbers quickly dwindled. Picked off by the fiends and the forest."
791,108775052987781131,Player (choice),,player option,inferred,"first-person, question or response text without NPC label",I'm listening.,I'm listening.
792,108775052987781132,Soldier,SOLDIER_NAME_KEY,character speech,explicit,explicit speaker label,I've met a few would-be rescuers over the years. But none would help me in my fight. Are you any different to the rest?,SOLDIER_NAME_KEY: I've met a few would-be rescuers over the years. But none would help me in my fight. Are you any different to the rest?
793,108775052987781133,Player (choice),,player option,inferred,"first-person, question or response text without NPC label",I can help.,I can help.
794,108775052987781134,Unattributed,,unattributed Yarn text,unknown,no speaker tag; cannot safely infer,Not right now.,Not right now.
795,108775052987781135,Soldier,SOLDIER_NAME_KEY,character speech,explicit,explicit speaker label,"I expected as such. Stay safe, if you can.","SOLDIER_NAME_KEY: I expected as such. Stay safe, if you can."
796,108775052987781136,Soldier,SOLDIER_NAME_KEY,character speech,explicit,explicit speaker label,Fisherman. Have you found your courage?,SOLDIER_NAME_KEY: Fisherman. Have you found your courage?
797,108775052987781137,Unattributed,,unattributed Yarn text,unknown,no speaker tag; cannot safely infer,"Yes, I can help you.","Yes, I can help you."
798,108775052987781138,Unattributed,,unattributed Yarn text,unknown,no speaker tag; cannot safely infer,Not right now.,Not right now.
799,108775052987781139,Soldier,SOLDIER_NAME_KEY,character speech,explicit,explicit speaker label,"Hmmph. Be off with you, then.","SOLDIER_NAME_KEY: Hmmph. Be off with you, then."
800,108775052987781140,Soldier,SOLDIER_NAME_KEY,character speech,explicit,explicit speaker label,I figured you'd be up for it. You...you have the look. Listen up.,SOLDIER_NAME_KEY: I figured you'd be up for it. You...you have the look. Listen up.
801,108775052987781141,Soldier,SOLDIER_NAME_KEY,character speech,explicit,explicit speaker label,"First, we need to [C0]find the lost pieces of my squadron's mortar[/C0]. We'll then use that to bombard the beasts.","SOLDIER_NAME_KEY: First, we need to [C0]find the lost pieces of my squadron's mortar[/C0]. We'll then use that to bombard the beasts."
802,108775052987781142,Soldier,SOLDIER_NAME_KEY,character speech,explicit,explicit speaker label,"Other planes went down to the [C0]North[/C0] and [C0]East[/C0] of where we are now. I'll mark the possible crash sites on your map, you go and see what you can salvage.","SOLDIER_NAME_KEY: Other planes went down to the [C0]North[/C0] and [C0]East[/C0] of where we are now. I'll mark the possible crash sites on your map, you go and see what you can salvage."
803,108775052987781143,Soldier,SOLDIER_NAME_KEY,character speech,explicit,explicit speaker label,Hmm?,SOLDIER_NAME_KEY: Hmm?
804,108775052987781144,Player (choice),,player option,inferred,"first-person, question or response text without NPC label",Can you make up some Bait for me?,Can you make up some Bait for me?
805,108775052987781145,Player (choice),,player option,inferred,"first-person, question or response text without NPC label",What will you do now?,What will you do now?
806,108775052987781146,Player (choice),,player option,inferred,"first-person, question or response text without NPC label",I have a creature corpse to show you.,I have a creature corpse to show you.
807,108775052987781147,Player (choice),,player option,inferred,"first-person, question or response text without NPC label",Let's talk about baiting the traps.,Let's talk about baiting the traps.
808,108775052987781148,Player (choice),,player option,inferred,"first-person, question or response text without NPC label",I've found parts of the mortar.,I've found parts of the mortar.
809,108775052987781149,Player (choice),,player option,inferred,"first-person, question or response text without NPC label",What am I supposed to be doing?,What am I supposed to be doing?
810,108775052987781150,Player (choice),,player option,inferred,"first-person, question or response text without NPC label",Are there any shipwrecks around here?,Are there any shipwrecks around here?
811,108775052987781151,Player (choice),,player option,inferred,"first-person, question or response text without NPC label",Tell me about the 'Mind Suckers'.,Tell me about the 'Mind Suckers'.
812,108775052987781152,Unattributed,,unattributed Yarn text,unknown,no speaker tag; cannot safely infer,That's everything.,That's everything.
813,108775052987781153,Soldier,SOLDIER_NAME_KEY,character speech,explicit,explicit speaker label,Shipwrecks? No. Anything that meets its end here is quickly swallowed by the silt.,SOLDIER_NAME_KEY: Shipwrecks? No. Anything that meets its end here is quickly swallowed by the silt.
814,108775052987781154,Soldier,SOLDIER_NAME_KEY,character speech,explicit,explicit speaker label,"Devilish creatures, through and through. They'll stalk you along the waterways and emerge suddenly, [C3]screeching their terrible song[/C3].","SOLDIER_NAME_KEY: Devilish creatures, through and through. They'll stalk you along the waterways and emerge suddenly, [C3]screeching their terrible song[/C3]."
815,108775052987781155,Soldier,SOLDIER_NAME_KEY,character speech,explicit,explicit speaker label,You need to [C0]find the lost pieces of my squadron's mortar[/C0]. I've marked some locations to search on your map. Let me know how you get on.,SOLDIER_NAME_KEY: You need to [C0]find the lost pieces of my squadron's mortar[/C0]. I've marked some locations to search on your map. Let me know how you get on.
816,108775052987781156,Soldier,SOLDIER_NAME_KEY,character speech,explicit,explicit speaker label,"You've found one component, but it's still missing a piece. Nearly there; keep looking.","SOLDIER_NAME_KEY: You've found one component, but it's still missing a piece. Nearly there; keep looking."
817,108775052987781157,Soldier,SOLDIER_NAME_KEY,character speech,explicit,explicit speaker label,"That's the lot. Now, while I work on assembling the mortar, you can get started on the next phase of the plan.","SOLDIER_NAME_KEY: That's the lot. Now, while I work on assembling the mortar, you can get started on the next phase of the plan."
818,108775052987781158,Soldier,SOLDIER_NAME_KEY,character speech,explicit,explicit speaker label,You may have noticed some [C0]contraptions[/C0] in the lagoons around here. I've assembled those traps for the [C3]Mind Suckers[/C3]. We just need to [C0]lure them in[/C0] there.,SOLDIER_NAME_KEY: You may have noticed some [C0]contraptions[/C0] in the lagoons around here. I've assembled those traps for the [C3]Mind Suckers[/C3]. We just need to [C0]lure them in[/C0] there.
819,108775052987781159,Soldier,SOLDIER_NAME_KEY,character speech,explicit,explicit speaker label,"Once they're in, you see, I can [C1]fire on them with our new mortar[/C1]. And that'll be the end of them. No more nightmares.","SOLDIER_NAME_KEY: Once they're in, you see, I can [C1]fire on them with our new mortar[/C1]. And that'll be the end of them. No more nightmares."
820,108775052987781160,Soldier,SOLDIER_NAME_KEY,character speech,explicit,explicit speaker label,I'll mark the locations of the traps on your map. Got it?,SOLDIER_NAME_KEY: I'll mark the locations of the traps on your map. Got it?
821,108775052987781161,Soldier,SOLDIER_NAME_KEY,character speech,explicit,explicit speaker label,Have you got everything?,SOLDIER_NAME_KEY: Have you got everything?
822,108775052987781162,Player (choice),,player option,inferred,"first-person, question or response text without NPC label",How do we get the Mind Suckers into the traps?,How do we get the Mind Suckers into the traps?
823,108775052987781163,Soldier,SOLDIER_NAME_KEY,character speech,explicit,explicit speaker label,They're attracted to some very specific types of [C1]Bait[/C1]. Your skills will come in handy here yet again.,SOLDIER_NAME_KEY: They're attracted to some very specific types of [C1]Bait[/C1]. Your skills will come in handy here yet again.
824,108775052987781164,Player (choice),,player option,inferred,"first-person, question or response text without NPC label",Is it safe?,Is it safe?
825,108775052987781165,Soldier,SOLDIER_NAME_KEY,character speech,explicit,explicit speaker label,Of course not.,SOLDIER_NAME_KEY: Of course not.
826,108775052987781166,Player (choice),,player option,inferred,"first-person, question or response text without NPC label",How did you make those traps?,How did you make those traps?
827,108775052987781167,Soldier,SOLDIER_NAME_KEY,character speech,explicit,explicit speaker label,"With patience. The [C0]creatures only seem to sense movement[/C0]. So whenever one was close, I froze.","SOLDIER_NAME_KEY: With patience. The [C0]creatures only seem to sense movement[/C0]. So whenever one was close, I froze."
828,108775052987781168,Player (choice),,player option,inferred,"first-person, question or response text without NPC label",I understand. So what's next?,I understand. So what's next?
829,108775052987781169,Soldier,SOLDIER_NAME_KEY,character speech,explicit,explicit speaker label,We need to [C0]make three special Baits[/C0] from different combinations of fish.,SOLDIER_NAME_KEY: We need to [C0]make three special Baits[/C0] from different combinations of fish.
830,108775052987781170,Soldier,SOLDIER_NAME_KEY,character speech,explicit,explicit speaker label,Did you want to know anything else about the [C0]Bait[/C0]?,SOLDIER_NAME_KEY: Did you want to know anything else about the [C0]Bait[/C0]?
831,108775052987781171,Player (choice),,player option,inferred,"first-person, question or response text without NPC label",Let's discuss the Bait for the first one.,Let's discuss the Bait for the first one.
832,108775052987781172,Player (choice),,player option,inferred,"first-person, question or response text without NPC label",Let's discuss the Bait for the second one.,Let's discuss the Bait for the second one.
833,108775052987781173,Player (choice),,player option,inferred,"first-person, question or response text without NPC label",Let's discuss the Bait for the last one.,Let's discuss the Bait for the last one.
834,108775052987781174,Player (choice),,player option,inferred,"first-person, question or response text without NPC label",Where do I put the Bait?,Where do I put the Bait?
835,108775052987781175,Soldier,SOLDIER_NAME_KEY,character speech,explicit,explicit speaker label,In one of the [C0]traps[/C0] I've constructed in the lagoons. They're marked on your [C0]Map[/C0].,SOLDIER_NAME_KEY: In one of the [C0]traps[/C0] I've constructed in the lagoons. They're marked on your [C0]Map[/C0].
836,108775052987781176,Unattributed,,unattributed Yarn text,unknown,no speaker tag; cannot safely infer,That's all for now.,That's all for now.
837,108775052987781177,Soldier,SOLDIER_NAME_KEY,character speech,explicit,explicit speaker label,This one takes [C0]three fish[/C0] from the area to make.,SOLDIER_NAME_KEY: This one takes [C0]three fish[/C0] from the area to make.
838,108775052987781178,Soldier,SOLDIER_NAME_KEY,character speech,explicit,explicit speaker label,This one needs [C0]two fish[/C0] from the area to make.,SOLDIER_NAME_KEY: This one needs [C0]two fish[/C0] from the area to make.
839,108775052987781179,Soldier,SOLDIER_NAME_KEY,character speech,explicit,explicit speaker label,This one requires [C0]two fish[/C0] from the area to make.,SOLDIER_NAME_KEY: This one requires [C0]two fish[/C0] from the area to make.
840,108775052987781180,Soldier,SOLDIER_NAME_KEY,character speech,explicit,explicit speaker label,"That should do it. I'll just mix these in...here. [C0]Load this into a trap[/C0], then get well clear from it.","SOLDIER_NAME_KEY: That should do it. I'll just mix these in...here. [C0]Load this into a trap[/C0], then get well clear from it."
841,108775052987781181,Soldier,SOLDIER_NAME_KEY,character speech,explicit,explicit speaker label,"That should do it. I'll just mix these in...here. [C0]Load this into a trap[/C0], then get well clear from it.","SOLDIER_NAME_KEY: That should do it. I'll just mix these in...here. [C0]Load this into a trap[/C0], then get well clear from it."
842,108775052987781182,Soldier,SOLDIER_NAME_KEY,character speech,explicit,explicit speaker label,"That should do it. I'll just mix these in...here. [C0]Load this into a trap[/C0], then get well clear from it.","SOLDIER_NAME_KEY: That should do it. I'll just mix these in...here. [C0]Load this into a trap[/C0], then get well clear from it."
843,108775052987781183,Soldier,SOLDIER_NAME_KEY,character speech,explicit,explicit speaker label,[C2]I don't have all the fish for that bait yet[/C2]. Come back when you've got the rest.,SOLDIER_NAME_KEY: [C2]I don't have all the fish for that bait yet[/C2]. Come back when you've got the rest.
844,108775052987781184,Narrator / scene text,,narration,inferred,third-/second-person scene description,A large cage is suspended over the water. A small receptacle is floating underneath.,A large cage is suspended over the water. A small receptacle is floating underneath.
845,108775052987781185,Unattributed,,unattributed Yarn text,unknown,no speaker tag; cannot safely infer,Load the trap with Bait.,Load the trap with Bait.
846,108775052987781186,Unattributed,,unattributed Yarn text,unknown,no speaker tag; cannot safely infer,Leave it alone.,Leave it alone.
847,108775052987781187,Narrator / scene text,,narration,inferred,third-/second-person scene description,You load the [C0]Bait[/C0] into the trap. You should probably move away.,You load the [C0]Bait[/C0] into the trap. You should probably move away.
848,108775052987781188,Unattributed,,unattributed Yarn text,unknown,no speaker tag; cannot safely infer,This trap has been baited. Better get to a safe distance and wait.,This trap has been baited. Better get to a safe distance and wait.
849,108775052987781189,Narrator / scene text,,narration,inferred,third-/second-person scene description,Inside is the obliterated corpse of a [C3]Mind Sucker[/C3]. The Airman will be expecting proof of your success.,Inside is the obliterated corpse of a [C3]Mind Sucker[/C3]. The Airman will be expecting proof of your success.
850,108775052987781190,Unattributed,,unattributed Yarn text,unknown,no speaker tag; cannot safely infer,The rest of the carcass sinks out of sight.,The rest of the carcass sinks out of sight.
851,108775052987781191,Unattributed,,unattributed Yarn text,unknown,no speaker tag; cannot safely infer,You leave it in there for now.,You leave it in there for now.
852,108775052987781192,Narrator / scene text,,narration,inferred,third-/second-person scene description,"A mangled mess of wood and wire. The trap itself was re-usable, but not after being hit by a mortar.","A mangled mess of wood and wire. The trap itself was re-usable, but not after being hit by a mortar."
853,108775052987781193,Soldier,SOLDIER_NAME_KEY,character speech,explicit,explicit speaker label,Let's see it then.,SOLDIER_NAME_KEY: Let's see it then.
854,108775052987781194,Narrator / scene text,,narration,inferred,third-/second-person scene description,"You hand the tattered lump of flesh to the Airman. It's almost unrecognizable, but you both know it couldn't have belonged to anything else.","You hand the tattered lump of flesh to the Airman. It's almost unrecognizable, but you both know it couldn't have belonged to anything else."
855,108775052987781195,Narrator / scene text,,narration,inferred,third-/second-person scene description,"He pokes at it with his knife, testing the rubbery meat. He seems satisfied.","He pokes at it with his knife, testing the rubbery meat. He seems satisfied."
856,108775052987781196,Soldier,SOLDIER_NAME_KEY,character speech,explicit,explicit speaker label,"Yes...this is one of the beasts. Progress at last. More to go, though.","SOLDIER_NAME_KEY: Yes...this is one of the beasts. Progress at last. More to go, though."
857,108775052987781197,Narrator / scene text,,narration,inferred,third-/second-person scene description,You drop the flesh onto the ground and he gives it a few slashes with the knife. It wobbles a little.,You drop the flesh onto the ground and he gives it a few slashes with the knife. It wobbles a little.
858,108775052987781198,Soldier,SOLDIER_NAME_KEY,character speech,explicit,explicit speaker label,"Another one taken care of. One remains, by my count. Let's finish this.","SOLDIER_NAME_KEY: Another one taken care of. One remains, by my count. Let's finish this."
859,108775052987781199,Narrator / scene text,,narration,inferred,third-/second-person scene description,"You drop the large, bloodied carcass in front of the Airman. His eyes fill with sadistic delight.","You drop the large, bloodied carcass in front of the Airman. His eyes fill with sadistic delight."
860,108775052987781200,Narrator / scene text,,narration,inferred,third-/second-person scene description,"He bends down and plunges his knife into the soft flesh. It falls away before the blade, revealing a [C3]glint of metal[/C3].","He bends down and plunges his knife into the soft flesh. It falls away before the blade, revealing a [C3]glint of metal[/C3]."
861,108775052987781201,Narrator / scene text,,narration,inferred,third-/second-person scene description,"With a sickening tear, he wrests it from where it was embedded in the flesh of the creature. He holds it aloft. You recognize it as a [C3]necklace[/C3], glistening in gore.","With a sickening tear, he wrests it from where it was embedded in the flesh of the creature. He holds it aloft. You recognize it as a [C3]necklace[/C3], glistening in gore."
862,108775052987781202,Soldier,SOLDIER_NAME_KEY,character speech,explicit,explicit speaker label,"Well fisherman, some fortune at last. This ought to fetch a decent price from the right collector. Here, why don't you take it.","SOLDIER_NAME_KEY: Well fisherman, some fortune at last. This ought to fetch a decent price from the right collector. Here, why don't you take it."
863,108775052987781203,Narrator / scene text,,narration,inferred,third-/second-person scene description,He stands back from the corpse. A melancholic look comes over his face.,He stands back from the corpse. A melancholic look comes over his face.
864,108775052987781204,Soldier,SOLDIER_NAME_KEY,character speech,explicit,explicit speaker label,"And now...well, that's that, I suppose.","SOLDIER_NAME_KEY: And now...well, that's that, I suppose."
865,108775052987781205,Soldier,SOLDIER_NAME_KEY,character speech,explicit,explicit speaker label,"Oh, you have more?","SOLDIER_NAME_KEY: Oh, you have more?"
866,108775052987781206,Soldier,SOLDIER_NAME_KEY,character speech,explicit,explicit speaker label,"I can't say for sure. I thought I'd be asking you for an escort away from this place, but...this has become somewhat of a home to me.","SOLDIER_NAME_KEY: I can't say for sure. I thought I'd be asking you for an escort away from this place, but...this has become somewhat of a home to me."
867,108775052987781207,Soldier,SOLDIER_NAME_KEY,character speech,explicit,explicit speaker label,It doesn't feel right to leave my brothers here. I think I shall stay a while longer.,SOLDIER_NAME_KEY: It doesn't feel right to leave my brothers here. I think I shall stay a while longer.
868,108775052987781208,Soldier,SOLDIER_NAME_KEY,character speech,explicit,explicit speaker label,"In the meantime, I can make up some special [C0]Bait[/C0] for you. [C1]It ought to help with your fishing[/C1].","SOLDIER_NAME_KEY: In the meantime, I can make up some special [C0]Bait[/C0] for you. [C1]It ought to help with your fishing[/C1]."
869,108775052987781209,Soldier,SOLDIER_NAME_KEY,character speech,explicit,explicit speaker label,"I'll need some fish from you first. Any type will do - but [C1]the more you give me, the more Bait I can make[/C1].","SOLDIER_NAME_KEY: I'll need some fish from you first. Any type will do - but [C1]the more you give me, the more Bait I can make[/C1]."
870,108775052987781210,Soldier,SOLDIER_NAME_KEY,character speech,explicit,explicit speaker label,Let me just grind these up...won't be a moment...,SOLDIER_NAME_KEY: Let me just grind these up...won't be a moment...
871,108775052987781211,Soldier,SOLDIER_NAME_KEY,character speech,explicit,explicit speaker label,This is what I could make. Take it all; it won't keep here.,SOLDIER_NAME_KEY: This is what I could make. Take it all; it won't keep here.
872,108775052987781212,Soldier,SOLDIER_NAME_KEY,character speech,explicit,explicit speaker label,"[C2]You didn't give me enough fish[/C2], so I can't make up any [C0]Bait[/C0] for you.","SOLDIER_NAME_KEY: [C2]You didn't give me enough fish[/C2], so I can't make up any [C0]Bait[/C0] for you."
873,109781194304049152,Soldier,SOLDIER_NAME_KEY,character speech,explicit,explicit speaker label,"The boys called them [C3]Mind Suckers[/C3], on account of them, well...affecting the mind. They made us see things...do things...","SOLDIER_NAME_KEY: The boys called them [C3]Mind Suckers[/C3], on account of them, well...affecting the mind. They made us see things...do things..."
874,109781194354380800,Soldier,SOLDIER_NAME_KEY,character speech,explicit,explicit speaker label,The first time it happened to me I saw...shadows of my squadmates. Reaching out to me in a feverish dream.,SOLDIER_NAME_KEY: The first time it happened to me I saw...shadows of my squadmates. Reaching out to me in a feverish dream.
875,109781194354380801,Soldier,SOLDIER_NAME_KEY,character speech,explicit,explicit speaker label,"When I finally snapped out of it, I was covered in bloodied scratches - they must've sent me running through the foliage.","SOLDIER_NAME_KEY: When I finally snapped out of it, I was covered in bloodied scratches - they must've sent me running through the foliage."
876,109781194354380802,Soldier,SOLDIER_NAME_KEY,character speech,explicit,explicit speaker label,"Since then I've done my best to avoid the fiends. [C0]Their senses seem to be based on movement[/C0], so move carefully.","SOLDIER_NAME_KEY: Since then I've done my best to avoid the fiends. [C0]Their senses seem to be based on movement[/C0], so move carefully."
877,109781194354380803,Soldier,SOLDIER_NAME_KEY,character speech,explicit,explicit speaker label,"They go crazy for that stuff - day, night, it doesn't seem to matter. All sorts of fish usually show up.","SOLDIER_NAME_KEY: They go crazy for that stuff - day, night, it doesn't seem to matter. All sorts of fish usually show up."
878,109817482822471680,Narrator / scene text,,narration,inferred,third-/second-person scene description,"A crooked boulder with a small, simple platform at its base. The [C0]twisted shape of a deformed fish[/C0] is barely recognizable, carved into the rockface.","A crooked boulder with a small, simple platform at its base. The [C0]twisted shape of a deformed fish[/C0] is barely recognizable, carved into the rockface."
879,109817482822471681,Narrator / scene text,,narration,inferred,third-/second-person scene description,"The waves lap up to the platform where you laid the aberration. As the water makes contact with it, a buzzing sound fills the air.","The waves lap up to the platform where you laid the aberration. As the water makes contact with it, a buzzing sound fills the air."
880,109848088319021056,Player (choice),,player option,inferred,"first-person, question or response text without NPC label",How will you honor your squadmates?,How will you honor your squadmates?
881,109848088373547008,Player (choice),,player option,inferred,"first-person, question or response text without NPC label",I found some dog tags.,I found some dog tags.
882,109848088373547009,Player (choice),,player option,inferred,"first-person, question or response text without NPC label",Why were you wanting dog tags again?,Why were you wanting dog tags again?
883,109848088373547010,Soldier,SOLDIER_NAME_KEY,character speech,explicit,explicit speaker label,I've hung a few of their [C0]Dog Tags[/C0] up on the tree behind me. It seemed fitting enough.,SOLDIER_NAME_KEY: I've hung a few of their [C0]Dog Tags[/C0] up on the tree behind me. It seemed fitting enough.
884,109848088373547011,Soldier,SOLDIER_NAME_KEY,character speech,explicit,explicit speaker label,But I've only got tags from the ones I...you must understand...I never found all of their bodies.,SOLDIER_NAME_KEY: But I've only got tags from the ones I...you must understand...I never found all of their bodies.
885,109848088373547012,Soldier,SOLDIER_NAME_KEY,character speech,explicit,explicit speaker label,"If you happened to [C0]find any of their Dog Tags[/C0], I could add them to the tree with their brothers.","SOLDIER_NAME_KEY: If you happened to [C0]find any of their Dog Tags[/C0], I could add them to the tree with their brothers."
886,109848088373547013,Soldier,SOLDIER_NAME_KEY,character speech,explicit,explicit speaker label,"I have a number of mechanical doodads that you might find useful. Here, take this one - in good faith. [C1]I'll give you more for each tag you bring me[/C1].","SOLDIER_NAME_KEY: I have a number of mechanical doodads that you might find useful. Here, take this one - in good faith. [C1]I'll give you more for each tag you bring me[/C1]."
887,109848088373547014,Soldier,SOLDIER_NAME_KEY,character speech,explicit,explicit speaker label,Let me see.,SOLDIER_NAME_KEY: Let me see.
888,109848088373547015,Soldier,SOLDIER_NAME_KEY,character speech,explicit,explicit speaker label,"I...thank you. I'll hang them on the tree. Here, as promised.","SOLDIER_NAME_KEY: I...thank you. I'll hang them on the tree. Here, as promised."
889,109848088373547016,Soldier,SOLDIER_NAME_KEY,character speech,explicit,explicit speaker label,Come back when you've actually got something to show me.,SOLDIER_NAME_KEY: Come back when you've actually got something to show me.
890,109848088373547017,Soldier,SOLDIER_NAME_KEY,character speech,explicit,explicit speaker label,I want to hang the Dog Tags of my fallen squadmates on the tree behind me. [C1]I'll give you some componentry for each tag you bring me[/C1].,SOLDIER_NAME_KEY: I want to hang the Dog Tags of my fallen squadmates on the tree behind me. [C1]I'll give you some componentry for each tag you bring me[/C1].
891,111237613075222528,Narrator / scene text,,narration,inferred,third-/second-person scene description,You see a campsite. Some old fish are suspended on a spit over a fire that was never lit. A pile of fabric is gathered at the base of a large tree nearby.,You see a campsite. Some old fish are suspended on a spit over a fire that was never lit. A pile of fabric is gathered at the base of a large tree nearby.
892,111237613121359872,Player (choice),,player option,inferred,"first-person, question or response text without NPC label",What do you want to do?,What do you want to do?
893,111237613121359873,Player (action choice),,player action choice,inferred,bracketed interactive action,\[Inspect the fish on the spit.\],\[Inspect the fish on the spit.\]
894,111237613121359874,Player (action choice),,player action choice,inferred,bracketed interactive action,\[Check the bundle of fabric.\],\[Check the bundle of fabric.\]
895,111237613121359875,Player (action choice),,player action choice,inferred,bracketed interactive action,\[Leave.\],\[Leave.\]
896,111237613121359877,Unattributed,,unattributed Yarn text,unknown,no speaker tag; cannot safely infer,Rotten fish hang from the spit. The fire below had been prepared. Someone must've left in a hurry.,Rotten fish hang from the spit. The fire below had been prepared. Someone must've left in a hurry.
897,111237613121359878,Narrator / scene text,,narration,inferred,third-/second-person scene description,A nest of rags lies at the base of a tree. Somebody slept here. The rags are covered in bark chips - there are symbols carved into the tree trunk above.,A nest of rags lies at the base of a tree. Somebody slept here. The rags are covered in bark chips - there are symbols carved into the tree trunk above.
898,111237613121359882,Unattributed,,unattributed Yarn text,unknown,no speaker tag; cannot safely infer,There are three distinct sets of symbols.,There are three distinct sets of symbols.
899,111237613121359883,Player (action choice),,player action choice,inferred,bracketed interactive action,\[Look at the first set.\],\[Look at the first set.\]
900,111237613121359884,Player (action choice),,player action choice,inferred,bracketed interactive action,\[Look at the second set.\],\[Look at the second set.\]
901,111237613121359885,Player (action choice),,player action choice,inferred,bracketed interactive action,\[Look at the third set.\],\[Look at the third set.\]
902,111237613121359886,Player (action choice),,player action choice,inferred,bracketed interactive action,\[Go back.\],\[Go back.\]
903,111237613121359887,Unattributed,,unattributed Yarn text,unknown,no speaker tag; cannot safely infer,"There's a book symbol underneath a wave, and then an upwards arrow. A cloud hangs over it all.","There's a book symbol underneath a wave, and then an upwards arrow. A cloud hangs over it all."
904,111237613121359888,Unattributed,,unattributed Yarn text,unknown,no speaker tag; cannot safely infer,Five unfamiliar symbols mark the corners of a pentagram. The shape of a person is lying down in the center.,Five unfamiliar symbols mark the corners of a pentagram. The shape of a person is lying down in the center.
905,111237613121359889,Narrator / scene text,,narration,inferred,third-/second-person scene description,"A book symbol sits above a wave. A downwards arrow points from the book, down through the wave.","A book symbol sits above a wave. A downwards arrow points from the book, down through the wave."
906,111285490199744512,Narrator / scene text,,narration,inferred,third-/second-person scene description,The wreckage of an old fighter plane lies buried deep in the sand. You pull a little closer.,The wreckage of an old fighter plane lies buried deep in the sand. You pull a little closer.
907,111285490250076160,Unattributed,,unattributed Yarn text,unknown,no speaker tag; cannot safely infer,Look inside.,Look inside.
908,111285490250076161,Player (action choice),,player action choice,inferred,bracketed interactive action,\[Leave.\],\[Leave.\]
909,111285490254270464,Narrator / scene text,,narration,inferred,third-/second-person scene description,The fuselage of an old fighter plane sits amidst a mass of broken wings and wheels.,The fuselage of an old fighter plane sits amidst a mass of broken wings and wheels.
910,111285490254270465,Unattributed,,unattributed Yarn text,unknown,no speaker tag; cannot safely infer,Try to get inside the fuselage.,Try to get inside the fuselage.
911,111285490254270466,Player (action choice),,player action choice,inferred,bracketed interactive action,\[Leave.\],\[Leave.\]
912,112418385421324288,Narrator / scene text,,narration,inferred,third-/second-person scene description,"The previously still water bubbles up and over, obscuring the fish. A few moments later, when the water calms, something else is on the platform.","The previously still water bubbles up and over, obscuring the fish. A few moments later, when the water calms, something else is on the platform."
913,116750453689208832,Player (choice),,player option,inferred,"first-person, question or response text without NPC label",What do you know about the silver and crimson book?,What do you know about the silver and crimson book?
914,116750453726957568,Unattributed,,unattributed Yarn text,unknown,no speaker tag; cannot safely infer,She shudders at the very mention of the book.,She shudders at the very mention of the book.
915,116750453726957569,Lighthouse Keeper,LIGHTHOUSE_KEEPER_NAME_KEY,character speech,explicit,explicit speaker label,You're really asking me? After all this time? You know it must be returned.,LIGHTHOUSE_KEEPER_NAME_KEY: You're really asking me? After all this time? You know it must be returned.
916,116750453726957571,Unattributed,,unattributed Yarn text,unknown,no speaker tag; cannot safely infer,She looks at you with deep pity.,She looks at you with deep pity.
917,116750453726957572,Lighthouse Keeper,LIGHTHOUSE_KEEPER_NAME_KEY,character speech,explicit,explicit speaker label,Go and do what's right -- for her. [C3]Throw it back.[/C3],LIGHTHOUSE_KEEPER_NAME_KEY: Go and do what's right -- for her. [C3]Throw it back.[/C3]
918,116750453726957573,Collector,COLLECTOR_NAME_KEY,character speech,explicit,explicit speaker label,...,COLLECTOR_NAME_KEY: ...
919,116750453726957574,Unattributed,,unattributed Yarn text,unknown,no speaker tag; cannot safely infer,The door is locked.,The door is locked.
920,116750453726957575,Collector,COLLECTOR_NAME_KEY,character speech,explicit,explicit speaker label,...,COLLECTOR_NAME_KEY: ...
921,116750453726957576,Player (choice),,player option,inferred,"first-person, question or response text without NPC label",Tell me more about that book of yours.,Tell me more about that book of yours.
922,116750453726957577,Narrator / scene text,,narration,inferred,third-/second-person scene description,The words you read from that book...what did they do to me?,The words you read from that book...what did they do to me?
923,116750453726957578,Player (choice),,player option,inferred,"first-person, question or response text without NPC label",How long have you lived here?,How long have you lived here?
924,116750453726957579,Player (choice),,player option,inferred,"first-person, question or response text without NPC label",What are you doing with these relics?,What are you doing with these relics?
925,116750453726957580,Player (choice),,player option,inferred,"first-person, question or response text without NPC label",What will you do once you have all the relics?,What will you do once you have all the relics?
926,116750453726957581,Player (choice),,player option,inferred,"first-person, question or response text without NPC label",Do you know who owned these relics?,Do you know who owned these relics?
927,116750453726957582,Player (choice),,player option,inferred,"first-person, question or response text without NPC label",I don't understand...who are you?,I don't understand...who are you?
928,116750453726957583,Unattributed,,unattributed Yarn text,unknown,no speaker tag; cannot safely infer,You mentioned saving someone...,You mentioned saving someone...
929,116750453726957584,Collector,COLLECTOR_NAME_KEY,character speech,explicit,explicit speaker label,Regardless. You are due a reward.,COLLECTOR_NAME_KEY: Regardless. You are due a reward.
930,116750453726957585,Collector,COLLECTOR_NAME_KEY,character speech,explicit,explicit speaker label,"Quite some time. I used to be a fisherman, as was my father before. But two decades ago I took up residence here. I needed to focus on...other endeavours.","COLLECTOR_NAME_KEY: Quite some time. I used to be a fisherman, as was my father before. But two decades ago I took up residence here. I needed to focus on...other endeavours."
931,116750453726957586,Collector,COLLECTOR_NAME_KEY,character speech,explicit,explicit speaker label,I found that this island has a certain strength to it - those dark basalt columns stretching downwards into the deep.,COLLECTOR_NAME_KEY: I found that this island has a certain strength to it - those dark basalt columns stretching downwards into the deep.
932,116750453726957587,Collector,COLLECTOR_NAME_KEY,character speech,explicit,explicit speaker label,"Why, collecting them of course. An investment for times to come.","COLLECTOR_NAME_KEY: Why, collecting them of course. An investment for times to come."
933,116750453726957588,Collector,COLLECTOR_NAME_KEY,character speech,explicit,explicit speaker label,I largely don't...but I read the seas. I see the swells that give shape to the formless. I hear the waves that whisper secrets to their witnesses.,COLLECTOR_NAME_KEY: I largely don't...but I read the seas. I see the swells that give shape to the formless. I hear the waves that whisper secrets to their witnesses.
934,116750453726957589,Collector,COLLECTOR_NAME_KEY,character speech,explicit,explicit speaker label,And I speak to the currents that hold a memory of all that they claim.,COLLECTOR_NAME_KEY: And I speak to the currents that hold a memory of all that they claim.
935,116750453726957590,Collector,COLLECTOR_NAME_KEY,character speech,explicit,explicit speaker label,Yes.,COLLECTOR_NAME_KEY: Yes.
936,116750453726957591,Player (choice),,player option,inferred,"first-person, question or response text without NPC label",Who?,Who?
937,116750453726957592,Narrator / scene text,,narration,inferred,third-/second-person scene description,"He looks at you. For a moment, a look of something like regret flashes in his eyes.","He looks at you. For a moment, a look of something like regret flashes in his eyes."
938,116750453726957593,Collector,COLLECTOR_NAME_KEY,character speech,explicit,explicit speaker label,An old friend.,COLLECTOR_NAME_KEY: An old friend.
939,116750453726957594,Collector,COLLECTOR_NAME_KEY,character speech,explicit,explicit speaker label,I am what was fractured from you on that day you dredged the depths. I am what could be. I am your breathless self.,COLLECTOR_NAME_KEY: I am what was fractured from you on that day you dredged the depths. I am what could be. I am your breathless self.
940,116750453726957595,Collector,COLLECTOR_NAME_KEY,character speech,explicit,explicit speaker label,Yes. She will rise from the deep. The book describes it.,COLLECTOR_NAME_KEY: Yes. She will rise from the deep. The book describes it.
941,116750453726957596,Collector,COLLECTOR_NAME_KEY,character speech,explicit,explicit speaker label,We almost have all of the pieces. Just one more.,COLLECTOR_NAME_KEY: We almost have all of the pieces. Just one more.
942,116750453726957597,Collector,COLLECTOR_NAME_KEY,character speech,explicit,explicit speaker label,Which book? This one here?,COLLECTOR_NAME_KEY: Which book? This one here?
943,116750453726957598,Narrator / scene text,,narration,inferred,third-/second-person scene description,With a wry grin he pulls a dusty tome from the nearest shelf and glances at the cover.,With a wry grin he pulls a dusty tome from the nearest shelf and glances at the cover.
944,116750453726957599,Collector,COLLECTOR_NAME_KEY,character speech,explicit,explicit speaker label,"There's really not much to be said of ""Histories of The Gray Isles"". It's quite a chore.","COLLECTOR_NAME_KEY: There's really not much to be said of ""Histories of The Gray Isles"". It's quite a chore."
945,116750453726957600,Unattributed,,unattributed Yarn text,unknown,no speaker tag; cannot safely infer,Don't play dumb. You know which book I mean.,Don't play dumb. You know which book I mean.
946,116750453726957601,Unattributed,,unattributed Yarn text,unknown,no speaker tag; cannot safely infer,Forget it.,Forget it.
947,116750453726957602,Collector,COLLECTOR_NAME_KEY,character speech,explicit,explicit speaker label,Gladly.,COLLECTOR_NAME_KEY: Gladly.
948,116750453726957603,Collector,COLLECTOR_NAME_KEY,character speech,explicit,explicit speaker label,Play dumb? Your hypocrisy is wearying. I suppose we must go through this rigmarole yet again.,COLLECTOR_NAME_KEY: Play dumb? Your hypocrisy is wearying. I suppose we must go through this rigmarole yet again.
949,116750453726957604,Narrator / scene text,,narration,inferred,third-/second-person scene description,"The [C3]Book of The Deep[/C3] appears in his hands, sheathed in its dirty crimson jacket.","The [C3]Book of The Deep[/C3] appears in his hands, sheathed in its dirty crimson jacket."
950,116750453726957605,Collector,COLLECTOR_NAME_KEY,character speech,explicit,explicit speaker label,Go ahead. Ask us.,COLLECTOR_NAME_KEY: Go ahead. Ask us.
951,116750453726957606,Player (choice),,player option,inferred,"first-person, question or response text without NPC label",Where did you get it?,Where did you get it?
952,116750453726957607,Unattributed,,unattributed Yarn text,unknown,no speaker tag; cannot safely infer,Forget it.,Forget it.
953,116750453726957608,Unattributed,,unattributed Yarn text,unknown,no speaker tag; cannot safely infer,Sparkling dust motes hang in the air between you.,Sparkling dust motes hang in the air between you.
954,116750453726957609,Collector,COLLECTOR_NAME_KEY,character speech,explicit,explicit speaker label,Don't you remember? You were there.,COLLECTOR_NAME_KEY: Don't you remember? You were there.
955,116750453726957610,Narrator / scene text,,narration,inferred,third-/second-person scene description,The air around the book begins to pulse rhythmically like a quickening heartbeat.,The air around the book begins to pulse rhythmically like a quickening heartbeat.
956,116750453726957611,Collector,COLLECTOR_NAME_KEY,character speech,explicit,explicit speaker label,So was she.,COLLECTOR_NAME_KEY: So was she.
957,116750453726957612,Player (choice),,player option,inferred,"first-person, question or response text without NPC label",Who?,Who?
958,116750453726957613,Unattributed,,unattributed Yarn text,unknown,no speaker tag; cannot safely infer,Give me the book.,Give me the book.
959,116750453726957614,Unattributed,,unattributed Yarn text,unknown,no speaker tag; cannot safely infer,Forget it.,Forget it.
960,116750453726957615,Collector,COLLECTOR_NAME_KEY,character speech,explicit,explicit speaker label,You wanted to forget. Begged me.,COLLECTOR_NAME_KEY: You wanted to forget. Begged me.
961,116750453726957617,Unattributed,,unattributed Yarn text,unknown,no speaker tag; cannot safely infer,The room bristles.,The room bristles.
962,116750453726957618,Collector,COLLECTOR_NAME_KEY,character speech,explicit,explicit speaker label,This is what you asked for.,COLLECTOR_NAME_KEY: This is what you asked for.
963,116750453726957619,Unattributed,,unattributed Yarn text,unknown,no speaker tag; cannot safely infer,Give me the book.,Give me the book.
964,116750453726957620,Unattributed,,unattributed Yarn text,unknown,no speaker tag; cannot safely infer,Forget it.,Forget it.
965,116750453726957621,Unattributed,,unattributed Yarn text,unknown,no speaker tag; cannot safely infer,Your words hang in the space between.,Your words hang in the space between.
966,116750453726957622,Collector,COLLECTOR_NAME_KEY,character speech,explicit,explicit speaker label,You won't change a thing. The book is ours.,COLLECTOR_NAME_KEY: You won't change a thing. The book is ours.
967,116750453726957623,Player (action choice),,player action choice,inferred,bracketed interactive action,\[Step closer.\],\[Step closer.\]
968,116750453726957624,Unattributed,,unattributed Yarn text,unknown,no speaker tag; cannot safely infer,Forget it.,Forget it.
969,116750453726957625,Narrator / scene text,,narration,inferred,third-/second-person scene description,You take a step closer through the crackling room. The Collector lurches forwards in response.,You take a step closer through the crackling room. The Collector lurches forwards in response.
970,116750453726957626,Collector,COLLECTOR_NAME_KEY,character speech,explicit,explicit speaker label,What can you possibly hope to achieve?,COLLECTOR_NAME_KEY: What can you possibly hope to achieve?
971,116750453726957627,Player (action choice),,player action choice,inferred,bracketed interactive action,\[Take the book.\],\[Take the book.\]
972,116750453726957628,Unattributed,,unattributed Yarn text,unknown,no speaker tag; cannot safely infer,Forget it.,Forget it.
973,116750453726957629,Narrator / scene text,,narration,inferred,third-/second-person scene description,"You strike out with your right fist, punching hard into the jaw of the Collector. His face shatters and falls to the ground.","You strike out with your right fist, punching hard into the jaw of the Collector. His face shatters and falls to the ground."
974,116750453726957630,Collector,COLLECTOR_NAME_KEY,character speech,explicit,explicit speaker label,...,COLLECTOR_NAME_KEY: ...
975,116750453726957631,Collector,COLLECTOR_NAME_KEY,character speech,explicit,explicit speaker label,You're pathetic.,COLLECTOR_NAME_KEY: You're pathetic.
976,116750453726957632,Unattributed,,unattributed Yarn text,unknown,no speaker tag; cannot safely infer,[C3]The Book of The Deep is in your hands.[/C3],[C3]The Book of The Deep is in your hands.[/C3]
977,116750453726957633,Collector,COLLECTOR_NAME_KEY,character speech,explicit,explicit speaker label,"Understand this, plainly, before you sink us into despair. I know how to bring her back. It's all right there on the pages; and now you've seen its power first hand.","COLLECTOR_NAME_KEY: Understand this, plainly, before you sink us into despair. I know how to bring her back. It's all right there on the pages; and now you've seen its power first hand."
978,116750453726957634,Collector,COLLECTOR_NAME_KEY,character speech,explicit,explicit speaker label,We wield the power to release her from her slumber! We can undo everything...undo what you did!,COLLECTOR_NAME_KEY: We wield the power to release her from her slumber! We can undo everything...undo what you did!
979,116750453726957635,Collector,COLLECTOR_NAME_KEY,character speech,explicit,explicit speaker label,The book holds power from the deep. I merely...extended its powers towards you. Is there one in particular you wish to know more about?,COLLECTOR_NAME_KEY: The book holds power from the deep. I merely...extended its powers towards you. Is there one in particular you wish to know more about?
980,116750453726957636,Collector,COLLECTOR_NAME_KEY,character speech,explicit,explicit speaker label,Are there other powers you wish to know more about?,COLLECTOR_NAME_KEY: Are there other powers you wish to know more about?
981,116750453726957637,Unattributed,,unattributed Yarn text,unknown,no speaker tag; cannot safely infer,Haste,Haste
982,116750453726957638,Unattributed,,unattributed Yarn text,unknown,no speaker tag; cannot safely infer,Manifest,Manifest
983,116750453726957639,Unattributed,,unattributed Yarn text,unknown,no speaker tag; cannot safely infer,Banish,Banish
984,116750453726957640,Unattributed,,unattributed Yarn text,unknown,no speaker tag; cannot safely infer,Atrophy,Atrophy
985,116750453726957641,Player (choice),,player option,inferred,"first-person, question or response text without NPC label",Nevermind.,Nevermind.
986,116750453726957642,Collector,COLLECTOR_NAME_KEY,character speech,explicit,explicit speaker label,The words of haste are instant and cruel. They will impart a terrible speed to your vessel.,COLLECTOR_NAME_KEY: The words of haste are instant and cruel. They will impart a terrible speed to your vessel.
987,116750453726957643,Collector,COLLECTOR_NAME_KEY,character speech,explicit,explicit speaker label,"Be warned, however - it may put a great deal of stress on your engines.","COLLECTOR_NAME_KEY: Be warned, however - it may put a great deal of stress on your engines."
988,116750453726957644,Collector,COLLECTOR_NAME_KEY,character speech,explicit,explicit speaker label,"Use of these words will induce a trance-like state. While in this state time will pass in the blink of an eye. When it is over, you will find yourself here.","COLLECTOR_NAME_KEY: Use of these words will induce a trance-like state. While in this state time will pass in the blink of an eye. When it is over, you will find yourself here."
989,116750453726957645,Collector,COLLECTOR_NAME_KEY,character speech,explicit,explicit speaker label,"As always, I caution against overusing this. Selectively and strategically utilize it when you need it most.","COLLECTOR_NAME_KEY: As always, I caution against overusing this. Selectively and strategically utilize it when you need it most."
990,116750453726957646,Collector,COLLECTOR_NAME_KEY,character speech,explicit,explicit speaker label,"The banishing words will provide you a temporary protection from...most things. If spoken swiftly enough, they can be used defensively.","COLLECTOR_NAME_KEY: The banishing words will provide you a temporary protection from...most things. If spoken swiftly enough, they can be used defensively."
991,116750453726957647,Collector,COLLECTOR_NAME_KEY,character speech,explicit,explicit speaker label,"Choose your moment carefully. The more they are spoken, the more they are...understood.","COLLECTOR_NAME_KEY: Choose your moment carefully. The more they are spoken, the more they are...understood."
992,116750453726957648,Collector,COLLECTOR_NAME_KEY,character speech,explicit,explicit speaker label,"This phrase instantly culls the closest shoal of fish, readying them for swift reaping. It can be heard from a great distance, so you need not be close to your victims.","COLLECTOR_NAME_KEY: This phrase instantly culls the closest shoal of fish, readying them for swift reaping. It can be heard from a great distance, so you need not be close to your victims."
993,116750453726957649,Collector,COLLECTOR_NAME_KEY,character speech,explicit,explicit speaker label,But the population is unlikely to recover from such vile trauma. Use it sparingly.,COLLECTOR_NAME_KEY: But the population is unlikely to recover from such vile trauma. Use it sparingly.
994,116750453731151872,Narrator / scene text,,narration,inferred,third-/second-person scene description,"You undock next to an old rowboat. Somebody is here. He's hunched over by the campfire, muttering to himself. You cautiously approach.","You undock next to an old rowboat. Somebody is here. He's hunched over by the campfire, muttering to himself. You cautiously approach."
995,116750453731151873,Old Mayor,OLD_MAYOR_NAME_KEY,character speech,explicit,explicit speaker label,[S1]Did you...did you throw it back?![/S1],OLD_MAYOR_NAME_KEY: [S1]Did you...did you throw it back?![/S1]
996,116750453731151874,Player (choice),,player option,inferred,"first-person, question or response text without NPC label",What?,What?
997,116750453731151875,Player (choice),,player option,inferred,"first-person, question or response text without NPC label",I don't know what you're talking about.,I don't know what you're talking about.
998,116750453731151876,Player (choice),,player option,inferred,"first-person, question or response text without NPC label",No.,No.
999,116750453731151877,Old Mayor,OLD_MAYOR_NAME_KEY,character speech,explicit,explicit speaker label,The book!,OLD_MAYOR_NAME_KEY: The book!
1000,116750453731151878,Player (choice),,player option,inferred,"first-person, question or response text without NPC label",I think you've mistaken me for someone else.,I think you've mistaken me for someone else.
1001,116750453731151879,Player (choice),,player option,inferred,"first-person, question or response text without NPC label",I don't understand.,I don't understand.
1002,116750453731151880,Player (choice),,player option,inferred,"first-person, question or response text without NPC label",No.,No.
1003,116750453731151881,Old Mayor,OLD_MAYOR_NAME_KEY,character speech,explicit,explicit speaker label,"I'm not seeing things! It's really you, isn't it?","OLD_MAYOR_NAME_KEY: I'm not seeing things! It's really you, isn't it?"
1004,116750453731151882,Player (choice),,player option,inferred,"first-person, question or response text without NPC label",Are you ok?,Are you ok?
1005,116750453731151883,Player (choice),,player option,inferred,"first-person, question or response text without NPC label",Who do you think I am?,Who do you think I am?
1006,116750453731151884,Player (choice),,player option,inferred,"first-person, question or response text without NPC label",No.,No.
1007,116750453731151885,Narrator / scene text,,narration,inferred,third-/second-person scene description,"He turns away, wringing his hands. He speaks to the fire.","He turns away, wringing his hands. He speaks to the fire."
1008,116750453731151886,Old Mayor,OLD_MAYOR_NAME_KEY,character speech,explicit,explicit speaker label,It was him. Him and his damned wife. They dredged up that old book. But something...something cloaked in fog...followed it out. Right through the boat. [S3][C2]BOOM![/C2][/S3],OLD_MAYOR_NAME_KEY: It was him. Him and his damned wife. They dredged up that old book. But something...something cloaked in fog...followed it out. Right through the boat. [S3][C2]BOOM![/C2][/S3]
1009,116750453731151887,Narrator / scene text,,narration,inferred,third-/second-person scene description,"The man makes crude explosion noises and motions wide with his hands, still talking to the fire, as though pantomiming a story to a child.","The man makes crude explosion noises and motions wide with his hands, still talking to the fire, as though pantomiming a story to a child."
1010,116750453731151888,Old Mayor,OLD_MAYOR_NAME_KEY,character speech,explicit,explicit speaker label,It spoke. It said it was coming for our breath...that we wouldn't be needing it soon. And then darkness crashed down.,OLD_MAYOR_NAME_KEY: It spoke. It said it was coming for our breath...that we wouldn't be needing it soon. And then darkness crashed down.
1011,116750453731151889,Old Mayor,OLD_MAYOR_NAME_KEY,character speech,explicit,explicit speaker label,"An age later, some of us washed up on the shore. And him. Still clutching that book.","OLD_MAYOR_NAME_KEY: An age later, some of us washed up on the shore. And him. Still clutching that book."
1012,116750453731151890,Old Mayor,OLD_MAYOR_NAME_KEY,character speech,explicit,explicit speaker label,"""[C3]THROW IT BACK![/C3]"" We cried, as the fog rolled ashore. We thought...surely...it can still be undone.","OLD_MAYOR_NAME_KEY: ""[C3]THROW IT BACK![/C3]"" We cried, as the fog rolled ashore. We thought...surely...it can still be undone."
1013,116750453731151891,Player (choice),,player option,inferred,"first-person, question or response text without NPC label",What book?,What book?
1014,116750453731151892,Player (choice),,player option,inferred,"first-person, question or response text without NPC label",What are you talking about?,What are you talking about?
1015,116750453731151893,Old Mayor,OLD_MAYOR_NAME_KEY,character speech,explicit,explicit speaker label,Silver and crimson! The book - covered in her blood!,OLD_MAYOR_NAME_KEY: Silver and crimson! The book - covered in her blood!
1016,116750453731151894,Unattributed,,unattributed Yarn text,unknown,no speaker tag; cannot safely infer,You're not making any sense.,You're not making any sense.
1017,116750453731151895,Player (action choice),,player action choice,inferred,bracketed interactive action,\[Turn to leave.\],\[Turn to leave.\]
1018,116750453731151896,Old Mayor,OLD_MAYOR_NAME_KEY,character speech,explicit,explicit speaker label,[S2][C3]THROW IT BACK![/C3][/S2],OLD_MAYOR_NAME_KEY: [S2][C3]THROW IT BACK![/C3][/S2]
1019,116750453731151897,Narrator / scene text,,narration,inferred,third-/second-person scene description,The man closes his eyes tight as he holds back tears. His voice falls to a whisper.,The man closes his eyes tight as he holds back tears. His voice falls to a whisper.
1020,116750453731151898,Old Mayor,OLD_MAYOR_NAME_KEY,character speech,explicit,explicit speaker label,Please. The [C0]Lighthouse Keeper[/C0]. She saw. She knows where it came from. Where it...where it needs to go.,OLD_MAYOR_NAME_KEY: Please. The [C0]Lighthouse Keeper[/C0]. She saw. She knows where it came from. Where it...where it needs to go.
1021,116750453731151899,Old Mayor,OLD_MAYOR_NAME_KEY,character speech,explicit,explicit speaker label,...,OLD_MAYOR_NAME_KEY: ...
1022,116750453731151900,Player (choice),,player option,inferred,"first-person, question or response text without NPC label",Tell me more about this book.,Tell me more about this book.
1023,116750453731151901,Player (choice),,player option,inferred,"first-person, question or response text without NPC label",What do you know about the fog?,What do you know about the fog?
1024,116750453731151902,Player (choice),,player option,inferred,"first-person, question or response text without NPC label",What does the Lighthouse Keeper have to do with this?,What does the Lighthouse Keeper have to do with this?
1025,116750453731151903,Player (action choice),,player action choice,inferred,bracketed interactive action,\[Leave.\],\[Leave.\]
1026,116750453731151904,Old Mayor,OLD_MAYOR_NAME_KEY,character speech,explicit,explicit speaker label,Silver and crimson...silver and crimson...,OLD_MAYOR_NAME_KEY: Silver and crimson...silver and crimson...
1027,116750453731151905,Narrator / scene text,,narration,inferred,third-/second-person scene description,"He rocks back and forth, staring through the flames.","He rocks back and forth, staring through the flames."
1028,116750453731151906,Old Mayor,OLD_MAYOR_NAME_KEY,character speech,explicit,explicit speaker label,"It cloaks that calamitous thing...it's evil, haven't you felt it?","OLD_MAYOR_NAME_KEY: It cloaks that calamitous thing...it's evil, haven't you felt it?"
1029,116750453731151907,Old Mayor,OLD_MAYOR_NAME_KEY,character speech,explicit,explicit speaker label,She saw it all. That ruinous day.,OLD_MAYOR_NAME_KEY: She saw it all. That ruinous day.
1030,116750453731151908,Old Mayor,OLD_MAYOR_NAME_KEY,character speech,explicit,explicit speaker label,Ask her. Beg her. Tell her I...,OLD_MAYOR_NAME_KEY: Ask her. Beg her. Tell her I...
1031,116750453731151909,Unattributed,,unattributed Yarn text,unknown,no speaker tag; cannot safely infer,"He trails off, his face collapsing in sorrow.","He trails off, his face collapsing in sorrow."
1032,117037914571067392,Narrator / scene text,,narration,inferred,third-/second-person scene description,"You enter the house, carrying the ornate necklace. The Collector recognizes it almost immediately.","You enter the house, carrying the ornate necklace. The Collector recognizes it almost immediately."
1033,117037914600427520,Collector,COLLECTOR_NAME_KEY,character speech,explicit,explicit speaker label,An excellent find. It demands pride of place in my collection.,COLLECTOR_NAME_KEY: An excellent find. It demands pride of place in my collection.
1034,117037914600427521,Narrator / scene text,,narration,inferred,third-/second-person scene description,"He sweeps aside some scraps on a dusty table, candle wax pooling in its corners. He places the necklace carefully in the clearing.","He sweeps aside some scraps on a dusty table, candle wax pooling in its corners. He places the necklace carefully in the clearing."
1035,117037914600427522,Collector,COLLECTOR_NAME_KEY,character speech,explicit,explicit speaker label,And I suppose you'll be demanding recompense as well...,COLLECTOR_NAME_KEY: And I suppose you'll be demanding recompense as well...
1036,117037914600427523,Unattributed,,unattributed Yarn text,unknown,no speaker tag; cannot safely infer,"Once more he opens the book, dust pouring from the pages as he reads aloud. You begin to feel weak, but you're rooted to the spot - knees on the verge of buckling.","Once more he opens the book, dust pouring from the pages as he reads aloud. You begin to feel weak, but you're rooted to the spot - knees on the verge of buckling."
1037,117037914600427524,Narrator / scene text,,narration,inferred,third-/second-person scene description,As he finishes speaking you feel blood rushing back to your legs. A strange feeling of power grows in your chest.,As he finishes speaking you feel blood rushing back to your legs. A strange feeling of power grows in your chest.
1038,117037914600427525,Collector,COLLECTOR_NAME_KEY,character speech,explicit,explicit speaker label,We're...so close. One more remains.,COLLECTOR_NAME_KEY: We're...so close. One more remains.
1039,117385907153326080,Player (choice),,player option,inferred,"first-person, question or response text without NPC label",Why can't you search for these relics yourself?,Why can't you search for these relics yourself?
1040,117385907199463424,Player (choice),,player option,inferred,"first-person, question or response text without NPC label",What do you know about the Old Mayor of Little Marrow?,What do you know about the Old Mayor of Little Marrow?
1041,117385907199463425,Player (choice),,player option,inferred,"first-person, question or response text without NPC label",How do you know where these relics are?,How do you know where these relics are?
1042,117385907199463426,Player (choice),,player option,inferred,"first-person, question or response text without NPC label",Are you...human?,Are you...human?
1043,117385907199463427,Collector,COLLECTOR_NAME_KEY,character speech,explicit,explicit speaker label,"The ocean no longer wishes to...cooperate. As the waves are unsafe for me, you will be my surrogate.","COLLECTOR_NAME_KEY: The ocean no longer wishes to...cooperate. As the waves are unsafe for me, you will be my surrogate."
1044,117385907199463428,Unattributed,,unattributed Yarn text,unknown,no speaker tag; cannot safely infer,He ponders for a moment.,He ponders for a moment.
1045,117385907199463429,Collector,COLLECTOR_NAME_KEY,character speech,explicit,explicit speaker label,"It's surprising, isn't it? The attachments we hold towards simple objects. But they are anything but simple. Seemingly mute articles can speak in different ways.","COLLECTOR_NAME_KEY: It's surprising, isn't it? The attachments we hold towards simple objects. But they are anything but simple. Seemingly mute articles can speak in different ways."
1046,117385907199463430,Collector,COLLECTOR_NAME_KEY,character speech,explicit,explicit speaker label,"If I showed you a childhood toy, you would be awash with forgotten memories.","COLLECTOR_NAME_KEY: If I showed you a childhood toy, you would be awash with forgotten memories."
1047,117385907199463431,Collector,COLLECTOR_NAME_KEY,character speech,explicit,explicit speaker label,They hold the power to recall what was once lost.,COLLECTOR_NAME_KEY: They hold the power to recall what was once lost.
1048,117385907199463432,Collector,COLLECTOR_NAME_KEY,character speech,explicit,explicit speaker label,"That stuttering old fool...yes, I knew him. He'd join us on the water sometimes, but was more hindrance than help.","COLLECTOR_NAME_KEY: That stuttering old fool...yes, I knew him. He'd join us on the water sometimes, but was more hindrance than help."
1049,117385907199463433,Collector,COLLECTOR_NAME_KEY,character speech,explicit,explicit speaker label,He never seemed entirely with it. I can't imagine he has fared too well since I last saw him.,COLLECTOR_NAME_KEY: He never seemed entirely with it. I can't imagine he has fared too well since I last saw him.
1050,117385907199463434,Unattributed,,unattributed Yarn text,unknown,no speaker tag; cannot safely infer,Your inquiry is met with a piercing gaze.,Your inquiry is met with a piercing gaze.
1051,117385907199463435,Collector,COLLECTOR_NAME_KEY,character speech,explicit,explicit speaker label,"Why, of course. As human as you are.","COLLECTOR_NAME_KEY: Why, of course. As human as you are."
1052,127200836421079040,Narrator / scene text,,narration,inferred,third-/second-person scene description,"A stone shrine. An upright slab bears a carving - [C0]two heavily plated creatures, locked in battle[/C0]. A lower slab holds two shallow grooves.","A stone shrine. An upright slab bears a carving - [C0]two heavily plated creatures, locked in battle[/C0]. A lower slab holds two shallow grooves."
1053,127200836446244864,Narrator / scene text,,narration,inferred,third-/second-person scene description,"The rock splits with an almighty crack. It crumbles away, revealing its core.","The rock splits with an almighty crack. It crumbles away, revealing its core."
1054,127200836446244865,Narrator / scene text,,narration,inferred,third-/second-person scene description,"A stone shrine. An upright slab bears a carving - [C0]two pale bottom-dwellers, hiding from their fate[/C0]. A lower slab holds two shallow grooves.","A stone shrine. An upright slab bears a carving - [C0]two pale bottom-dwellers, hiding from their fate[/C0]. A lower slab holds two shallow grooves."
1055,127200836446244866,Narrator / scene text,,narration,inferred,third-/second-person scene description,"The rock splits with an almighty crack. It crumbles away, revealing its core.","The rock splits with an almighty crack. It crumbles away, revealing its core."
1056,127200836446244867,Narrator / scene text,,narration,inferred,third-/second-person scene description,"A stone shrine. An upright slab bears a carving - [C3]two malformed fish, writhing under the sun[/C3]. A lower slab holds two shallow grooves.","A stone shrine. An upright slab bears a carving - [C3]two malformed fish, writhing under the sun[/C3]. A lower slab holds two shallow grooves."
1057,127200836446244868,Narrator / scene text,,narration,inferred,third-/second-person scene description,"The rock splits with an almighty crack. It crumbles away, revealing its core.","The rock splits with an almighty crack. It crumbles away, revealing its core."
1058,127200836446244869,Fanatic,FANATIC_NAME_KEY,character speech,explicit,explicit speaker label,What is it?,FANATIC_NAME_KEY: What is it?
1059,127200836446244870,Fanatic,FANATIC_NAME_KEY,character speech,explicit,explicit speaker label,Anything else?,FANATIC_NAME_KEY: Anything else?
1060,127200836446244871,Player (choice),,player option,inferred,"first-person, question or response text without NPC label",What am I supposed to be doing?,What am I supposed to be doing?
1061,127200836446244872,Unattributed,,unattributed Yarn text,unknown,no speaker tag; cannot safely infer,The flames are lit.,The flames are lit.
1062,127200836446244873,Player (choice),,player option,inferred,"first-person, question or response text without NPC label",I've lit some of the flames.,I've lit some of the flames.
1063,127200836446244874,Player (choice),,player option,inferred,"first-person, question or response text without NPC label",I'm looking for sunken relics. Are there any shipwrecks around here?,I'm looking for sunken relics. Are there any shipwrecks around here?
1064,127200836446244875,Player (choice),,player option,inferred,"first-person, question or response text without NPC label",What's that scroll you're holding?,What's that scroll you're holding?
1065,127200836446244876,Player (choice),,player option,inferred,"first-person, question or response text without NPC label",Are there others that share your...beliefs?,Are there others that share your...beliefs?
1066,127200836446244877,Player (choice),,player option,inferred,"first-person, question or response text without NPC label",I should go.,I should go.
1067,127200836446244878,Narrator / scene text,,narration,inferred,third-/second-person scene description,"A man meets you as you dock, bracing himself against the wind and spray.","A man meets you as you dock, bracing himself against the wind and spray."
1068,127200836446244879,Fanatic,FANATIC_NAME_KEY,character speech,explicit,explicit speaker label,"O rapturous day, a fresh disciple carried to me atop the waves! Come ashore, weak thing, and rest your weary soul.","FANATIC_NAME_KEY: O rapturous day, a fresh disciple carried to me atop the waves! Come ashore, weak thing, and rest your weary soul."
1069,127200836446244880,Player (choice),,player option,inferred,"first-person, question or response text without NPC label",I'm just passing through.,I'm just passing through.
1070,127200836446244881,Fanatic,FANATIC_NAME_KEY,character speech,explicit,explicit speaker label,Nonsense!,FANATIC_NAME_KEY: Nonsense!
1071,127200836446244882,Unattributed,,unattributed Yarn text,unknown,no speaker tag; cannot safely infer,"Uh, alright.","Uh, alright."
1072,127200836446244883,Fanatic,FANATIC_NAME_KEY,character speech,explicit,explicit speaker label,"Your arrival is providence from the deep itself! I have been calling...and now, you are the answer.","FANATIC_NAME_KEY: Your arrival is providence from the deep itself! I have been calling...and now, you are the answer."
1073,127200836446244884,Fanatic,FANATIC_NAME_KEY,character speech,explicit,explicit speaker label,"The rite of purification is almost at hand, and you are to be my replacement.","FANATIC_NAME_KEY: The rite of purification is almost at hand, and you are to be my replacement."
1074,127200836446244885,Fanatic,FANATIC_NAME_KEY,character speech,explicit,explicit speaker label,The rite of purification is...overdue. Are you ready to begin?,FANATIC_NAME_KEY: The rite of purification is...overdue. Are you ready to begin?
1075,127200836446244886,Player (choice),,player option,inferred,"first-person, question or response text without NPC label",I'm listening...,I'm listening...
1076,127200836446244887,Player (choice),,player option,inferred,"first-person, question or response text without NPC label",I should get going.,I should get going.
1077,127200836446244888,Fanatic,FANATIC_NAME_KEY,character speech,explicit,explicit speaker label,The sea will return you to me in time.,FANATIC_NAME_KEY: The sea will return you to me in time.
1078,127200836446244889,Fanatic,FANATIC_NAME_KEY,character speech,explicit,explicit speaker label,"Your trial begins immediately. Tell me, what does your spirit seek?","FANATIC_NAME_KEY: Your trial begins immediately. Tell me, what does your spirit seek?"
1079,127200836446244890,Unattributed,,unattributed Yarn text,unknown,no speaker tag; cannot safely infer,Happiness.,Happiness.
1080,127200836446244891,Fanatic,FANATIC_NAME_KEY,character speech,explicit,explicit speaker label,"Hah! Merely an excuse to halt the search for something greater. Happiness is, by definition, a compromise.","FANATIC_NAME_KEY: Hah! Merely an excuse to halt the search for something greater. Happiness is, by definition, a compromise."
1081,127200836446244892,Unattributed,,unattributed Yarn text,unknown,no speaker tag; cannot safely infer,Sadness.,Sadness.
1082,127200836446244893,Fanatic,FANATIC_NAME_KEY,character speech,explicit,explicit speaker label,"Liar. Nobody seeks sadness. Truly, you seek pity.","FANATIC_NAME_KEY: Liar. Nobody seeks sadness. Truly, you seek pity."
1083,127200836446244894,Unattributed,,unattributed Yarn text,unknown,no speaker tag; cannot safely infer,Emptiness.,Emptiness.
1084,127200836446244895,Fanatic,FANATIC_NAME_KEY,character speech,explicit,explicit speaker label,Yes. A pure vessel. Only those devoid of mortality can ascend past it.,FANATIC_NAME_KEY: Yes. A pure vessel. Only those devoid of mortality can ascend past it.
1085,127200836446244896,Fanatic,FANATIC_NAME_KEY,character speech,explicit,explicit speaker label,And your flesh. What does it crave?,FANATIC_NAME_KEY: And your flesh. What does it crave?
1086,127200836446244897,Unattributed,,unattributed Yarn text,unknown,no speaker tag; cannot safely infer,The warmth of the sun.,The warmth of the sun.
1087,127200836446244898,Fanatic,FANATIC_NAME_KEY,character speech,explicit,explicit speaker label,And yet it eludes you. Darkness is cast over the rest of your days.,FANATIC_NAME_KEY: And yet it eludes you. Darkness is cast over the rest of your days.
1088,127200836446244899,Unattributed,,unattributed Yarn text,unknown,no speaker tag; cannot safely infer,The sting of the salt.,The sting of the salt.
1089,127200836446244900,Fanatic,FANATIC_NAME_KEY,character speech,explicit,explicit speaker label,Pain is a trick of the flesh. Do not surrender to it.,FANATIC_NAME_KEY: Pain is a trick of the flesh. Do not surrender to it.
1090,127200836446244901,Unattributed,,unattributed Yarn text,unknown,no speaker tag; cannot safely infer,The chill of the water.,The chill of the water.
1091,127200836446244902,Fanatic,FANATIC_NAME_KEY,character speech,explicit,explicit speaker label,I sense it in you...a glimmer of what waits below.,FANATIC_NAME_KEY: I sense it in you...a glimmer of what waits below.
1092,127200836446244903,Fanatic,FANATIC_NAME_KEY,character speech,explicit,explicit speaker label,Finally. What does the world deserve?,FANATIC_NAME_KEY: Finally. What does the world deserve?
1093,127200836446244904,Unattributed,,unattributed Yarn text,unknown,no speaker tag; cannot safely infer,Everything.,Everything.
1094,127200836446244905,Fanatic,FANATIC_NAME_KEY,character speech,explicit,explicit speaker label,In a way. It deserves all that is washed ashore - freely given from the deep. But no more than that.,FANATIC_NAME_KEY: In a way. It deserves all that is washed ashore - freely given from the deep. But no more than that.
1095,127200836446244906,Unattributed,,unattributed Yarn text,unknown,no speaker tag; cannot safely infer,Nothing.,Nothing.
1096,127200836446244907,Fanatic,FANATIC_NAME_KEY,character speech,explicit,explicit speaker label,"Exactly. And yet it takes, endlessly. Harvesting, draining. But soon it will know that it has taken too much. It is already too late.","FANATIC_NAME_KEY: Exactly. And yet it takes, endlessly. Harvesting, draining. But soon it will know that it has taken too much. It is already too late."
1097,127200836446244908,Fanatic,FANATIC_NAME_KEY,character speech,explicit,explicit speaker label,The trial is concluded. You still have much to learn. But that knowledge will be delivered to you in time.,FANATIC_NAME_KEY: The trial is concluded. You still have much to learn. But that knowledge will be delivered to you in time.
1098,127200836446244909,Fanatic,FANATIC_NAME_KEY,character speech,explicit,explicit speaker label,"Now. Your role, as my initiate, is to act as [C0]Herald of the Purge[/C0]. Just as I was, for the one before me.","FANATIC_NAME_KEY: Now. Your role, as my initiate, is to act as [C0]Herald of the Purge[/C0]. Just as I was, for the one before me."
1099,127200836446244910,Fanatic,FANATIC_NAME_KEY,character speech,explicit,explicit speaker label,"The nearby spires blaze with eternal fire, yet the stone hearths of these three idols lie barren and void.","FANATIC_NAME_KEY: The nearby spires blaze with eternal fire, yet the stone hearths of these three idols lie barren and void."
1100,127200836446244911,Fanatic,FANATIC_NAME_KEY,character speech,explicit,explicit speaker label,Retrieve [C3]three Fathomless Flames[/C3] from the crags behind us and ignite the crucibles.,FANATIC_NAME_KEY: Retrieve [C3]three Fathomless Flames[/C3] from the crags behind us and ignite the crucibles.
1101,127200836446244912,Fanatic,FANATIC_NAME_KEY,character speech,explicit,explicit speaker label,Visit the [C0]Shrines of the Deep[/C0]. I will mark them. They will offer further guidance - and I must provide no more.,FANATIC_NAME_KEY: Visit the [C0]Shrines of the Deep[/C0]. I will mark them. They will offer further guidance - and I must provide no more.
1102,127200836446244913,Fanatic,FANATIC_NAME_KEY,character speech,explicit,explicit speaker label,I can see that. But we cannot proceed in darkness - all three must be lit.,FANATIC_NAME_KEY: I can see that. But we cannot proceed in darkness - all three must be lit.
1103,127200836446244914,Fanatic,FANATIC_NAME_KEY,character speech,explicit,explicit speaker label,Ahh. I can feel it. The chill of the deep touches us now. It is time. Come.,FANATIC_NAME_KEY: Ahh. I can feel it. The chill of the deep touches us now. It is time. Come.
1104,127200836446244915,Narrator / scene text,,narration,inferred,third-/second-person scene description,"You follow him up the steps of the temple. At the top is a black stone altar. Stacked high upon the altar are layers of dark, damp wood.","You follow him up the steps of the temple. At the top is a black stone altar. Stacked high upon the altar are layers of dark, damp wood."
1105,127200836446244916,Narrator / scene text,,narration,inferred,third-/second-person scene description,He draws the antique pocket watch from his robe. It sways hypnotically in the breeze.,He draws the antique pocket watch from his robe. It sways hypnotically in the breeze.
1106,127200836446244917,Fanatic,FANATIC_NAME_KEY,character speech,explicit,explicit speaker label,It is almost yours. May it mark the start of your journey...and the end.,FANATIC_NAME_KEY: It is almost yours. May it mark the start of your journey...and the end.
1107,127200836446244918,Unattributed,,unattributed Yarn text,unknown,no speaker tag; cannot safely infer,"Still holding the pocket watch in one hand, he clambers atop the pyre and raises his scroll. [C3]He begins to chant[/C3].","Still holding the pocket watch in one hand, he clambers atop the pyre and raises his scroll. [C3]He begins to chant[/C3]."
1108,127200836446244919,Player (choice),,player option,inferred,"first-person, question or response text without NPC label",What are you doing?,What are you doing?
1109,127200836446244920,Unattributed,,unattributed Yarn text,unknown,no speaker tag; cannot safely infer,He ignores you.,He ignores you.
1110,127200836446244921,Player (action choice),,player action choice,inferred,bracketed interactive action,\[Stand back.\],\[Stand back.\]
1111,127200836446244922,Unattributed,,unattributed Yarn text,unknown,no speaker tag; cannot safely infer,You are rooted to the spot.,You are rooted to the spot.
1112,127200836446244923,Player (action choice),,player action choice,inferred,bracketed interactive action,\[Say nothing.\],\[Say nothing.\]
1113,127200836446244924,Narrator / scene text,,narration,inferred,third-/second-person scene description,"The wind picks up, swirling sea spray around the altar. A cold blue flame rises from the sodden wood at his feet.","The wind picks up, swirling sea spray around the altar. A cold blue flame rises from the sodden wood at his feet."
1114,127200836446244925,Unattributed,,unattributed Yarn text,unknown,no speaker tag; cannot safely infer,Stop this!,Stop this!
1115,127200836446244926,Unattributed,,unattributed Yarn text,unknown,no speaker tag; cannot safely infer,His chanting grows louder.,His chanting grows louder.
1116,127200836446244927,Player (action choice),,player action choice,inferred,bracketed interactive action,\[Look away.\],\[Look away.\]
1117,127200836446244928,Unattributed,,unattributed Yarn text,unknown,no speaker tag; cannot safely infer,You can't.,You can't.
1118,127200836446244929,Player (action choice),,player action choice,inferred,bracketed interactive action,\[Say nothing.\],\[Say nothing.\]
1119,127200836446244930,Narrator / scene text,,narration,inferred,third-/second-person scene description,"The freezing blaze climbs his legs. His chanting continues, no pain detectable in his voice.","The freezing blaze climbs his legs. His chanting continues, no pain detectable in his voice."
1120,127200836446244931,Narrator / scene text,,narration,inferred,third-/second-person scene description,"He lifts his arms skyward. Seconds later, the inferno engulfs him.","He lifts his arms skyward. Seconds later, the inferno engulfs him."
1121,127200836446244932,Narrator / scene text,,narration,inferred,third-/second-person scene description,"It rages for a moment, then abruptly dies away. A cold mist pools around the floor of the temple briefly before the wind sweeps it into the sea.","It rages for a moment, then abruptly dies away. A cold mist pools around the floor of the temple briefly before the wind sweeps it into the sea."
1122,127200836446244933,Unattributed,,unattributed Yarn text,unknown,no speaker tag; cannot safely infer,No trace of the Fanatic remains.,No trace of the Fanatic remains.
1123,127200836446244934,Unattributed,,unattributed Yarn text,unknown,no speaker tag; cannot safely infer,The pyre is cold and damp.,The pyre is cold and damp.
1124,127200836446244935,Player (action choice),,player action choice,inferred,bracketed interactive action,\[Inspect the pyre.\],\[Inspect the pyre.\]
1125,127200836446244936,Player (action choice),,player action choice,inferred,bracketed interactive action,\[Leave.\],\[Leave.\]
1126,127200836446244937,Narrator / scene text,,narration,inferred,third-/second-person scene description,"You take the pocket watch - it's freezing cold. It vibrates in your palm, clock hands spinning wildly below the cracked face.","You take the pocket watch - it's freezing cold. It vibrates in your palm, clock hands spinning wildly below the cracked face."
1127,127200836446244938,Fanatic,FANATIC_NAME_KEY,character speech,explicit,explicit speaker label,You are to prepare the ritual. You must light the stone crucibles around the temple with [C3]three Fathomless Flames[/C3].,FANATIC_NAME_KEY: You are to prepare the ritual. You must light the stone crucibles around the temple with [C3]three Fathomless Flames[/C3].
1128,127200836446244939,Fanatic,FANATIC_NAME_KEY,character speech,explicit,explicit speaker label,You will receive further illumination at the [C0]three Shrines of the Deep[/C0]. They are scattered about not far from here.,FANATIC_NAME_KEY: You will receive further illumination at the [C0]three Shrines of the Deep[/C0]. They are scattered about not far from here.
1129,127200836446244940,Fanatic,FANATIC_NAME_KEY,character speech,explicit,explicit speaker label,"Relics, you say? Perhaps...one such as this?","FANATIC_NAME_KEY: Relics, you say? Perhaps...one such as this?"
1130,127200836446244941,Narrator / scene text,,narration,inferred,third-/second-person scene description,He pulls an antique pocket watch from inside his robe. [C3]Droplets of sea spray crackle and seethe in the air around it[/C3].,He pulls an antique pocket watch from inside his robe. [C3]Droplets of sea spray crackle and seethe in the air around it[/C3].
1131,127200836446244942,Fanatic,FANATIC_NAME_KEY,character speech,explicit,explicit speaker label,"You are drawn to it too, I see. It found me during my rite of proving as I scavenged for creatures of power.","FANATIC_NAME_KEY: You are drawn to it too, I see. It found me during my rite of proving as I scavenged for creatures of power."
1132,127200836446244943,Fanatic,FANATIC_NAME_KEY,character speech,explicit,explicit speaker label,"It sapped at my spirit when I first recovered it. But I came to appreciate its strange nourishment, with time.","FANATIC_NAME_KEY: It sapped at my spirit when I first recovered it. But I came to appreciate its strange nourishment, with time."
1133,127200836446244944,Fanatic,FANATIC_NAME_KEY,character speech,explicit,explicit speaker label,"As will you. When the ritual is prepared, it will be yours to carry forth.","FANATIC_NAME_KEY: As will you. When the ritual is prepared, it will be yours to carry forth."
1134,127200836446244945,Fanatic,FANATIC_NAME_KEY,character speech,explicit,explicit speaker label,There are pretenders. Failures that make a mockery of the deep. I tried...correcting their ways.,FANATIC_NAME_KEY: There are pretenders. Failures that make a mockery of the deep. I tried...correcting their ways.
1135,127200836446244946,Fanatic,FANATIC_NAME_KEY,character speech,explicit,explicit speaker label,But I soon saw that they had lost the path. I left them to their ceaseless hunger.,FANATIC_NAME_KEY: But I soon saw that they had lost the path. I left them to their ceaseless hunger.
1136,127200836446244947,Fanatic,FANATIC_NAME_KEY,character speech,explicit,explicit speaker label,"I found it...at the end of my other life. It washed ashore, as all great gifts do.","FANATIC_NAME_KEY: I found it...at the end of my other life. It washed ashore, as all great gifts do."
1137,127200836446244948,Fanatic,FANATIC_NAME_KEY,character speech,explicit,explicit speaker label,It took some time for me to decipher the runes. It speaks of an incomprehensible door.,FANATIC_NAME_KEY: It took some time for me to decipher the runes. It speaks of an incomprehensible door.
1138,127200836446244949,Fanatic,FANATIC_NAME_KEY,character speech,explicit,explicit speaker label,"And those wretched, twisted fish that swam through...their flesh is the closest thing to a key.","FANATIC_NAME_KEY: And those wretched, twisted fish that swam through...their flesh is the closest thing to a key."
1139,127200836446244950,Narrator / scene text,,narration,inferred,third-/second-person scene description,The statue holds a stone crucible. It's empty.,The statue holds a stone crucible. It's empty.
1140,127200836446244951,Narrator / scene text,,narration,inferred,third-/second-person scene description,The statue holds a stone crucible. It's empty.,The statue holds a stone crucible. It's empty.
1141,127200836446244952,Narrator / scene text,,narration,inferred,third-/second-person scene description,The statue holds a stone crucible. It's empty.,The statue holds a stone crucible. It's empty.
1142,127200836446244953,Unattributed,,unattributed Yarn text,unknown,no speaker tag; cannot safely infer,A cold flame roars in the statue's hands.,A cold flame roars in the statue's hands.
1143,127200836446244954,Unattributed,,unattributed Yarn text,unknown,no speaker tag; cannot safely infer,The statue is lit with a cold flame.,The statue is lit with a cold flame.
1144,127243098945409024,Unattributed,,unattributed Yarn text,unknown,no speaker tag; cannot safely infer,"A stone shrine, split open.","A stone shrine, split open."
1145,127243098991546368,Unattributed,,unattributed Yarn text,unknown,no speaker tag; cannot safely infer,"A stone shrine, split open.","A stone shrine, split open."
1146,127243098991546369,Unattributed,,unattributed Yarn text,unknown,no speaker tag; cannot safely infer,"A stone shrine, split open.","A stone shrine, split open."
1147,127243098991546370,Unattributed,,unattributed Yarn text,unknown,no speaker tag; cannot safely infer,Preparations are complete. The Fanatic awaits.,Preparations are complete. The Fanatic awaits.
1148,128651020623597568,Fishmonger,FISHMONGER_NAME_KEY,character speech,explicit,explicit speaker label,Not all schools of fish are the same. Some contain...[C3]abnormal specimens[/C3]. Sometimes you can even tell just looking from the surface.,FISHMONGER_NAME_KEY: Not all schools of fish are the same. Some contain...[C3]abnormal specimens[/C3]. Sometimes you can even tell just looking from the surface.
1149,128651020652957696,Narrator / scene text,,narration,inferred,third-/second-person scene description,"The Fishmonger reaches under the counter and hands you a damp, battered book. A few shimmering fish scales are stuck to the cover.","The Fishmonger reaches under the counter and hands you a damp, battered book. A few shimmering fish scales are stuck to the cover."
1150,128651020652957697,Narrator / scene text,,narration,inferred,third-/second-person scene description,She pulls a [C1]Book[/C1] from a toolbox nearby and hands it to you. A few of the pages are stuck together with grease.,She pulls a [C1]Book[/C1] from a toolbox nearby and hands it to you. A few of the pages are stuck together with grease.
1151,128651020652957698,Shipwright,SHIPWRIGHT_NAME_KEY,character speech,explicit,explicit speaker label,Your boat's looking a bit banged up. I can [C1]repair[/C1] that here if you like.,SHIPWRIGHT_NAME_KEY: Your boat's looking a bit banged up. I can [C1]repair[/C1] that here if you like.
1152,128651020652957699,Shipwright,SHIPWRIGHT_NAME_KEY,character speech,explicit,explicit speaker label,Looks like some of your [C0]equipment could use some fixing[/C0]. We can [C1]repair[/C1] that here.,SHIPWRIGHT_NAME_KEY: Looks like some of your [C0]equipment could use some fixing[/C0]. We can [C1]repair[/C1] that here.
1153,128651020652957700,Narrator / scene text,,narration,inferred,third-/second-person scene description,He pulls a crumpled [C1]Book[/C1] from his back pocket and hands it to you. A number of the pages are folded over.,He pulls a crumpled [C1]Book[/C1] from his back pocket and hands it to you. A number of the pages are folded over.
1154,128651020652957701,Narrator / scene text,,narration,inferred,third-/second-person scene description,"He pulls a [C1]Book[/C1] from a stack sitting on his desk and hands it to you. It's covered in dust, but otherwise seems in good condition.","He pulls a [C1]Book[/C1] from a stack sitting on his desk and hands it to you. It's covered in dust, but otherwise seems in good condition."
1155,128651020652957702,Player (choice),,player option,inferred,"first-person, question or response text without NPC label",I've got a Conger Eel here.,I've got a Conger Eel here.
1156,128651020652957703,Ingfell Resident,INGFELL_RESIDENT_NAME_KEY,character speech,explicit,explicit speaker label,"Let me see - oh, hmm. That's a [C0]Conger Eel[/C0] alright, but it's not sufficiently [C2]aged[/C2]. If I take it now, the dog is sure to snatch it before it ages fully.","INGFELL_RESIDENT_NAME_KEY: Let me see - oh, hmm. That's a [C0]Conger Eel[/C0] alright, but it's not sufficiently [C2]aged[/C2]. If I take it now, the dog is sure to snatch it before it ages fully."
1157,128651020657152000,Ingfell Resident,INGFELL_RESIDENT_NAME_KEY,character speech,explicit,explicit speaker label,"Please, come back after it's had some time to mature.","INGFELL_RESIDENT_NAME_KEY: Please, come back after it's had some time to mature."
1158,128695983315013632,Fishmonger,FISHMONGER_NAME_KEY,character speech,explicit,explicit speaker label,Just leave whatever you have here. I'll keep the order on ice until it's all ready to go.,FISHMONGER_NAME_KEY: Just leave whatever you have here. I'll keep the order on ice until it's all ready to go.
1159,128695983340179456,Fishmonger,FISHMONGER_NAME_KEY,character speech,explicit,explicit speaker label,"Alright, come back when you have everything. Now, to regular business, eh?","FISHMONGER_NAME_KEY: Alright, come back when you have everything. Now, to regular business, eh?"
1160,128695983344373760,Narrator / scene text,,narration,inferred,third-/second-person scene description,You don't have any [C0]Packed Explosives[/C0]. Perhaps the [C0]Whaler[/C0] at [C0]Ingfell[/C0] has some more.,You don't have any [C0]Packed Explosives[/C0]. Perhaps the [C0]Whaler[/C0] at [C0]Ingfell[/C0] has some more.
1161,128706042413633536,Fishmonger,FISHMONGER_NAME_KEY,character speech,explicit,explicit speaker label,Just leave whatever you have here. I'll keep the order on ice until it's all ready to go.,FISHMONGER_NAME_KEY: Just leave whatever you have here. I'll keep the order on ice until it's all ready to go.
1162,128706042417827840,Fishmonger,FISHMONGER_NAME_KEY,character speech,explicit,explicit speaker label,"Alright, come back when you have everything. Now, to regular business, eh?","FISHMONGER_NAME_KEY: Alright, come back when you have everything. Now, to regular business, eh?"
1163,128706042417827841,Fishmonger,FISHMONGER_NAME_KEY,character speech,explicit,explicit speaker label,"I've got one here for you, in fact. It's a bit [C2]banged up[/C2], but you could get it [C1]fixed at the Shipwright[/C1].","FISHMONGER_NAME_KEY: I've got one here for you, in fact. It's a bit [C2]banged up[/C2], but you could get it [C1]fixed at the Shipwright[/C1]."
1164,128706042417827842,Fishmonger,FISHMONGER_NAME_KEY,character speech,explicit,explicit speaker label,Here's that [C0]Crab Pot[/C0] I was going to give you earlier.,FISHMONGER_NAME_KEY: Here's that [C0]Crab Pot[/C0] I was going to give you earlier.
1165,128706042417827843,Fishmonger,FISHMONGER_NAME_KEY,character speech,explicit,explicit speaker label,"You can come by and grab it later, I guess. To regular business then.","FISHMONGER_NAME_KEY: You can come by and grab it later, I guess. To regular business then."
1166,128706042417827844,Fishmonger,FISHMONGER_NAME_KEY,character speech,explicit,explicit speaker label,I've got a customer after [C0]a Fiddler Crab[/C0] and [C0]a Common Crab[/C0]. Both species can be found around here.,FISHMONGER_NAME_KEY: I've got a customer after [C0]a Fiddler Crab[/C0] and [C0]a Common Crab[/C0]. Both species can be found around here.
1167,128706042417827845,Fishmonger,FISHMONGER_NAME_KEY,character speech,explicit,explicit speaker label,Have you got any crabs for that order?,FISHMONGER_NAME_KEY: Have you got any crabs for that order?
1168,128706042417827846,Player (choice),,player option,inferred,"first-person, question or response text without NPC label",Yes.,Yes.
1169,128706042417827847,Fishmonger,FISHMONGER_NAME_KEY,character speech,explicit,explicit speaker label,"Don't forget, if your [C0]Crab Pots[/C0] get a bit [C2]worn out[/C2], the [C1]Shipwright should be able to patch 'em up[/C1].","FISHMONGER_NAME_KEY: Don't forget, if your [C0]Crab Pots[/C0] get a bit [C2]worn out[/C2], the [C1]Shipwright should be able to patch 'em up[/C1]."
1170,128706042417827848,Fishmonger,FISHMONGER_NAME_KEY,character speech,explicit,explicit speaker label,"Alright, come back when you have everything. Now, to regular business, eh?","FISHMONGER_NAME_KEY: Alright, come back when you have everything. Now, to regular business, eh?"
1171,128706042417827849,Unattributed,,unattributed Yarn text,unknown,no speaker tag; cannot safely infer,Not right now.,Not right now.
1172,128706042417827850,Unattributed,,unattributed Yarn text,unknown,no speaker tag; cannot safely infer,You hold on to the crabs for now.,You hold on to the crabs for now.
1173,128989530735955968,Fishmonger,FISHMONGER_NAME_KEY,character speech,explicit,explicit speaker label,"I'll let you know when I get more orders in. For now, on to business as usual.","FISHMONGER_NAME_KEY: I'll let you know when I get more orders in. For now, on to business as usual."
1174,128989530769510400,Fishmonger,FISHMONGER_NAME_KEY,character speech,explicit,explicit speaker label,"Remember, any [C3]aberrant[/C3] will suffice. I suspect they're all the same...underneath.","FISHMONGER_NAME_KEY: Remember, any [C3]aberrant[/C3] will suffice. I suspect they're all the same...underneath."
1175,128989530769510401,Fishmonger,FISHMONGER_NAME_KEY,character speech,explicit,explicit speaker label,"Alright, come back when you have one for me. Now, to regular business, eh?","FISHMONGER_NAME_KEY: Alright, come back when you have one for me. Now, to regular business, eh?"
1176,128994536054771712,Mayor,MAYOR_NAME_KEY,character speech,explicit,explicit speaker label,I've also allocated some money to [C1]improve the Fishmonger's services[/C1]. He might have something to talk to you about soon.,MAYOR_NAME_KEY: I've also allocated some money to [C1]improve the Fishmonger's services[/C1]. He might have something to talk to you about soon.
1177,128998044824948736,Fishmonger,FISHMONGER_NAME_KEY,character speech,explicit,explicit speaker label,There's something else I wanted to - hmm...,FISHMONGER_NAME_KEY: There's something else I wanted to - hmm...
1178,128998044824948737,Fishmonger,FISHMONGER_NAME_KEY,character speech,explicit,explicit speaker label,No. Forget it.,FISHMONGER_NAME_KEY: No. Forget it.
1179,130128175236829184,Narrator / scene text,,narration,inferred,third-/second-person scene description,"You disembark and take the package over to the Dockworker. He's standing motionless on the docks, staring down at the water.","You disembark and take the package over to the Dockworker. He's standing motionless on the docks, staring down at the water."
1180,130128175257800704,Narrator / scene text,,narration,inferred,third-/second-person scene description,You press the package into his hands - his fingers slowly gripping it is the closest thing to a response you get.,You press the package into his hands - his fingers slowly gripping it is the closest thing to a response you get.
1181,130128175261995008,Dockworker,DOCKWORKER_NAME_KEY,character speech,explicit,explicit speaker label,...,DOCKWORKER_NAME_KEY: ...
1182,130128175261995009,Player (choice),,player option,inferred,"first-person, question or response text without NPC label",I've got a package here for you.,I've got a package here for you.
1183,130128175261995010,Dockworker,DOCKWORKER_NAME_KEY,character speech,explicit,explicit speaker label,"A delivery, eh? Oh, it's a big one. Let me see...","DOCKWORKER_NAME_KEY: A delivery, eh? Oh, it's a big one. Let me see..."
1184,130128175261995011,Narrator / scene text,,narration,inferred,third-/second-person scene description,He takes the large package and examines it gently with his hands. He lifts it to one ear and listens for a while. He seems satisfied.,He takes the large package and examines it gently with his hands. He lifts it to one ear and listens for a while. He seems satisfied.
1185,130128175261995012,Dockworker,DOCKWORKER_NAME_KEY,character speech,explicit,explicit speaker label,"Much appreciated, friend. Now, if you'll excuse me...wish me luck!","DOCKWORKER_NAME_KEY: Much appreciated, friend. Now, if you'll excuse me...wish me luck!"
1186,130128175261995013,Narrator / scene text,,narration,inferred,third-/second-person scene description,He turns and hurries off down the dock without another word to you - or compensation.,He turns and hurries off down the dock without another word to you - or compensation.
1187,130128175261995014,Narrator / scene text,,narration,inferred,third-/second-person scene description,"The [C0]Dockworker[/C0] is standing motionless on the edge of the dock, staring down at the water. He seems paralyzed by fear at what he sees.","The [C0]Dockworker[/C0] is standing motionless on the edge of the dock, staring down at the water. He seems paralyzed by fear at what he sees."
1188,130128175261995015,Player (action choice),,player action choice,inferred,bracketed interactive action,\[Stay with him.\],\[Stay with him.\]
1189,130128175261995016,Player (action choice),,player action choice,inferred,bracketed interactive action,\[Leave.\],\[Leave.\]
1190,130128175261995017,Narrator / scene text,,narration,inferred,third-/second-person scene description,"You stand with him for a while. Occasionally, a tremor shakes his body and his breathing becomes labored.","You stand with him for a while. Occasionally, a tremor shakes his body and his breathing becomes labored."
1191,130128175261995018,Player (action choice),,player action choice,inferred,bracketed interactive action,\[Stay with him.\],\[Stay with him.\]
1192,130128175261995019,Player (action choice),,player action choice,inferred,bracketed interactive action,\[Leave.\],\[Leave.\]
1193,130128175261995020,Narrator / scene text,,narration,inferred,third-/second-person scene description,"He strains, clenching his fists - eyes shut tight with the effort. A tear rolls down his cheek.","He strains, clenching his fists - eyes shut tight with the effort. A tear rolls down his cheek."
1194,130128175261995021,Player (action choice),,player action choice,inferred,bracketed interactive action,\[Stay with him.\],\[Stay with him.\]
1195,130128175261995022,Player (action choice),,player action choice,inferred,bracketed interactive action,\[Leave.\],\[Leave.\]
1196,130128175261995023,Unattributed,,unattributed Yarn text,unknown,no speaker tag; cannot safely infer,His body relaxes suddenly and his eyes snap open again. They are cloudy and expressionless. Fluid rattles through his lungs.,His body relaxes suddenly and his eyes snap open again. They are cloudy and expressionless. Fluid rattles through his lungs.
1197,130128175261995024,Narrator / scene text,,narration,inferred,third-/second-person scene description,A [C3]drop of dark ooze[/C3] falls from one of his ears and lands on the dock. It slips between the boards and disappears into the water below.,A [C3]drop of dark ooze[/C3] falls from one of his ears and lands on the dock. It slips between the boards and disappears into the water below.
1198,130128175261995025,Player (action choice),,player action choice,inferred,bracketed interactive action,\[Leave.\],\[Leave.\]
1199,130128175266189312,Narrator / scene text,,narration,inferred,third-/second-person scene description,"You pull up alongside a boat at anchor. There are signs of life on board, but nobody appears to greet you.","You pull up alongside a boat at anchor. There are signs of life on board, but nobody appears to greet you."
1200,130128175266189313,Player (action choice),,player action choice,inferred,bracketed interactive action,\[Call out.\],\[Call out.\]
1201,130128175266189314,Narrator / scene text,,narration,inferred,third-/second-person scene description,"Almost immediately, a small slot in the door snaps open. A pair of frantic eyes peer out at you.","Almost immediately, a small slot in the door snaps open. A pair of frantic eyes peer out at you."
1202,130128175266189315,Courier,COURIER_NAME_KEY,character speech,explicit,explicit speaker label,[S1]Who goes there?[/S1],COURIER_NAME_KEY: [S1]Who goes there?[/S1]
1203,130128175266189316,Unattributed,,unattributed Yarn text,unknown,no speaker tag; cannot safely infer,A fisherman.,A fisherman.
1204,130128175266189317,Unattributed,,unattributed Yarn text,unknown,no speaker tag; cannot safely infer,A monster.,A monster.
1205,130128175266189318,Courier,COURIER_NAME_KEY,character speech,explicit,explicit speaker label,Very funny.,COURIER_NAME_KEY: Very funny.
1206,130128175266189319,Unattributed,,unattributed Yarn text,unknown,no speaker tag; cannot safely infer,Nobody.,Nobody.
1207,130128175266189320,Player (action choice),,player action choice,inferred,bracketed interactive action,\[Leave.\],\[Leave.\]
1208,130128175266189321,Courier,COURIER_NAME_KEY,character speech,explicit,explicit speaker label,What do you want?,COURIER_NAME_KEY: What do you want?
1209,130128175266189322,Player (choice),,player option,inferred,"first-person, question or response text without NPC label",I was just checking to see if you're ok.,I was just checking to see if you're ok.
1210,130128175266189323,Courier,COURIER_NAME_KEY,character speech,explicit,explicit speaker label,"Do I seem ok?! No, I am very much NOT ok. I'm supposed to be [C0]delivering this package to Little Marrow[/C0]. But I'm being stalked!","COURIER_NAME_KEY: Do I seem ok?! No, I am very much NOT ok. I'm supposed to be [C0]delivering this package to Little Marrow[/C0]. But I'm being stalked!"
1211,130128175266189324,Courier,COURIER_NAME_KEY,character speech,explicit,explicit speaker label,"A [C3]huge leviathan[/C3] lurks in these deep waters - I've seen it! It hung in the water, its gaping mouth just below the boat!","COURIER_NAME_KEY: A [C3]huge leviathan[/C3] lurks in these deep waters - I've seen it! It hung in the water, its gaping mouth just below the boat!"
1212,130128175266189325,Courier,COURIER_NAME_KEY,character speech,explicit,explicit speaker label,It would've swallowed this vessel whole if I hadn't bolted for the shallows. I'm not going any further into this accursed island chain!,COURIER_NAME_KEY: It would've swallowed this vessel whole if I hadn't bolted for the shallows. I'm not going any further into this accursed island chain!
1213,130128175266189326,Player (choice),,player option,inferred,"first-person, question or response text without NPC label",I could deliver the package to Little Marrow for you.,I could deliver the package to Little Marrow for you.
1214,130128175266189327,Player (choice),,player option,inferred,"first-person, question or response text without NPC label",I'd better get going.,I'd better get going.
1215,130128175266189328,Courier,COURIER_NAME_KEY,character speech,explicit,explicit speaker label,"You would? Well, that would work, I guess.","COURIER_NAME_KEY: You would? Well, that would work, I guess."
1216,130128175266189329,Courier,COURIER_NAME_KEY,character speech,explicit,explicit speaker label,"Oh, you won't take it after all? Just my luck.","COURIER_NAME_KEY: Oh, you won't take it after all? Just my luck."
1217,130128175266189330,Narrator / scene text,,narration,inferred,third-/second-person scene description,The Courier pushes a lumpy brown package through the doorhole. It squelches slightly as you take it in your hands. [C3]Dark fluid oozes[/C3] from one corner.,The Courier pushes a lumpy brown package through the doorhole. It squelches slightly as you take it in your hands. [C3]Dark fluid oozes[/C3] from one corner.
1218,130128175266189331,Courier,COURIER_NAME_KEY,character speech,explicit,explicit speaker label,"Thank you, stranger. This is bound for the [C0]Dockworker at Little Marrow[/C0].","COURIER_NAME_KEY: Thank you, stranger. This is bound for the [C0]Dockworker at Little Marrow[/C0]."
1219,130128175266189332,Courier,COURIER_NAME_KEY,character speech,explicit,explicit speaker label,"I'm not sure what's inside, but...listen, I know this sounds crazy...sometimes I think I can hear the [C3]faintest of whispers[/C3] coming from it.","COURIER_NAME_KEY: I'm not sure what's inside, but...listen, I know this sounds crazy...sometimes I think I can hear the [C3]faintest of whispers[/C3] coming from it."
1220,130128175266189333,Courier,COURIER_NAME_KEY,character speech,explicit,explicit speaker label,"Now, I'm not supposed to be transporting live goods - don't have the equipment for it. So just...be careful with this thing, whatever it is.","COURIER_NAME_KEY: Now, I'm not supposed to be transporting live goods - don't have the equipment for it. So just...be careful with this thing, whatever it is."
1221,130128175266189334,Courier,COURIER_NAME_KEY,character speech,explicit,explicit speaker label,"Here, why don't you take this, too.","COURIER_NAME_KEY: Here, why don't you take this, too."
1222,130128175266189335,Unattributed,,unattributed Yarn text,unknown,no speaker tag; cannot safely infer,"Again, an item emerges from the doorhole. This time, a [C1]Book[/C1] is pushed through and thuds onto the deck below. You pick it up.","Again, an item emerges from the doorhole. This time, a [C1]Book[/C1] is pushed through and thuds onto the deck below. You pick it up."
1223,130128175266189336,Courier,COURIER_NAME_KEY,character speech,explicit,explicit speaker label,I'll be on my way whenever the coast is clear. Safe travels.,COURIER_NAME_KEY: I'll be on my way whenever the coast is clear. Safe travels.
1224,130128175266189337,Courier,COURIER_NAME_KEY,character speech,explicit,explicit speaker label,Hmmph.,COURIER_NAME_KEY: Hmmph.
1225,130128175266189338,Unattributed,,unattributed Yarn text,unknown,no speaker tag; cannot safely infer,"Suddenly, the slot snaps shut.","Suddenly, the slot snaps shut."
1226,130131995954171904,Courier,COURIER_NAME_KEY,character speech,explicit,explicit speaker label,You again. What is it?,COURIER_NAME_KEY: You again. What is it?
1227,131218274611548160,Trader,TRADER_NAME_KEY,character speech,explicit,explicit speaker label,"Ah, um, hello. What can I do for you today?","TRADER_NAME_KEY: Ah, um, hello. What can I do for you today?"
1228,131218274636713984,Player (action choice),,player action choice,inferred,bracketed interactive action,\[Show him the stone tablet.\],\[Show him the stone tablet.\]
1229,131218274636713985,Player (choice),,player option,inferred,"first-person, question or response text without NPC label",I'm just here with some trinkets.,I'm just here with some trinkets.
1230,131218274636713986,Narrator / scene text,,narration,inferred,third-/second-person scene description,"The Trader takes the [C0]Stone Tablet[/C0] from you and inspects it closely, turning it over in his hands.","The Trader takes the [C0]Stone Tablet[/C0] from you and inspects it closely, turning it over in his hands."
1231,131218274636713987,Trader,TRADER_NAME_KEY,character speech,explicit,explicit speaker label,Some years ago I...acquired this other piece.,TRADER_NAME_KEY: Some years ago I...acquired this other piece.
1232,131218274636713988,Trader,TRADER_NAME_KEY,character speech,explicit,explicit speaker label,You found this near those [C0]ruins in Devil's Spine[/C0] didn't you?,TRADER_NAME_KEY: You found this near those [C0]ruins in Devil's Spine[/C0] didn't you?
1233,131218274636713989,Player (choice),,player option,inferred,"first-person, question or response text without NPC label",Yes.,Yes.
1234,131218274636713990,Player (choice),,player option,inferred,"first-person, question or response text without NPC label",I don't remember.,I don't remember.
1235,131218274636713991,Trader,TRADER_NAME_KEY,character speech,explicit,explicit speaker label,"Ah, well I suspect there will be [C0]more out there[/C0]. I'll hold onto this for now and study it further while you search for the other fragments.","TRADER_NAME_KEY: Ah, well I suspect there will be [C0]more out there[/C0]. I'll hold onto this for now and study it further while you search for the other fragments."
1236,131218274636713992,Narrator / scene text,,narration,inferred,third-/second-person scene description,The Trader takes the [C0]Stone Tablet[/C0] from you and lays it on a table next to the others.,The Trader takes the [C0]Stone Tablet[/C0] from you and lays it on a table next to the others.
1237,131218274636713993,Trader,TRADER_NAME_KEY,character speech,explicit,explicit speaker label,"Hmm...judging by the age of the stone and the shape of the glyph, these are part of the same set.","TRADER_NAME_KEY: Hmm...judging by the age of the stone and the shape of the glyph, these are part of the same set."
1238,131218274636713994,Trader,TRADER_NAME_KEY,character speech,explicit,explicit speaker label,"I'll keep this for now until you come across any others. It looks like they join together to form a square, so hopefully there's just [C1]one more to find[/C1].","TRADER_NAME_KEY: I'll keep this for now until you come across any others. It looks like they join together to form a square, so hopefully there's just [C1]one more to find[/C1]."
1239,131218274636713995,Narrator / scene text,,narration,inferred,third-/second-person scene description,The Trader takes the [C0]Stone Tablet[/C0] from you and places it alongside the others. He turns them over and arranges them together in a square.,The Trader takes the [C0]Stone Tablet[/C0] from you and places it alongside the others. He turns them over and arranges them together in a square.
1240,131218274636713996,Narrator / scene text,,narration,inferred,third-/second-person scene description,"On the undersides of the tablets, new glyphs begin to form, casting an [C3]eerie light[/C3] onto the low ceiling.","On the undersides of the tablets, new glyphs begin to form, casting an [C3]eerie light[/C3] onto the low ceiling."
1241,131218274636713997,Trader,TRADER_NAME_KEY,character speech,explicit,explicit speaker label,Mhmm...yes. Go on...,TRADER_NAME_KEY: Mhmm...yes. Go on...
1242,131218274636713998,Narrator / scene text,,narration,inferred,third-/second-person scene description,He begins transcribing the glyphs onto an old scrap of parchment. Each stroke appears to demand excruciating concentration.,He begins transcribing the glyphs onto an old scrap of parchment. Each stroke appears to demand excruciating concentration.
1243,131218274636714001,Trader,TRADER_NAME_KEY,character speech,explicit,explicit speaker label,"I only know of one ""[C0]guiding light[/C0]"", but these tablets predate the lighthouse at Greater Marrow by centuries.","TRADER_NAME_KEY: I only know of one ""[C0]guiding light[/C0]"", but these tablets predate the lighthouse at Greater Marrow by centuries."
1244,131218274636714002,Trader,TRADER_NAME_KEY,character speech,explicit,explicit speaker label,"The fragments are fused together now. Why don't you take this back? In theory, they should open a lock somewhere. But where? Hmm...","TRADER_NAME_KEY: The fragments are fused together now. Why don't you take this back? In theory, they should open a lock somewhere. But where? Hmm..."
1245,131218274636714003,Trader,TRADER_NAME_KEY,character speech,explicit,explicit speaker label,An intriguing mystery - do let me know if you make any progress.,TRADER_NAME_KEY: An intriguing mystery - do let me know if you make any progress.
1246,131218274636714004,Trader,TRADER_NAME_KEY,character speech,explicit,explicit speaker label,"Oh, no room? Come back whenever you like - I'll hold onto it for you.","TRADER_NAME_KEY: Oh, no room? Come back whenever you like - I'll hold onto it for you."
1247,131218274636714005,Trader,TRADER_NAME_KEY,character speech,explicit,explicit speaker label,"Oh, you've got another? Wonderful. Please, let me see.","TRADER_NAME_KEY: Oh, you've got another? Wonderful. Please, let me see."
1248,131218274645102592,Narrator / scene text,,narration,inferred,third-/second-person scene description,You climb the many steps leading up to the [C0]Ancient Lighthouse[/C0]. At its base is a solid stone door.,You climb the many steps leading up to the [C0]Ancient Lighthouse[/C0]. At its base is a solid stone door.
1249,131218274645102593,Narrator / scene text,,narration,inferred,third-/second-person scene description,"You can't see a handle, but there's a large socket carved into the face of the door.","You can't see a handle, but there's a large socket carved into the face of the door."
1250,131218274645102594,Unattributed,,unattributed Yarn text,unknown,no speaker tag; cannot safely infer,The door remains shut.,The door remains shut.
1251,131218274645102595,Narrator / scene text,,narration,inferred,third-/second-person scene description,The [C0]Fused Tablet[/C0] clicks into place and the door rumbles before sliding aside.,The [C0]Fused Tablet[/C0] clicks into place and the door rumbles before sliding aside.
1252,131218274645102596,Player (action choice),,player action choice,inferred,bracketed interactive action,\[Step inside.\],\[Step inside.\]
1253,131218274645102597,Player (action choice),,player action choice,inferred,bracketed interactive action,\[Leave.\],\[Leave.\]
1254,131218274645102598,Narrator / scene text,,narration,inferred,third-/second-person scene description,You step through the doorway of the [C0]Ancient Lighthouse[/C0]. The stairway to the top has collapsed - this is as far as you're going to get.,You step through the doorway of the [C0]Ancient Lighthouse[/C0]. The stairway to the top has collapsed - this is as far as you're going to get.
1255,131218274645102599,Unattributed,,unattributed Yarn text,unknown,no speaker tag; cannot safely infer,Around you are a number of dusty objects. Some of them look valuable.,Around you are a number of dusty objects. Some of them look valuable.
1256,131218274645102600,Unattributed,,unattributed Yarn text,unknown,no speaker tag; cannot safely infer,The room is empty. You turn around and leave.,The room is empty. You turn around and leave.
1257,131218274645102601,Unattributed,,unattributed Yarn text,unknown,no speaker tag; cannot safely infer,You take everything from the room.,You take everything from the room.
1258,131218274645102602,Unattributed,,unattributed Yarn text,unknown,no speaker tag; cannot safely infer,You take what you can and leave.,You take what you can and leave.
1259,131224910424100864,Trader,TRADER_NAME_KEY,character speech,explicit,explicit speaker label,In the meantime...do you have any trinkets for me to appraise?,TRADER_NAME_KEY: In the meantime...do you have any trinkets for me to appraise?
1260,131224910428295168,Trader,TRADER_NAME_KEY,character speech,explicit,explicit speaker label,Excellent! Lets see what you have.,TRADER_NAME_KEY: Excellent! Lets see what you have.
1261,131527725935677440,Trader,TRADER_NAME_KEY,character speech,explicit,explicit speaker label,"It opened a door in that ruined lighthouse? Yes, that makes sense... Well, I hope you found some interesting items for me to take a look at!","TRADER_NAME_KEY: It opened a door in that ruined lighthouse? Yes, that makes sense... Well, I hope you found some interesting items for me to take a look at!"
1262,131568044525932544,Unattributed,,unattributed Yarn text,unknown,no speaker tag; cannot safely infer,Next to the dock is a derelict campsite. Strange symbols are scratched into the sand. What do you want to do?,Next to the dock is a derelict campsite. Strange symbols are scratched into the sand. What do you want to do?
1263,131568044525932545,Player (choice),,player option,inferred,"first-person, question or response text without NPC label",What do you want to do?,What do you want to do?
1264,131568044525932546,Player (action choice),,player action choice,inferred,bracketed interactive action,\[Search the campsite.\],\[Search the campsite.\]
1265,131568044525932547,Player (action choice),,player action choice,inferred,bracketed interactive action,\[Inspect the symbols in the sand.\],\[Inspect the symbols in the sand.\]
1266,131568044525932548,Player (action choice),,player action choice,inferred,bracketed interactive action,\[Leave.\],\[Leave.\]
1267,131568044525932549,Narrator / scene text,,narration,inferred,third-/second-person scene description,An extremely rough and worn sheet of fabric is collapsed at the base of some wooden supports. There's nothing remarkable about it.,An extremely rough and worn sheet of fabric is collapsed at the base of some wooden supports. There's nothing remarkable about it.
1268,131568044525932550,Narrator / scene text,,narration,inferred,third-/second-person scene description,"The symbols span the breadth of the camp, twisting this way and that. Some are grouped together into what must be words.","The symbols span the breadth of the camp, twisting this way and that. Some are grouped together into what must be words."
1269,131568044525932551,Unattributed,,unattributed Yarn text,unknown,no speaker tag; cannot safely infer,Fresh footprints tread carefully around each symbol. The last symbol trails off hurriedly and looks unfinished.,Fresh footprints tread carefully around each symbol. The last symbol trails off hurriedly and looks unfinished.
1270,131568044525932552,Player (action choice),,player action choice,inferred,bracketed interactive action,\[Inspect the last symbol more closely.\],\[Inspect the last symbol more closely.\]
1271,131568044525932553,Player (action choice),,player action choice,inferred,bracketed interactive action,\[Inspect the footprints.\],\[Inspect the footprints.\]
1272,131568044525932554,Player (action choice),,player action choice,inferred,bracketed interactive action,\[Go back.\],\[Go back.\]
1273,131568044525932555,Unattributed,,unattributed Yarn text,unknown,no speaker tag; cannot safely infer,There's nothing else here.,There's nothing else here.
1274,131568044525932556,Unattributed,,unattributed Yarn text,unknown,no speaker tag; cannot safely infer,A glint of metal shines up through the sand.,A glint of metal shines up through the sand.
1275,131568044525932557,Unattributed,,unattributed Yarn text,unknown,no speaker tag; cannot safely infer,You leave it alone for now.,You leave it alone for now.
1276,131568044525932558,Unattributed,,unattributed Yarn text,unknown,no speaker tag; cannot safely infer,You take it for yourself.,You take it for yourself.
1277,131568044525932559,Unattributed,,unattributed Yarn text,unknown,no speaker tag; cannot safely infer,"Whoever left the footprints was barefoot. The prints are large and wide, perhaps indicating they were left by a man - but you don't know much about footprints.","Whoever left the footprints was barefoot. The prints are large and wide, perhaps indicating they were left by a man - but you don't know much about footprints."
1278,131568044525932565,Narrator / scene text,,narration,inferred,third-/second-person scene description,In the dim light of the cave you can make out some paintings on both walls.,In the dim light of the cave you can make out some paintings on both walls.
1279,131568044525932566,Player (action choice),,player action choice,inferred,bracketed interactive action,\[Check the left wall.\],\[Check the left wall.\]
1280,131568044525932567,Player (action choice),,player action choice,inferred,bracketed interactive action,\[Check the right wall.\],\[Check the right wall.\]
1281,131568044525932568,Player (action choice),,player action choice,inferred,bracketed interactive action,\[Leave.\],\[Leave.\]
1282,131568044525932569,Unattributed,,unattributed Yarn text,unknown,no speaker tag; cannot safely infer,These paintings depict the birth of a civilization. A great beacon of light is shown repelling a tentacled figure emerging from the sea.,These paintings depict the birth of a civilization. A great beacon of light is shown repelling a tentacled figure emerging from the sea.
1283,131568044525932570,Unattributed,,unattributed Yarn text,unknown,no speaker tag; cannot safely infer,These paintings depict the fall of a civilization. A volcanic eruption tears through a tall lighthouse. Monstrous shapes devour people as buildings turn to ruin.,These paintings depict the fall of a civilization. A volcanic eruption tears through a tall lighthouse. Monstrous shapes devour people as buildings turn to ruin.
1284,139135624459505664,Player (choice),,player option,inferred,"first-person, question or response text without NPC label",I want to ask about the wider region.,I want to ask about the wider region.
1285,139135624493060096,Mayor,MAYOR_NAME_KEY,character speech,explicit,explicit speaker label,Certainly. Is there somewhere in particular you wish to know more about?,MAYOR_NAME_KEY: Certainly. Is there somewhere in particular you wish to know more about?
1286,139135624493060097,Mayor,MAYOR_NAME_KEY,character speech,explicit,explicit speaker label,Is there another area you'd like to discuss?,MAYOR_NAME_KEY: Is there another area you'd like to discuss?
1287,139135624493060098,Unattributed,,unattributed Yarn text,unknown,no speaker tag; cannot safely infer,Blackstone Isle.,Blackstone Isle.
1288,139135624493060099,Unattributed,,unattributed Yarn text,unknown,no speaker tag; cannot safely infer,Gale Cliffs.,Gale Cliffs.
1289,139135624493060100,Unattributed,,unattributed Yarn text,unknown,no speaker tag; cannot safely infer,Stellar Basin.,Stellar Basin.
1290,139135624493060101,Unattributed,,unattributed Yarn text,unknown,no speaker tag; cannot safely infer,Twisted Strand.,Twisted Strand.
1291,139135624493060102,Unattributed,,unattributed Yarn text,unknown,no speaker tag; cannot safely infer,Devil's Spine.,Devil's Spine.
1292,139135624493060103,Unattributed,,unattributed Yarn text,unknown,no speaker tag; cannot safely infer,That's all for now.,That's all for now.
1293,139135624493060104,Mayor,MAYOR_NAME_KEY,character speech,explicit,explicit speaker label,"Hmm, I don't know a great deal. It technically falls under the jurisdiction of Little Marrow. I believe it was sold to a private owner some twenty years ago.","MAYOR_NAME_KEY: Hmm, I don't know a great deal. It technically falls under the jurisdiction of Little Marrow. I believe it was sold to a private owner some twenty years ago."
1294,139135624493060105,Mayor,MAYOR_NAME_KEY,character speech,explicit,explicit speaker label,"They must've had a special arrangement - such a sale is quite uncommon. Very complicated paperwork involved, you see.","MAYOR_NAME_KEY: They must've had a special arrangement - such a sale is quite uncommon. Very complicated paperwork involved, you see."
1295,139135624493060106,Mayor,MAYOR_NAME_KEY,character speech,explicit,explicit speaker label,I've not met the owner; I suspect they don't live around here. The island seems quite uninhabited.,MAYOR_NAME_KEY: I've not met the owner; I suspect they don't live around here. The island seems quite uninhabited.
1296,139135624493060107,Mayor,MAYOR_NAME_KEY,character speech,explicit,explicit speaker label,"Well, the main port over there is a place called [C0]Ingfell[/C0]. It's right on the approach to the cliffs, you can't miss it.","MAYOR_NAME_KEY: Well, the main port over there is a place called [C0]Ingfell[/C0]. It's right on the approach to the cliffs, you can't miss it."
1297,139135624493060108,Mayor,MAYOR_NAME_KEY,character speech,explicit,explicit speaker label,"It's a whaling town, but I haven't heard much talk of it these days. I think quite a few people have left, one way or another.","MAYOR_NAME_KEY: It's a whaling town, but I haven't heard much talk of it these days. I think quite a few people have left, one way or another."
1298,139135624493060109,Mayor,MAYOR_NAME_KEY,character speech,explicit,explicit speaker label,"Quite a popular tourist destination. There's a resort on the atoll, built on top of a [C0]beautiful coral reef[C0].","MAYOR_NAME_KEY: Quite a popular tourist destination. There's a resort on the atoll, built on top of a [C0]beautiful coral reef[C0]."
1299,139135624493060110,Mayor,MAYOR_NAME_KEY,character speech,explicit,explicit speaker label,I'm sure there's a wide variety of fish there. Maybe you fancy getting your hooks into some of those?,MAYOR_NAME_KEY: I'm sure there's a wide variety of fish there. Maybe you fancy getting your hooks into some of those?
1300,139135624493060111,Mayor,MAYOR_NAME_KEY,character speech,explicit,explicit speaker label,"Hmm, I don't think there's much to tell. It's just a tangled mass of trees.","MAYOR_NAME_KEY: Hmm, I don't think there's much to tell. It's just a tangled mass of trees."
1301,139135624493060112,Mayor,MAYOR_NAME_KEY,character speech,explicit,explicit speaker label,"It's often blanketed in a thick fog, even during the day. You'd want some [C0]good lights[/C0] and a [C0]good sense of direction[/C0] if you're to go exploring there.","MAYOR_NAME_KEY: It's often blanketed in a thick fog, even during the day. You'd want some [C0]good lights[/C0] and a [C0]good sense of direction[/C0] if you're to go exploring there."
1302,139135624493060113,Mayor,MAYOR_NAME_KEY,character speech,explicit,explicit speaker label,"Ah yes, it's quite exciting really. An active volcano amongst a city of ancient ruins!","MAYOR_NAME_KEY: Ah yes, it's quite exciting really. An active volcano amongst a city of ancient ruins!"
1303,139135624493060114,Mayor,MAYOR_NAME_KEY,character speech,explicit,explicit speaker label,"[C2]I must caution against sailing there, however[/C2]. The ruins lie low in the water and would surely tear through your hull.","MAYOR_NAME_KEY: [C2]I must caution against sailing there, however[/C2]. The ruins lie low in the water and would surely tear through your hull."
1304,139135624493060115,Mayor,MAYOR_NAME_KEY,character speech,explicit,explicit speaker label,Not to mention the aforementioned volcano could erupt at any moment! You can occasionally hear it rumbling from here.,MAYOR_NAME_KEY: Not to mention the aforementioned volcano could erupt at any moment! You can occasionally hear it rumbling from here.
1305,139135624493060116,Player (choice),,player option,inferred,"first-person, question or response text without NPC label",Who lives on Blackstone Isle?,Who lives on Blackstone Isle?
1306,139135624493060117,Player (choice),,player option,inferred,"first-person, question or response text without NPC label",What's with the fog around here?,What's with the fog around here?
1307,139135624493060118,Unattributed,,unattributed Yarn text,unknown,no speaker tag; cannot safely infer,Have you seen anything significant from the lighthouse recently?,Have you seen anything significant from the lighthouse recently?
1308,139135624493060119,Player (choice),,player option,inferred,"first-person, question or response text without NPC label",I've been finding relics for the Collector.,I've been finding relics for the Collector.
1309,139135624493060121,Lighthouse Keeper,LIGHTHOUSE_KEEPER_NAME_KEY,character speech,explicit,explicit speaker label,"I see a lot from up here, you know. I saw that ill-fated boat return. I chose to look the other way.","LIGHTHOUSE_KEEPER_NAME_KEY: I see a lot from up here, you know. I saw that ill-fated boat return. I chose to look the other way."
1310,139135624493060122,Lighthouse Keeper,LIGHTHOUSE_KEEPER_NAME_KEY,character speech,explicit,explicit speaker label,"I watched an unnatural glow flicker through those windows. Whatever you've got planned, I hope you know what you're doing out there.","LIGHTHOUSE_KEEPER_NAME_KEY: I watched an unnatural glow flicker through those windows. Whatever you've got planned, I hope you know what you're doing out there."
1311,139135624497254400,Player (choice),,player option,inferred,"first-person, question or response text without NPC label",Do you ever process shipments for Blackstone Isle?,Do you ever process shipments for Blackstone Isle?
1312,139135624497254401,Dockworker,DOCKWORKER_NAME_KEY,character speech,explicit,explicit speaker label,"That old ruin? Doubt it. Uh, let's see.","DOCKWORKER_NAME_KEY: That old ruin? Doubt it. Uh, let's see."
1313,139135624497254402,Narrator / scene text,,narration,inferred,third-/second-person scene description,He flicks through a large log book. It appears to be a record of shipping manifests.,He flicks through a large log book. It appears to be a record of shipping manifests.
1314,139135624497254403,Dockworker,DOCKWORKER_NAME_KEY,character speech,explicit,explicit speaker label,"Thought so. It doesn't even have a shipping address. As far as I know, nobody lives there.","DOCKWORKER_NAME_KEY: Thought so. It doesn't even have a shipping address. As far as I know, nobody lives there."
1315,139135624497254404,Player (choice),,player option,inferred,"first-person, question or response text without NPC label",What do you know about Gale Cliffs?,What do you know about Gale Cliffs?
1316,139135624497254405,Player (choice),,player option,inferred,"first-person, question or response text without NPC label",What do you think of Stellar Basin?,What do you think of Stellar Basin?
1317,139135624497254406,Player (choice),,player option,inferred,"first-person, question or response text without NPC label",What can you tell me about Twisted Strand?,What can you tell me about Twisted Strand?
1318,139135624497254407,Player (choice),,player option,inferred,"first-person, question or response text without NPC label",What was this place?,What was this place?
1319,139135624497254408,Travelling Merchant,TRAVELLING_MERCHANT_NAME_KEY,character speech,explicit,explicit speaker label,"Well there's [C0]Ingfell[/C0] just across the bay, which is a dreary little whaling town. The folks there are always in need of something, which keeps me in business.","TRAVELLING_MERCHANT_NAME_KEY: Well there's [C0]Ingfell[/C0] just across the bay, which is a dreary little whaling town. The folks there are always in need of something, which keeps me in business."
1320,139135624497254409,Travelling Merchant,TRAVELLING_MERCHANT_NAME_KEY,character speech,explicit,explicit speaker label,"The residents are always talking about the cliffs. Most seem afraid. Frankly, I'm not sure why they stay.","TRAVELLING_MERCHANT_NAME_KEY: The residents are always talking about the cliffs. Most seem afraid. Frankly, I'm not sure why they stay."
1321,139135624497254410,Travelling Merchant,TRAVELLING_MERCHANT_NAME_KEY,character speech,explicit,explicit speaker label,Occasionally I hear deep rumblings from within the rocks. I don't hang around here for long.,TRAVELLING_MERCHANT_NAME_KEY: Occasionally I hear deep rumblings from within the rocks. I don't hang around here for long.
1322,139135624497254411,Travelling Merchant,TRAVELLING_MERCHANT_NAME_KEY,character speech,explicit,explicit speaker label,"What beautiful, crystalline water! It's a shame I can't take my boat too much further in - I've run aground on the coral a few times.","TRAVELLING_MERCHANT_NAME_KEY: What beautiful, crystalline water! It's a shame I can't take my boat too much further in - I've run aground on the coral a few times."
1323,139135624497254412,Travelling Merchant,TRAVELLING_MERCHANT_NAME_KEY,character speech,explicit,explicit speaker label,Have you checked out the abandoned resort to the [C0]East[/C0]? It's pretty impressive. There's probably some decent salvage to be had there.,TRAVELLING_MERCHANT_NAME_KEY: Have you checked out the abandoned resort to the [C0]East[/C0]? It's pretty impressive. There's probably some decent salvage to be had there.
1324,139135624497254413,Travelling Merchant,TRAVELLING_MERCHANT_NAME_KEY,character speech,explicit,explicit speaker label,"It's kind of amazing how quickly it all falls to ruin without people around to maintain it. In a few years, these pontoons will probably go the same way.","TRAVELLING_MERCHANT_NAME_KEY: It's kind of amazing how quickly it all falls to ruin without people around to maintain it. In a few years, these pontoons will probably go the same way."
1325,139135624497254414,Travelling Merchant,TRAVELLING_MERCHANT_NAME_KEY,character speech,explicit,explicit speaker label,"That's just the way of things, I guess.","TRAVELLING_MERCHANT_NAME_KEY: That's just the way of things, I guess."
1326,139135624497254415,Travelling Merchant,TRAVELLING_MERCHANT_NAME_KEY,character speech,explicit,explicit speaker label,"Not much, to be honest. I've gone inside just the once. I sailed into that lagoon behind us and saw I could go left, right, or straight ahead.","TRAVELLING_MERCHANT_NAME_KEY: Not much, to be honest. I've gone inside just the once. I sailed into that lagoon behind us and saw I could go left, right, or straight ahead."
1327,139135624497254416,Travelling Merchant,TRAVELLING_MERCHANT_NAME_KEY,character speech,explicit,explicit speaker label,"Something about the place seemed off. Through the fog, it looked like the trees were...[C3]moving[/C3]. I can't explain it. I turned around and sailed right back out.","TRAVELLING_MERCHANT_NAME_KEY: Something about the place seemed off. Through the fog, it looked like the trees were...[C3]moving[/C3]. I can't explain it. I turned around and sailed right back out."
1328,139135624497254417,Travelling Merchant,TRAVELLING_MERCHANT_NAME_KEY,character speech,explicit,explicit speaker label,I sometimes use this spot to rest up for a few days - the sunrises are particularly striking through the haze. Never do any regular business here of course.,TRAVELLING_MERCHANT_NAME_KEY: I sometimes use this spot to rest up for a few days - the sunrises are particularly striking through the haze. Never do any regular business here of course.
1329,139135624497254418,Travelling Merchant,TRAVELLING_MERCHANT_NAME_KEY,character speech,explicit,explicit speaker label,"Some kind of ancient civilization must've lived here. Judging by the state of the buildings, things didn't go so well for them.","TRAVELLING_MERCHANT_NAME_KEY: Some kind of ancient civilization must've lived here. Judging by the state of the buildings, things didn't go so well for them."
1330,139135624497254419,Travelling Merchant,TRAVELLING_MERCHANT_NAME_KEY,character speech,explicit,explicit speaker label,I can't imagine they built all this around an active volcano. So the volcano must've become active some time after they founded their city.,TRAVELLING_MERCHANT_NAME_KEY: I can't imagine they built all this around an active volcano. So the volcano must've become active some time after they founded their city.
1331,139135624497254420,Travelling Merchant,TRAVELLING_MERCHANT_NAME_KEY,character speech,explicit,explicit speaker label,"I'd guess that the volcano caused them to leave - or wiped them out, one way or another.","TRAVELLING_MERCHANT_NAME_KEY: I'd guess that the volcano caused them to leave - or wiped them out, one way or another."
1332,139135624497254421,Travelling Merchant,TRAVELLING_MERCHANT_NAME_KEY,character speech,explicit,explicit speaker label,"All in all, it's a pretty inhospitable place. I'm not really sure why I come here.","TRAVELLING_MERCHANT_NAME_KEY: All in all, it's a pretty inhospitable place. I'm not really sure why I come here."
1333,139145582555090944,Lighthouse Keeper,LIGHTHOUSE_KEEPER_NAME_KEY,character speech,explicit,explicit speaker label,"Nobody knows. It's changed recently. It lingers in the mornings now, where before...it didn't seem to have the strength.","LIGHTHOUSE_KEEPER_NAME_KEY: Nobody knows. It's changed recently. It lingers in the mornings now, where before...it didn't seem to have the strength."
1334,139145582584451072,Lighthouse Keeper,LIGHTHOUSE_KEEPER_NAME_KEY,character speech,explicit,explicit speaker label,"Even in the midday sun I feel it. A malice concealed in shadows, waiting for night to sweep the island.","LIGHTHOUSE_KEEPER_NAME_KEY: Even in the midday sun I feel it. A malice concealed in shadows, waiting for night to sweep the island."
1335,139145582584451073,Unattributed,,unattributed Yarn text,unknown,no speaker tag; cannot safely infer,She glances up at the lighthouse.,She glances up at the lighthouse.
1336,139145582584451074,Lighthouse Keeper,LIGHTHOUSE_KEEPER_NAME_KEY,character speech,explicit,explicit speaker label,If this light should ever falter...then gods help us.,LIGHTHOUSE_KEEPER_NAME_KEY: If this light should ever falter...then gods help us.
1337,139145582584451075,Lighthouse Keeper,LIGHTHOUSE_KEEPER_NAME_KEY,character speech,explicit,explicit speaker label,The fog...it's behaving...it's as though it's reacting to the lights that cut through it. It swirls and crashes against the edges.,LIGHTHOUSE_KEEPER_NAME_KEY: The fog...it's behaving...it's as though it's reacting to the lights that cut through it. It swirls and crashes against the edges.
1338,139145582584451076,Lighthouse Keeper,LIGHTHOUSE_KEEPER_NAME_KEY,character speech,explicit,explicit speaker label,"From the top of the lighthouse I can see [C3]dark figures seething in the thickest tracts[/C3], out beyond [C0]Little Marrow[/C0] where the lights dwindle.","LIGHTHOUSE_KEEPER_NAME_KEY: From the top of the lighthouse I can see [C3]dark figures seething in the thickest tracts[/C3], out beyond [C0]Little Marrow[/C0] where the lights dwindle."
1339,139145582584451077,Lighthouse Keeper,LIGHTHOUSE_KEEPER_NAME_KEY,character speech,explicit,explicit speaker label,"Of all that I've seen, your lights seem to anger them the most.","LIGHTHOUSE_KEEPER_NAME_KEY: Of all that I've seen, your lights seem to anger them the most."
1340,139145582584451078,Lighthouse Keeper,LIGHTHOUSE_KEEPER_NAME_KEY,character speech,explicit,explicit speaker label,[C3]Relics[/C3]? [C3]Collector[/C3]? I'm not sure what you're hoping to achieve with this...character.,LIGHTHOUSE_KEEPER_NAME_KEY: [C3]Relics[/C3]? [C3]Collector[/C3]? I'm not sure what you're hoping to achieve with this...character.
1341,139145582584451079,Lighthouse Keeper,LIGHTHOUSE_KEEPER_NAME_KEY,character speech,explicit,explicit speaker label,Do you even know? Have you stopped to consider it?,LIGHTHOUSE_KEEPER_NAME_KEY: Do you even know? Have you stopped to consider it?
1342,142529580488642560,Unattributed,,unattributed Yarn text,unknown,no speaker tag; cannot safely infer,":On the other side of the table you find a hastily scrawled note. It reads: ""[C0]Not safe. Expect retaliation imminently. Evacuating to fort.[/C0]""",":On the other side of the table you find a hastily scrawled note. It reads: ""[C0]Not safe. Expect retaliation imminently. Evacuating to fort.[/C0]"""
1343,142529580492836864,Unattributed,,unattributed Yarn text,unknown,no speaker tag; cannot safely infer,Something extremely large and powerful created these holes. You slowly reach your arm into one...,Something extremely large and powerful created these holes. You slowly reach your arm into one...
1344,144664106983673856,Narrator / scene text,,narration,inferred,third-/second-person scene description,You can barely hear their rasping whisper above the wind and waves.,You can barely hear their rasping whisper above the wind and waves.
1345,144664106987868160,Hooded Figure 1,HOODED_FIGURE_1_NAME_KEY,character speech,explicit,explicit speaker label,Fulfill...the hunger.,HOODED_FIGURE_1_NAME_KEY: Fulfill...the hunger.
1346,144664106987868161,Narrator / scene text,,narration,inferred,third-/second-person scene description,The hooded figure unfurls an old paper scroll. They point to a shape shown at the top. It appears to be a [C0]Blue Mackerel[/C0].,The hooded figure unfurls an old paper scroll. They point to a shape shown at the top. It appears to be a [C0]Blue Mackerel[/C0].
1347,144664106987868162,Narrator / scene text,,narration,inferred,third-/second-person scene description,With expert precision they plunge their hands through the gullet of the fish and tear out the heart. They stuff it into their mouth unceremoniously.,With expert precision they plunge their hands through the gullet of the fish and tear out the heart. They stuff it into their mouth unceremoniously.
1348,144664106987868163,Hooded Figure 1,HOODED_FIGURE_1_NAME_KEY,character speech,explicit,explicit speaker label,More. Still...empty.,HOODED_FIGURE_1_NAME_KEY: More. Still...empty.
1349,144664106987868164,Narrator / scene text,,narration,inferred,third-/second-person scene description,They point to another shape on a second scroll. This one looks like a [C0]Tiger Mackerel[/C0].,They point to another shape on a second scroll. This one looks like a [C0]Tiger Mackerel[/C0].
1350,144664106987868165,Unattributed,,unattributed Yarn text,unknown,no speaker tag; cannot safely infer,"Again they rip into the flesh of the fish, drawing out its heart. It's consumed as quickly as the first.","Again they rip into the flesh of the fish, drawing out its heart. It's consumed as quickly as the first."
1351,144664106987868166,Hooded Figure 1,HOODED_FIGURE_1_NAME_KEY,character speech,explicit,explicit speaker label,Almost. Fulfilled.,HOODED_FIGURE_1_NAME_KEY: Almost. Fulfilled.
1352,144664106987868167,Narrator / scene text,,narration,inferred,third-/second-person scene description,They point to a fish on the final scroll. This one is a [C0]Snake Mackerel[/C0].,They point to a fish on the final scroll. This one is a [C0]Snake Mackerel[/C0].
1353,144664106987868168,Narrator / scene text,,narration,inferred,third-/second-person scene description,The fish has barely left your hands before splintered nails begin peeling at its scales. The heart is extracted and devoured.,The fish has barely left your hands before splintered nails begin peeling at its scales. The heart is extracted and devoured.
1354,144664106987868169,Unattributed,,unattributed Yarn text,unknown,no speaker tag; cannot safely infer,Their head tilts upward to look at you. They take a [C1]Book[/C1] from inside their robe and hand it over.,Their head tilts upward to look at you. They take a [C1]Book[/C1] from inside their robe and hand it over.
1355,144664106987868170,Hooded Figure 1,HOODED_FIGURE_1_NAME_KEY,character speech,explicit,explicit speaker label,Hunger...sated. Now...I wait.,HOODED_FIGURE_1_NAME_KEY: Hunger...sated. Now...I wait.
1356,144664106987868171,Narrator / scene text,,narration,inferred,third-/second-person scene description,They cross their arms and appear to fall into a deep sleep.,They cross their arms and appear to fall into a deep sleep.
1357,144664106987868173,Narrator / scene text,,narration,inferred,third-/second-person scene description,You watch from a distance for some time but see no movement. You turn around and leave quietly.,You watch from a distance for some time but see no movement. You turn around and leave quietly.
1358,144958400722292736,Narrator / scene text,,narration,inferred,third-/second-person scene description,You approach a hooded figure. Dirty gold robes obscure all features except for a pair of withered and blackened hands.,You approach a hooded figure. Dirty gold robes obscure all features except for a pair of withered and blackened hands.
1359,144958400751652864,Hooded Figure 2,HOODED_FIGURE_2_NAME_KEY,character speech,explicit,explicit speaker label,Fisherman...deep. Calls. Respond.,HOODED_FIGURE_2_NAME_KEY: Fisherman...deep. Calls. Respond.
1360,144958400751652865,Unattributed,,unattributed Yarn text,unknown,no speaker tag; cannot safely infer,Their voice gurgles with the sound of fluid in their lungs.,Their voice gurgles with the sound of fluid in their lungs.
1361,144958400751652866,Hooded Figure 2,HOODED_FIGURE_2_NAME_KEY,character speech,explicit,explicit speaker label,An answer...,HOODED_FIGURE_2_NAME_KEY: An answer...
1362,144958400751652867,Narrator / scene text,,narration,inferred,third-/second-person scene description,The hooded figure holds out a scroll. They tap at a shape depicted. It looks like a [C0]Red Snapper[/C0].,The hooded figure holds out a scroll. They tap at a shape depicted. It looks like a [C0]Red Snapper[/C0].
1363,144958400751652868,Narrator / scene text,,narration,inferred,third-/second-person scene description,They rip through the throat of the fish and tear out its heart. It's in their mouth before you have time to process what you just saw.,They rip through the throat of the fish and tear out its heart. It's in their mouth before you have time to process what you just saw.
1364,144958400751652869,Hooded Figure 2,HOODED_FIGURE_2_NAME_KEY,character speech,explicit,explicit speaker label,Another. A sacrifice.,HOODED_FIGURE_2_NAME_KEY: Another. A sacrifice.
1365,144958400751652870,Narrator / scene text,,narration,inferred,third-/second-person scene description,They point at another shape on a scroll. This one looks like a [C0]Fangtooth[/C0].,They point at another shape on a scroll. This one looks like a [C0]Fangtooth[/C0].
1366,144958400751652871,Narrator / scene text,,narration,inferred,third-/second-person scene description,They bring this small fish up to their mouth and bite at where the heart is. Their cracked lips part to reveal a row of sharpened teeth.,They bring this small fish up to their mouth and bite at where the heart is. Their cracked lips part to reveal a row of sharpened teeth.
1367,144958400751652872,Hooded Figure 2,HOODED_FIGURE_2_NAME_KEY,character speech,explicit,explicit speaker label,Sense...an opening.,HOODED_FIGURE_2_NAME_KEY: Sense...an opening.
1368,144958400751652873,Narrator / scene text,,narration,inferred,third-/second-person scene description,They unfurl the final scroll. This one shows a [C0]Blue Crab[/C0].,They unfurl the final scroll. This one shows a [C0]Blue Crab[/C0].
1369,144958400751652874,Narrator / scene text,,narration,inferred,third-/second-person scene description,They crack and bend the crab's legs apart and feast on the flesh inside.,They crack and bend the crab's legs apart and feast on the flesh inside.
1370,144958400751652875,Unattributed,,unattributed Yarn text,unknown,no speaker tag; cannot safely infer,"Lips still covered in crab flesh, they take a [C1]Book[/C1] from inside their robe and hand it to you.","Lips still covered in crab flesh, they take a [C1]Book[/C1] from inside their robe and hand it to you."
1371,144958400751652876,Hooded Figure 2,HOODED_FIGURE_2_NAME_KEY,character speech,explicit,explicit speaker label,Answer...given. We await. Summons.,HOODED_FIGURE_2_NAME_KEY: Answer...given. We await. Summons.
1372,144958400751652877,Narrator / scene text,,narration,inferred,third-/second-person scene description,They cross their arms and appear to fall into a deep sleep.,They cross their arms and appear to fall into a deep sleep.
1373,144958400751652878,Unattributed,,unattributed Yarn text,unknown,no speaker tag; cannot safely infer,"Something's wrong. The hooded figure is slumped, long robes billowing violently.","Something's wrong. The hooded figure is slumped, long robes billowing violently."
1374,144958400751652879,Narrator / scene text,,narration,inferred,third-/second-person scene description,You watch from a distance for some time but see no movement. You turn around and leave quietly.,You watch from a distance for some time but see no movement. You turn around and leave quietly.
1375,144958400751652880,Narrator / scene text,,narration,inferred,third-/second-person scene description,You approach a hooded figure. Deep violet robes mask their face completely.,You approach a hooded figure. Deep violet robes mask their face completely.
1376,144958400751652881,Hooded Figure 3,HOODED_FIGURE_3_NAME_KEY,character speech,explicit,explicit speaker label,Fisherman...feed...,HOODED_FIGURE_3_NAME_KEY: Fisherman...feed...
1377,144958400751652882,Narrator / scene text,,narration,inferred,third-/second-person scene description,The person appears to forget the rest of what they were about to say.,The person appears to forget the rest of what they were about to say.
1378,144958400751652883,Hooded Figure 3,HOODED_FIGURE_3_NAME_KEY,character speech,explicit,explicit speaker label,Feed. The mouth.,HOODED_FIGURE_3_NAME_KEY: Feed. The mouth.
1379,144958400751652884,Narrator / scene text,,narration,inferred,third-/second-person scene description,The hooded figure reveals a scroll. They gesture to a picture shown at the top. It's a [C0]Tarpon[/C0].,The hooded figure reveals a scroll. They gesture to a picture shown at the top. It's a [C0]Tarpon[/C0].
1380,144958400751652885,Narrator / scene text,,narration,inferred,third-/second-person scene description,"They hold the fish in front of their face, studying it with a tightening grip. After a few seconds, the fish collapses in on itself under the pressure.","They hold the fish in front of their face, studying it with a tightening grip. After a few seconds, the fish collapses in on itself under the pressure."
1381,144958400751652886,Narrator / scene text,,narration,inferred,third-/second-person scene description,"The figure looks through the gory mess and picks out the heart, placing it onto their tongue.","The figure looks through the gory mess and picks out the heart, placing it onto their tongue."
1382,144958400751652887,Hooded Figure 3,HOODED_FIGURE_3_NAME_KEY,character speech,explicit,explicit speaker label,Sustain. The mind.,HOODED_FIGURE_3_NAME_KEY: Sustain. The mind.
1383,144958400751652888,Narrator / scene text,,narration,inferred,third-/second-person scene description,They show you another scroll. This one shows a [C0]Horseshoe Crab[/C0].,They show you another scroll. This one shows a [C0]Horseshoe Crab[/C0].
1384,144958400751652889,Narrator / scene text,,narration,inferred,third-/second-person scene description,"The figure turns the crab over to expose its soft underbelly. They scoop out its innards with sharp fingernails, consuming them blindly.","The figure turns the crab over to expose its soft underbelly. They scoop out its innards with sharp fingernails, consuming them blindly."
1385,144958400751652890,Hooded Figure 3,HOODED_FIGURE_3_NAME_KEY,character speech,explicit,explicit speaker label,Consume. The sky.,HOODED_FIGURE_3_NAME_KEY: Consume. The sky.
1386,144958400751652891,Narrator / scene text,,narration,inferred,third-/second-person scene description,The figure slowly reveals the final scroll. This one holds a picture of a [C0]Barreleye[/C0].,The figure slowly reveals the final scroll. This one holds a picture of a [C0]Barreleye[/C0].
1387,144958400751652892,Narrator / scene text,,narration,inferred,third-/second-person scene description,"The figure begins to consume the fish head first, gnashing teeth searching for the heart of the thing. When the fish is halfway gone, they stop and throw it aside.","The figure begins to consume the fish head first, gnashing teeth searching for the heart of the thing. When the fish is halfway gone, they stop and throw it aside."
1388,144958400751652893,Narrator / scene text,,narration,inferred,third-/second-person scene description,They take a [C1]Book[/C1] from inside their robe and give it to you.,They take a [C1]Book[/C1] from inside their robe and give it to you.
1389,144958400751652894,Hooded Figure 3,HOODED_FIGURE_3_NAME_KEY,character speech,explicit,explicit speaker label,Sky. Will fall.,HOODED_FIGURE_3_NAME_KEY: Sky. Will fall.
1390,144958400751652895,Narrator / scene text,,narration,inferred,third-/second-person scene description,They cross their arms and appear to fall into a deep sleep.,They cross their arms and appear to fall into a deep sleep.
1391,144958400751652896,Unattributed,,unattributed Yarn text,unknown,no speaker tag; cannot safely infer,"Something seems off. The hooded figure is slumped, long robes billowing violently.","Something seems off. The hooded figure is slumped, long robes billowing violently."
1392,144958400751652897,Narrator / scene text,,narration,inferred,third-/second-person scene description,You watch from a distance for some time but see no movement. You turn around and leave quietly.,You watch from a distance for some time but see no movement. You turn around and leave quietly.
1393,144958400751652898,Narrator / scene text,,narration,inferred,third-/second-person scene description,"You approach a hooded figure. They are standing expectantly, vermillion red robes blowing in the wind.","You approach a hooded figure. They are standing expectantly, vermillion red robes blowing in the wind."
1394,144958400751652899,Hooded Figure 4,HOODED_FIGURE_4_NAME_KEY,character speech,explicit,explicit speaker label,Fisherman. Serve.,HOODED_FIGURE_4_NAME_KEY: Fisherman. Serve.
1395,144958400751652900,Narrator / scene text,,narration,inferred,third-/second-person scene description,The voice from the hood cuts through the humid air.,The voice from the hood cuts through the humid air.
1396,144958400751652901,Hooded Figure 4,HOODED_FIGURE_4_NAME_KEY,character speech,explicit,explicit speaker label,Deliver the vessel.,HOODED_FIGURE_4_NAME_KEY: Deliver the vessel.
1397,144958400751652902,Narrator / scene text,,narration,inferred,third-/second-person scene description,The hooded figure produces an old paper scroll. They point at a shape on it - a [C0]Cusk Eel[/C0].,The hooded figure produces an old paper scroll. They point at a shape on it - a [C0]Cusk Eel[/C0].
1398,144958400751652903,Narrator / scene text,,narration,inferred,third-/second-person scene description,"The figure draws a ceremonial knife from their robe and slices into the fish, cutting out the heart. They place it on a stand in front of them.","The figure draws a ceremonial knife from their robe and slices into the fish, cutting out the heart. They place it on a stand in front of them."
1399,144958400751652904,Hooded Figure 4,HOODED_FIGURE_4_NAME_KEY,character speech,explicit,explicit speaker label,Bring down the sky.,HOODED_FIGURE_4_NAME_KEY: Bring down the sky.
1400,144958400751652905,Unattributed,,unattributed Yarn text,unknown,no speaker tag; cannot safely infer,Another shape on a scroll. This one looks like a [C0]Sailfish[/C0].,Another shape on a scroll. This one looks like a [C0]Sailfish[/C0].
1401,144958400751652906,Narrator / scene text,,narration,inferred,third-/second-person scene description,"The ceremonial knife comes out again, and the large heart is extracted. It's placed on a stand beside the first.","The ceremonial knife comes out again, and the large heart is extracted. It's placed on a stand beside the first."
1402,144958400751652907,Hooded Figure 4,HOODED_FIGURE_4_NAME_KEY,character speech,explicit,explicit speaker label,Raise the deep.,HOODED_FIGURE_4_NAME_KEY: Raise the deep.
1403,144958400751652908,Narrator / scene text,,narration,inferred,third-/second-person scene description,The figure points to a shape on the last scroll. This one is a [C0]Frilled Shark[/C0].,The figure points to a shape on the last scroll. This one is a [C0]Frilled Shark[/C0].
1404,144958400751652909,Narrator / scene text,,narration,inferred,third-/second-person scene description,They drag the shark's body around to find the right angle before plunging the knife in and pulling out the heart. They place it on a stand beside the others.,They drag the shark's body around to find the right angle before plunging the knife in and pulling out the heart. They place it on a stand beside the others.
1405,144958400751652910,Unattributed,,unattributed Yarn text,unknown,no speaker tag; cannot safely infer,"Without looking at you, they take a [C1]Book[/C1] from inside their robe and throw it into the sand at your feet.","Without looking at you, they take a [C1]Book[/C1] from inside their robe and throw it into the sand at your feet."
1406,144958400751652911,Narrator / scene text,,narration,inferred,third-/second-person scene description,The figure kneels before the fish hearts and becomes still. You leave before they decide they need any more hearts.,The figure kneels before the fish hearts and becomes still. You leave before they decide they need any more hearts.
1407,144958400751652912,Unattributed,,unattributed Yarn text,unknown,no speaker tag; cannot safely infer,"Something seems off. The hooded figure is slumped, long robes billowing violently.","Something seems off. The hooded figure is slumped, long robes billowing violently."
1408,144958400751652913,Narrator / scene text,,narration,inferred,third-/second-person scene description,You watch from a distance for some time but see no movement. You turn around and leave quietly.,You watch from a distance for some time but see no movement. You turn around and leave quietly.
1409,145342053180690432,Narrator / scene text,,narration,inferred,third-/second-person scene description,An altar breaks through the waves at the base of the cliff. [C0]Three crab-like creatures[/C0] are carved into it. The largest is covered in rocks and other strange shapes.,An altar breaks through the waves at the base of the cliff. [C0]Three crab-like creatures[/C0] are carved into it. The largest is covered in rocks and other strange shapes.
1410,145342053214244864,Narrator / scene text,,narration,inferred,third-/second-person scene description,"The three crabs shudder, legs clicking into strange angles. Though long-dead, some unseen power commands their corpses into action.","The three crabs shudder, legs clicking into strange angles. Though long-dead, some unseen power commands their corpses into action."
1411,145342053214244865,Narrator / scene text,,narration,inferred,third-/second-person scene description,"The crabs scuttle over the altar, disappearing into cracks in the stone. Suddenly the rock splits in two, revealing a sunken chamber at its core.","The crabs scuttle over the altar, disappearing into cracks in the stone. Suddenly the rock splits in two, revealing a sunken chamber at its core."
1412,146443228667891712,Unattributed,,unattributed Yarn text,unknown,no speaker tag; cannot safely infer,Which statue do you want to look at?,Which statue do you want to look at?
1413,146443228697251840,Unattributed,,unattributed Yarn text,unknown,no speaker tag; cannot safely infer,Left.,Left.
1414,146443228697251841,Unattributed,,unattributed Yarn text,unknown,no speaker tag; cannot safely infer,Middle.,Middle.
1415,146443228697251842,Unattributed,,unattributed Yarn text,unknown,no speaker tag; cannot safely infer,Right.,Right.
1416,146443228697251843,Player (action choice),,player action choice,inferred,bracketed interactive action,\[Leave.\],\[Leave.\]
1417,146845812239028224,Builder,BUILDER_NAME_KEY,character speech,explicit,explicit speaker label,"Hey, thanks again for helping me move out here. I've managed to get myself set up now.","BUILDER_NAME_KEY: Hey, thanks again for helping me move out here. I've managed to get myself set up now."
1418,146845812264194048,Builder,BUILDER_NAME_KEY,character speech,explicit,explicit speaker label,"If you ever need to use the dock or [C0]store[/C0] stuff here, be my guest.","BUILDER_NAME_KEY: If you ever need to use the dock or [C0]store[/C0] stuff here, be my guest."
1419,147470449826254848,Narrator / scene text,,narration,inferred,third-/second-person scene description,You pull up to a wreck with a familiar looking hull. It's almost identical to the ship given to you by the Mayor - except this one has a huge breach in one side.,You pull up to a wreck with a familiar looking hull. It's almost identical to the ship given to you by the Mayor - except this one has a huge breach in one side.
1420,147470449851420672,Unattributed,,unattributed Yarn text,unknown,no speaker tag; cannot safely infer,You're tied up alongside the old wreck.,You're tied up alongside the old wreck.
1421,147470449851420673,Unattributed,,unattributed Yarn text,unknown,no speaker tag; cannot safely infer,Look in the cabin.,Look in the cabin.
1422,147470449851420674,Unattributed,,unattributed Yarn text,unknown,no speaker tag; cannot safely infer,Check out the cargo.,Check out the cargo.
1423,147470449851420675,Player (action choice),,player action choice,inferred,bracketed interactive action,\[Leave.\],\[Leave.\]
1424,147470449851420676,Unattributed,,unattributed Yarn text,unknown,no speaker tag; cannot safely infer,You're in the cabin.,You're in the cabin.
1425,147470449851420677,Unattributed,,unattributed Yarn text,unknown,no speaker tag; cannot safely infer,Look in the cupboards and drawers.,Look in the cupboards and drawers.
1426,147470449851420678,Unattributed,,unattributed Yarn text,unknown,no speaker tag; cannot safely infer,Try to find a loose floorboard.,Try to find a loose floorboard.
1427,147470449851420679,Unattributed,,unattributed Yarn text,unknown,no speaker tag; cannot safely infer,Check the overhead electrical equipment.,Check the overhead electrical equipment.
1428,147470449851420680,Player (action choice),,player action choice,inferred,bracketed interactive action,\[Go back.\],\[Go back.\]
1429,147470449851420681,Narrator / scene text,,narration,inferred,third-/second-person scene description,The cupboards have been completely and methodically emptied. All the drawers are missing.,The cupboards have been completely and methodically emptied. All the drawers are missing.
1430,147470449851420682,Unattributed,,unattributed Yarn text,unknown,no speaker tag; cannot safely infer,There aren't even any floorboards left.,There aren't even any floorboards left.
1431,147470449851420683,Narrator / scene text,,narration,inferred,third-/second-person scene description,You've already looked over the equipment pretty thoroughly.,You've already looked over the equipment pretty thoroughly.
1432,147470449851420684,Narrator / scene text,,narration,inferred,third-/second-person scene description,"The equipment is all still there, though surely exposure to the elements has fried the internals. You angle the overhead radio down to get a closer look.","The equipment is all still there, though surely exposure to the elements has fried the internals. You angle the overhead radio down to get a closer look."
1433,147470449851420685,Narrator / scene text,,narration,inferred,third-/second-person scene description,A [C1]note[/C1] slips off the top. You put it in your pocket to read later.,A [C1]note[/C1] slips off the top. You put it in your pocket to read later.
1434,147470449851420686,Unattributed,,unattributed Yarn text,unknown,no speaker tag; cannot safely infer,You've already emptied the cargohold.,You've already emptied the cargohold.
1435,147470449851420687,Narrator / scene text,,narration,inferred,third-/second-person scene description,"You poke through the cargohold. A few items remain, not yet lost to the sea.","You poke through the cargohold. A few items remain, not yet lost to the sea."
1436,148983051026878464,Narrator / scene text,,narration,inferred,third-/second-person scene description,"You take out the watch. Its once frozen hands are now inexplicably twitching in a rhythmic struggle, trying but failing to move forwards. You place it in front of the Collector.","You take out the watch. Its once frozen hands are now inexplicably twitching in a rhythmic struggle, trying but failing to move forwards. You place it in front of the Collector."
1437,148983051060432896,Collector,COLLECTOR_NAME_KEY,character speech,explicit,explicit speaker label,Though it has been some decades since I last laid eyes upon this...the sound of its mechanisms has grown no less unpleasant.,COLLECTOR_NAME_KEY: Though it has been some decades since I last laid eyes upon this...the sound of its mechanisms has grown no less unpleasant.
1438,148983051060432897,Collector,COLLECTOR_NAME_KEY,character speech,explicit,explicit speaker label,Nevertheless. A reward is owed.,COLLECTOR_NAME_KEY: Nevertheless. A reward is owed.
1439,148983051060432898,Collector,COLLECTOR_NAME_KEY,character speech,explicit,explicit speaker label,Now...with these [C3]five relics[/C3] in our possession...only one thing remains.,COLLECTOR_NAME_KEY: Now...with these [C3]five relics[/C3] in our possession...only one thing remains.
1440,148983051060432899,Collector,COLLECTOR_NAME_KEY,character speech,explicit,explicit speaker label,We will see her again soon. It will all be worth it. You know this.,COLLECTOR_NAME_KEY: We will see her again soon. It will all be worth it. You know this.
1441,148983051060432900,Collector,COLLECTOR_NAME_KEY,character speech,explicit,explicit speaker label,I suspect you know by now.,COLLECTOR_NAME_KEY: I suspect you know by now.
1442,148983051060432901,Player (choice),,player option,inferred,"first-person, question or response text without NPC label",I know.,I know.
1443,148983051060432902,Unattributed,,unattributed Yarn text,unknown,no speaker tag; cannot safely infer,Know what?,Know what?
1444,148983051060432903,Collector,COLLECTOR_NAME_KEY,character speech,explicit,explicit speaker label,It will become apparent soon enough.,COLLECTOR_NAME_KEY: It will become apparent soon enough.
1445,148983051060432904,Collector,COLLECTOR_NAME_KEY,character speech,explicit,explicit speaker label,"We must make one final voyage. This time, I will be with you.","COLLECTOR_NAME_KEY: We must make one final voyage. This time, I will be with you."
1446,148983051060432905,Player (choice),,player option,inferred,"first-person, question or response text without NPC label",I'm ready.,I'm ready.
1447,148983051060432906,System / editor,,system or development text,inferred,system/editing wording,[C2]WARNING[/C2] - you are entering the final phase of the game. Your progress will not be saved from this point onwards. Do you wish to continue?,[C2]WARNING[/C2] - you are entering the final phase of the game. Your progress will not be saved from this point onwards. Do you wish to continue?
1448,148983051060432907,Player (choice),,player option,inferred,"first-person, question or response text without NPC label",Yes.,Yes.
1449,148983051060432908,System / editor,,system or development text,inferred,system/editing wording,[C2]WARNING[/C2] - one more time. Your progress will not be saved from this point onwards. Are you sure you wish to continue?,[C2]WARNING[/C2] - one more time. Your progress will not be saved from this point onwards. Are you sure you wish to continue?
1450,148983051060432909,Player (choice),,player option,inferred,"first-person, question or response text without NPC label",Yes.,Yes.
1451,148983051060432910,Player (choice),,player option,inferred,"first-person, question or response text without NPC label",No.,No.
1452,148983051060432911,Player (choice),,player option,inferred,"first-person, question or response text without NPC label",No.,No.
1453,148983051060432912,Player (choice),,player option,inferred,"first-person, question or response text without NPC label",I need some time to prepare.,I need some time to prepare.
1454,148983051060432913,Collector,COLLECTOR_NAME_KEY,character speech,explicit,explicit speaker label,Now. Our destination is the open expanse to the [C0]West[/C0] of [C0]Greater Marrow[/C0]. It's marked on the [C0]Map[/C0].,COLLECTOR_NAME_KEY: Now. Our destination is the open expanse to the [C0]West[/C0] of [C0]Greater Marrow[/C0]. It's marked on the [C0]Map[/C0].
1455,148983051060432914,Collector,COLLECTOR_NAME_KEY,character speech,explicit,explicit speaker label,"We [C2]must not tarry[/C2] on the open waters, not with such a significant cargo. Make haste!","COLLECTOR_NAME_KEY: We [C2]must not tarry[/C2] on the open waters, not with such a significant cargo. Make haste!"
1456,148983051060432915,Unattributed,,unattributed Yarn text,unknown,no speaker tag; cannot safely infer,The Collector is aboard your vessel.,The Collector is aboard your vessel.
1457,148983051060432916,Collector,COLLECTOR_NAME_KEY,character speech,explicit,explicit speaker label,So be it. Return when you are prepared.,COLLECTOR_NAME_KEY: So be it. Return when you are prepared.
1458,148985660404060160,Player (choice),,player option,inferred,"first-person, question or response text without NPC label",I'm ready.,I'm ready.
1459,149004694772174848,System / editor,,system or development text,inferred,system/editing wording,[C2]REMINDER[/C2] - your game will not be saved at this dock.,[C2]REMINDER[/C2] - your game will not be saved at this dock.
1460,149004694776369152,Collector,COLLECTOR_NAME_KEY,character speech,explicit,explicit speaker label,There's no time for this. We must get back out to sea immediately. [C0]West[/C0] of [C0]Greater Marrow[/C0] - that's where we must go.,COLLECTOR_NAME_KEY: There's no time for this. We must get back out to sea immediately. [C0]West[/C0] of [C0]Greater Marrow[/C0] - that's where we must go.
1461,149408775189745664,Player (choice),,player option,inferred,"first-person, question or response text without NPC label",I'm ready. Show me where I need to go.,I'm ready. Show me where I need to go.
1462,149408775223300096,Player (choice),,player option,inferred,"first-person, question or response text without NPC label",I should go.,I should go.
1463,149408775223300097,Player (choice),,player option,inferred,"first-person, question or response text without NPC label",I have the book.,I have the book.
1464,149408775223300098,Player (choice),,player option,inferred,"first-person, question or response text without NPC label",I should go.,I should go.
1465,149408775223300099,Lighthouse Keeper,LIGHTHOUSE_KEEPER_NAME_KEY,character speech,explicit,explicit speaker label,You have to move on. For her sake as well as yours. Take control...be rid of that thing once and for all.,LIGHTHOUSE_KEEPER_NAME_KEY: You have to move on. For her sake as well as yours. Take control...be rid of that thing once and for all.
1466,149408775223300100,Lighthouse Keeper,LIGHTHOUSE_KEEPER_NAME_KEY,character speech,explicit,explicit speaker label,"You've had it this whole time, have you not? It doesn't matter. Make the most of this window of lucidity. Now is the time to act.","LIGHTHOUSE_KEEPER_NAME_KEY: You've had it this whole time, have you not? It doesn't matter. Make the most of this window of lucidity. Now is the time to act."
1467,149408775223300101,Lighthouse Keeper,LIGHTHOUSE_KEEPER_NAME_KEY,character speech,explicit,explicit speaker label,"Do you still remember where it happened? In that gloomy darkness behind the bay. When you are ready, I'll point the way.","LIGHTHOUSE_KEEPER_NAME_KEY: Do you still remember where it happened? In that gloomy darkness behind the bay. When you are ready, I'll point the way."
1468,149408775223300102,Player (choice),,player option,inferred,"first-person, question or response text without NPC label",I'm ready.,I'm ready.
1469,149408775223300103,Player (choice),,player option,inferred,"first-person, question or response text without NPC label",I need time to prepare.,I need time to prepare.
1470,149408775223300104,System / editor,,system or development text,inferred,system/editing wording,[C2]WARNING[/C2] - you are entering the final phase of the game. Your progress will not be saved from this point onwards. Do you wish to continue?,[C2]WARNING[/C2] - you are entering the final phase of the game. Your progress will not be saved from this point onwards. Do you wish to continue?
1471,149408775223300105,Player (choice),,player option,inferred,"first-person, question or response text without NPC label",Yes.,Yes.
1472,149408775223300106,System / editor,,system or development text,inferred,system/editing wording,[C2]WARNING[/C2] - one more time. Your progress will not be saved from this point onwards. Are you sure you wish to continue?,[C2]WARNING[/C2] - one more time. Your progress will not be saved from this point onwards. Are you sure you wish to continue?
1473,149408775223300107,Player (choice),,player option,inferred,"first-person, question or response text without NPC label",Yes.,Yes.
1474,149408775223300108,Player (choice),,player option,inferred,"first-person, question or response text without NPC label",No.,No.
1475,149408775223300109,Player (choice),,player option,inferred,"first-person, question or response text without NPC label",No.,No.
1476,149408775223300110,Lighthouse Keeper,LIGHTHOUSE_KEEPER_NAME_KEY,character speech,explicit,explicit speaker label,We must wait until night is thickest. Until the ocean is as it was...all those years ago.,LIGHTHOUSE_KEEPER_NAME_KEY: We must wait until night is thickest. Until the ocean is as it was...all those years ago.
1477,149408775223300111,Lighthouse Keeper,LIGHTHOUSE_KEEPER_NAME_KEY,character speech,explicit,explicit speaker label,I understand. Do what you must. But do not delay this any longer than is necessary.,LIGHTHOUSE_KEEPER_NAME_KEY: I understand. Do what you must. But do not delay this any longer than is necessary.
1478,149408775223300112,Lighthouse Keeper,LIGHTHOUSE_KEEPER_NAME_KEY,character speech,explicit,explicit speaker label,Return to me when you can. I will point the way.,LIGHTHOUSE_KEEPER_NAME_KEY: Return to me when you can. I will point the way.
1479,149408775223300113,Unattributed,,unattributed Yarn text,unknown,no speaker tag; cannot safely infer,There's nobody here.,There's nobody here.
1480,182991792663351296,Unattributed,,unattributed Yarn text,unknown,no speaker tag; cannot safely infer,"Nothing, I'll be going.","Nothing, I'll be going."
1481,149408775223300115,Collector,COLLECTOR_NAME_KEY,character speech,explicit,explicit speaker label,"The relics are coming with us. We should wait for the fog to thicken. With luck, the seas will remain unaware of our intentions...","COLLECTOR_NAME_KEY: The relics are coming with us. We should wait for the fog to thicken. With luck, the seas will remain unaware of our intentions..."
1482,149408775223300116,Unattributed,,unattributed Yarn text,unknown,no speaker tag; cannot safely infer,His shape disappears from the mirror. A chill rises in your body as you turn to leave. The Collector is with you.,His shape disappears from the mirror. A chill rises in your body as you turn to leave. The Collector is with you.
1483,149408775240077312,Collector,COLLECTOR_NAME_KEY,character speech,explicit,explicit speaker label,This is the place.,COLLECTOR_NAME_KEY: This is the place.
1484,149408775240077313,Collector,COLLECTOR_NAME_KEY,character speech,explicit,explicit speaker label,This is where she was taken from us...and where we can at last bring her back.,COLLECTOR_NAME_KEY: This is where she was taken from us...and where we can at last bring her back.
1485,149408775240077314,Collector,COLLECTOR_NAME_KEY,character speech,explicit,explicit speaker label,Only here. And only because of what we've achieved.,COLLECTOR_NAME_KEY: Only here. And only because of what we've achieved.
1486,149408775240077315,Unattributed,,unattributed Yarn text,unknown,no speaker tag; cannot safely infer,He opens the book and begins to read aloud.,He opens the book and begins to read aloud.
1487,149408775240077316,Collector,COLLECTOR_NAME_KEY,character speech,explicit,explicit speaker label,"To release a lost one, frozen in time...","COLLECTOR_NAME_KEY: To release a lost one, frozen in time..."
1488,149408775240077317,Narrator / scene text,,narration,inferred,third-/second-person scene description,He throws the [C3]pocket watch[/C3] overboard.,He throws the [C3]pocket watch[/C3] overboard.
1489,149408775240077318,Collector,COLLECTOR_NAME_KEY,character speech,explicit,explicit speaker label,...and tethered by chains in the deep...,COLLECTOR_NAME_KEY: ...and tethered by chains in the deep...
1490,149408775240077319,Unattributed,,unattributed Yarn text,unknown,no speaker tag; cannot safely infer,He throws the [C3]necklace[/C3] overboard.,He throws the [C3]necklace[/C3] overboard.
1491,149408775240077320,Collector,COLLECTOR_NAME_KEY,character speech,explicit,explicit speaker label,...bind them to this world once more.,COLLECTOR_NAME_KEY: ...bind them to this world once more.
1492,149408775240077321,Unattributed,,unattributed Yarn text,unknown,no speaker tag; cannot safely infer,He throws the [C3]ring[/C3] overboard.,He throws the [C3]ring[/C3] overboard.
1493,149408775240077322,Collector,COLLECTOR_NAME_KEY,character speech,explicit,explicit speaker label,Open the door to the starry heavens...,COLLECTOR_NAME_KEY: Open the door to the starry heavens...
1494,149408775240077323,Narrator / scene text,,narration,inferred,third-/second-person scene description,He slots the [C3]key[/C3] into the lock of the [C3]music box[/C3].,He slots the [C3]key[/C3] into the lock of the [C3]music box[/C3].
1495,149408775240077324,Collector,COLLECTOR_NAME_KEY,character speech,explicit,explicit speaker label,...and lay the weary world to rest.,COLLECTOR_NAME_KEY: ...and lay the weary world to rest.
1496,149408775240077325,Narrator / scene text,,narration,inferred,third-/second-person scene description,"He throws the [C3]music box[/C3] overboard, its [C3]key[/C3] left unturned.","He throws the [C3]music box[/C3] overboard, its [C3]key[/C3] left unturned."
1497,149408775240077326,Narrator / scene text,,narration,inferred,third-/second-person scene description,You open the book. Its pages are frosted with ice and a chill mist rises around your fingers. You begin to read aloud.,You open the book. Its pages are frosted with ice and a chill mist rises around your fingers. You begin to read aloud.
1498,149408775240077327,Player,PLAYER_NAME_KEY,player speech,explicit,explicit speaker label,"To release a lost one, frozen in time...","PLAYER_NAME_KEY: To release a lost one, frozen in time..."
1499,149408775240077328,Narrator / scene text,,narration,inferred,third-/second-person scene description,You throw the [C3]pocket watch[/C3] overboard.,You throw the [C3]pocket watch[/C3] overboard.
1500,149408775240077329,Player,PLAYER_NAME_KEY,player speech,explicit,explicit speaker label,...and tethered by chains in the deep...,PLAYER_NAME_KEY: ...and tethered by chains in the deep...
1501,149408775240077330,Unattributed,,unattributed Yarn text,unknown,no speaker tag; cannot safely infer,You throw the [C3]necklace[/C3] overboard.,You throw the [C3]necklace[/C3] overboard.
1502,149408775240077331,Player,PLAYER_NAME_KEY,player speech,explicit,explicit speaker label,...bind them to this world once more.,PLAYER_NAME_KEY: ...bind them to this world once more.
1503,149408775240077332,Unattributed,,unattributed Yarn text,unknown,no speaker tag; cannot safely infer,You throw the [C3]ring[/C3] overboard.,You throw the [C3]ring[/C3] overboard.
1504,149408775240077333,Player,PLAYER_NAME_KEY,player speech,explicit,explicit speaker label,Open the door to the starry heavens...,PLAYER_NAME_KEY: Open the door to the starry heavens...
1505,149408775240077334,Narrator / scene text,,narration,inferred,third-/second-person scene description,You slot the [C3]key[/C3] into the lock of the [C3]music box[/C3].,You slot the [C3]key[/C3] into the lock of the [C3]music box[/C3].
1506,149408775240077335,Player,PLAYER_NAME_KEY,player speech,explicit,explicit speaker label,...and lay the weary world to rest.,PLAYER_NAME_KEY: ...and lay the weary world to rest.
1507,149408775240077336,Narrator / scene text,,narration,inferred,third-/second-person scene description,"You throw the [C3]music box[/C3] overboard, its [C3]key[/C3] left unturned.","You throw the [C3]music box[/C3] overboard, its [C3]key[/C3] left unturned."
1508,149408775240077337,Unattributed,,unattributed Yarn text,unknown,no speaker tag; cannot safely infer,This is the place.,This is the place.
1509,149408775240077338,Unattributed,,unattributed Yarn text,unknown,no speaker tag; cannot safely infer,Throw it back.,Throw it back.
1510,149408775240077339,Narrator / scene text,,narration,inferred,third-/second-person scene description,"The book struggles in your grasp, its weight somehow shifting from side to side. Silver ribbons flail pathetically against your fingers.","The book struggles in your grasp, its weight somehow shifting from side to side. Silver ribbons flail pathetically against your fingers."
1511,149408775240077340,Unattributed,,unattributed Yarn text,unknown,no speaker tag; cannot safely infer,Throw it back.,Throw it back.
1512,149408775240077341,Narrator / scene text,,narration,inferred,third-/second-person scene description,"You hold it high above your head. A low groan rumbles from the book, echoed by another from the depths.","You hold it high above your head. A low groan rumbles from the book, echoed by another from the depths."
1513,149408775240077342,Unattributed,,unattributed Yarn text,unknown,no speaker tag; cannot safely infer,Throw it back.,Throw it back.
1514,149408775240077343,Unattributed,,unattributed Yarn text,unknown,no speaker tag; cannot safely infer,You throw it into the foaming water.,You throw it into the foaming water.
1515,149472891019382784,Player (choice),,player option,inferred,"first-person, question or response text without NPC label",Tell me more about that book of yours.,Tell me more about that book of yours.
1516,149674597049094144,System / editor,,system or development text,inferred,system/editing wording,[C2]REMINDER[/C2] - your game will not be saved at this dock.,[C2]REMINDER[/C2] - your game will not be saved at this dock.
1517,149674597082648576,Narrator / scene text,,narration,inferred,third-/second-person scene description,The Lighthouse Keeper is guiding you out to sea - the lighthouse beam is focused on a dark patch of water [C0]West[/C0] of [C0]Greater Marrow[/C0].,The Lighthouse Keeper is guiding you out to sea - the lighthouse beam is focused on a dark patch of water [C0]West[/C0] of [C0]Greater Marrow[/C0].
1518,149802280655441920,Lighthouse Keeper,LIGHTHOUSE_KEEPER_NAME_KEY,character speech,explicit,explicit speaker label,It's time. I'll point the way.,LIGHTHOUSE_KEEPER_NAME_KEY: It's time. I'll point the way.
1519,149802280680607744,Lighthouse Keeper,LIGHTHOUSE_KEEPER_NAME_KEY,character speech,explicit,explicit speaker label,[C0]Follow my light[/C0].,LIGHTHOUSE_KEEPER_NAME_KEY: [C0]Follow my light[/C0].
1520,152256381771239424,Fishmonger,FISHMONGER_NAME_KEY,character speech,explicit,explicit speaker label,Hmm. Haven't seen that [C3]strange red light[/C3] in a while. Wonder what it was.,FISHMONGER_NAME_KEY: Hmm. Haven't seen that [C3]strange red light[/C3] in a while. Wonder what it was.
1521,152256381825765376,Fishmonger,FISHMONGER_NAME_KEY,character speech,explicit,explicit speaker label,Have you seen that [C3]strange red light[/C3] at night? It seemed to be rising from the [C0]West[/C0].,FISHMONGER_NAME_KEY: Have you seen that [C3]strange red light[/C3] at night? It seemed to be rising from the [C0]West[/C0].
1522,152256381825765377,Fishmonger,FISHMONGER_NAME_KEY,character speech,explicit,explicit speaker label,"If you're ever hunting for specific species, check your [C0]encyclopedia[/C0]. It could have the information you need.","FISHMONGER_NAME_KEY: If you're ever hunting for specific species, check your [C0]encyclopedia[/C0]. It could have the information you need."
1523,152256381825765378,Fishmonger,FISHMONGER_NAME_KEY,character speech,explicit,explicit speaker label,"Some fish prefer [C0]deeper[/C0] water, while others stick to the [C0]shallows[/C0]. If you're looking for something specific, it's important to know what [C0]depth[/C0] you're working with.","FISHMONGER_NAME_KEY: Some fish prefer [C0]deeper[/C0] water, while others stick to the [C0]shallows[/C0]. If you're looking for something specific, it's important to know what [C0]depth[/C0] you're working with."
1524,152256381825765379,Shipwright,SHIPWRIGHT_NAME_KEY,character speech,explicit,explicit speaker label,That [C3]crimson glow in the sky[/C3] seems to have gone away. The air feels quieter now...more settled. Have you noticed?,SHIPWRIGHT_NAME_KEY: That [C3]crimson glow in the sky[/C3] seems to have gone away. The air feels quieter now...more settled. Have you noticed?
1525,152256381825765380,Shipwright,SHIPWRIGHT_NAME_KEY,character speech,explicit,explicit speaker label,The skies were lit up with a weird [C3]crimson glow[/C3] the other night...did you see it?,SHIPWRIGHT_NAME_KEY: The skies were lit up with a weird [C3]crimson glow[/C3] the other night...did you see it?
1526,152256381829959680,Mayor,MAYOR_NAME_KEY,character speech,explicit,explicit speaker label,Around the back though...it's a little harder to get to. There are still some [C0]wrecks[/C0] towards the [C3]deeper patches[/C3]...you'll want to avoid that area.,MAYOR_NAME_KEY: Around the back though...it's a little harder to get to. There are still some [C0]wrecks[/C0] towards the [C3]deeper patches[/C3]...you'll want to avoid that area.
1527,152256381829959681,Lighthouse Keeper,LIGHTHOUSE_KEEPER_NAME_KEY,character speech,explicit,explicit speaker label,Some nights you can see an...[C3]unnatural glow[/C3] rising from that patch of dark water. I can't imagine what's down there in the deep...,LIGHTHOUSE_KEEPER_NAME_KEY: Some nights you can see an...[C3]unnatural glow[/C3] rising from that patch of dark water. I can't imagine what's down there in the deep...
1528,152256381834153984,Player (choice),,player option,inferred,"first-person, question or response text without NPC label",Do you know how I could clear the debris around here?,Do you know how I could clear the debris around here?
1529,152256381838348288,Hermit,HERMIT_NAME_KEY,character speech,explicit,explicit speaker label,"It patrols the passageways of the cliffs, but it's lair is somewhere towards the center, [C0]by the large waterfall[/C0].","HERMIT_NAME_KEY: It patrols the passageways of the cliffs, but it's lair is somewhere towards the center, [C0]by the large waterfall[/C0]."
1530,152256381838348289,Hermit,HERMIT_NAME_KEY,character speech,explicit,explicit speaker label,"I've marked the area on your map. Perhaps you could look there for it...but if it's too troublesome, don't worry about it.","HERMIT_NAME_KEY: I've marked the area on your map. Perhaps you could look there for it...but if it's too troublesome, don't worry about it."
1531,152256381838348290,Hermit,HERMIT_NAME_KEY,character speech,explicit,explicit speaker label,"Hmm, you'd probably need some explosives to shift those rocks. My brother at [C0]Ingfell[/C0] used to make explosives...","HERMIT_NAME_KEY: Hmm, you'd probably need some explosives to shift those rocks. My brother at [C0]Ingfell[/C0] used to make explosives..."
1532,152256381838348291,Hermit,HERMIT_NAME_KEY,character speech,explicit,explicit speaker label,"For the whaling operations, you see. Nasty stuff. But with the whales all gone...I can't imagine he's still in business.","HERMIT_NAME_KEY: For the whaling operations, you see. Nasty stuff. But with the whales all gone...I can't imagine he's still in business."
1533,152256381838348292,Player (choice),,player option,inferred,"first-person, question or response text without NPC label",I heard you used to make explosives.,I heard you used to make explosives.
1534,152256381838348293,Retired Whaler,RETIRED_WHALER_NAME_KEY,character speech,explicit,explicit speaker label,"Aye, I did. Sometimes the carcasses needed breaking up. It wasn't the most efficient...or the more pleasant, but it got the job done.","RETIRED_WHALER_NAME_KEY: Aye, I did. Sometimes the carcasses needed breaking up. It wasn't the most efficient...or the more pleasant, but it got the job done."
1535,152256381838348294,Retired Whaler,RETIRED_WHALER_NAME_KEY,character speech,explicit,explicit speaker label,I've been thinking about getting back into it - I might be able to rustle up something strong enough to [C0]clear those debris piles[/C0] in the cliffs...,RETIRED_WHALER_NAME_KEY: I've been thinking about getting back into it - I might be able to rustle up something strong enough to [C0]clear those debris piles[/C0] in the cliffs...
1536,152256381838348295,Retired Whaler,RETIRED_WHALER_NAME_KEY,character speech,explicit,explicit speaker label,Ah...but I'm not sure. I don't have the energy these days.,RETIRED_WHALER_NAME_KEY: Ah...but I'm not sure. I don't have the energy these days.
1537,152256381838348296,Player (choice),,player option,inferred,"first-person, question or response text without NPC label",I'd have a use for some explosives like that.,I'd have a use for some explosives like that.
1538,152256381838348297,Retired Whaler,RETIRED_WHALER_NAME_KEY,character speech,explicit,explicit speaker label,"Alright, I'll think on it some more. But I make no promises.","RETIRED_WHALER_NAME_KEY: Alright, I'll think on it some more. But I make no promises."
1539,152256381838348298,Player (choice),,player option,inferred,"first-person, question or response text without NPC label",I see.,I see.
1540,152281662775021568,Narrator / scene text,,narration,inferred,third-/second-person scene description,An old man emerges from one of the nearby broken buildings and hobbles towards you.,An old man emerges from one of the nearby broken buildings and hobbles towards you.
1541,152281662775021569,Hermit,HERMIT_NAME_KEY,character speech,explicit,explicit speaker label,"Oh, ah, greetings! Don't get many visitors around here...what is it that you need?","HERMIT_NAME_KEY: Oh, ah, greetings! Don't get many visitors around here...what is it that you need?"
1542,153455563399942144,Narrator / scene text,,narration,inferred,third-/second-person scene description,A rotten chest sits atop a pile of rubble at the back of the cave.,A rotten chest sits atop a pile of rubble at the back of the cave.
1543,153455563429302272,Unattributed,,unattributed Yarn text,unknown,no speaker tag; cannot safely infer,Look inside.,Look inside.
1544,153455563429302273,Player (action choice),,player action choice,inferred,bracketed interactive action,\[Leave.\],\[Leave.\]
1545,153455563429302274,Narrator / scene text,,narration,inferred,third-/second-person scene description,A rotting chest peeks out from the skeleton of a wrecked ship.,A rotting chest peeks out from the skeleton of a wrecked ship.
1546,153455563429302275,Unattributed,,unattributed Yarn text,unknown,no speaker tag; cannot safely infer,Look inside.,Look inside.
1547,153455563429302276,Player (action choice),,player action choice,inferred,bracketed interactive action,\[Leave.\],\[Leave.\]
1548,153655601610805248,Narrator / scene text,,narration,inferred,third-/second-person scene description,A small structure sits on the island. Nearby is an abandoned campfire. What do you want to do?,A small structure sits on the island. Nearby is an abandoned campfire. What do you want to do?
1549,153655601635971072,Player (choice),,player option,inferred,"first-person, question or response text without NPC label",What do you want to do?,What do you want to do?
1550,153655601635971073,Player (action choice),,player action choice,inferred,bracketed interactive action,\[Examine the structure.\],\[Examine the structure.\]
1551,153655601635971074,Player (action choice),,player action choice,inferred,bracketed interactive action,\[Check the campfire.\],\[Check the campfire.\]
1552,153655601635971075,Player (action choice),,player action choice,inferred,bracketed interactive action,\[Leave.\],\[Leave.\]
1553,153655601635971076,Narrator / scene text,,narration,inferred,third-/second-person scene description,An old stone structure is built around a statue. The statue has its arms raised towards the lighthouse at Devil's Spine.,An old stone structure is built around a statue. The statue has its arms raised towards the lighthouse at Devil's Spine.
1554,153655601635971077,Unattributed,,unattributed Yarn text,unknown,no speaker tag; cannot safely infer,"Whether it gestures in fear or praise, you cannot tell.","Whether it gestures in fear or praise, you cannot tell."
1555,153655601635971078,Narrator / scene text,,narration,inferred,third-/second-person scene description,"The campfire itself is unremarkable, but you wonder who would choose an island such as this to make camp.","The campfire itself is unremarkable, but you wonder who would choose an island such as this to make camp."
1556,153655601635971079,Unattributed,,unattributed Yarn text,unknown,no speaker tag; cannot safely infer,"Nearby, you spot a piece of paper flapping in a bush. A [C0]note[/C0] is written on it. You put it in your pocket to read later.","Nearby, you spot a piece of paper flapping in a bush. A [C0]note[/C0] is written on it. You put it in your pocket to read later."
1557,153655601640165376,Narrator / scene text,,narration,inferred,third-/second-person scene description,The stone columns of the temple are carved with ancient pictures and text. Which carving do you want to look at?,The stone columns of the temple are carved with ancient pictures and text. Which carving do you want to look at?
1558,153655601640165377,Unattributed,,unattributed Yarn text,unknown,no speaker tag; cannot safely infer,The swarm of small creatures.,The swarm of small creatures.
1559,153655601640165378,Unattributed,,unattributed Yarn text,unknown,no speaker tag; cannot safely infer,The large eyeless beast.,The large eyeless beast.
1560,153655601640165379,Unattributed,,unattributed Yarn text,unknown,no speaker tag; cannot safely infer,The bubbling vent.,The bubbling vent.
1561,153655601640165380,Narrator / scene text,,narration,inferred,third-/second-person scene description,"The carving shows a bubbling underwater vent. ""The breath of salvation. It burns those that mean harm. Only the pure remain.""","The carving shows a bubbling underwater vent. ""The breath of salvation. It burns those that mean harm. Only the pure remain."""
1562,153655601640165381,Unattributed,,unattributed Yarn text,unknown,no speaker tag; cannot safely infer,"Beneath these words, somebody has added a crudely scratched note. ""[C0]Protection. Follow the magma. Find them. [/C0]""","Beneath these words, somebody has added a crudely scratched note. ""[C0]Protection. Follow the magma. Find them. [/C0]"""
1563,153655601640165382,Narrator / scene text,,narration,inferred,third-/second-person scene description,"The carving shows a swarm of small fish surrounding a boat. ""The ravenous children. Alone they are nothing. Together they summon her.""","The carving shows a swarm of small fish surrounding a boat. ""The ravenous children. Alone they are nothing. Together they summon her."""
1564,153655601640165383,Unattributed,,unattributed Yarn text,unknown,no speaker tag; cannot safely infer,"Beneath these words, somebody has added a crudely scratched note. ""[C0]Do not let them grip you. Burn them away.[/C0]""","Beneath these words, somebody has added a crudely scratched note. ""[C0]Do not let them grip you. Burn them away.[/C0]"""
1565,153655601640165384,Narrator / scene text,,narration,inferred,third-/second-person scene description,"The carving is of a large fish with crossed-out eyes. ""The unseeing mother. When the starving cannot eat, she approaches.""","The carving is of a large fish with crossed-out eyes. ""The unseeing mother. When the starving cannot eat, she approaches."""
1566,153655601640165385,Unattributed,,unattributed Yarn text,unknown,no speaker tag; cannot safely infer,"Beneath these words, somebody has added a crudely scratched note. ""[C0]Blind but can hear her children. Avoid at all costs.[/C0]""","Beneath these words, somebody has added a crudely scratched note. ""[C0]Blind but can hear her children. Avoid at all costs.[/C0]"""
1567,153674778941771776,Player (action choice),,player action choice,inferred,bracketed interactive action,\[Leave.\],\[Leave.\]
1568,154122023411568640,Collector,COLLECTOR_NAME_KEY,character speech,explicit,explicit speaker label,"But all the same, they must be found. I never said this would be easy. I suppose we'll see if you have what it takes, soon enough.","COLLECTOR_NAME_KEY: But all the same, they must be found. I never said this would be easy. I suppose we'll see if you have what it takes, soon enough."
1569,155146783239098368,Soldier,SOLDIER_NAME_KEY,character speech,explicit,explicit speaker label,"That's all of them...that I can remember, anyways. I can't picture their faces too clearly any more.","SOLDIER_NAME_KEY: That's all of them...that I can remember, anyways. I can't picture their faces too clearly any more."
1570,161626619805618176,Fishmonger,FISHMONGER_NAME_KEY,character speech,explicit,explicit speaker label,Make sure you're getting enough [C0]rest[/C0]. Tired eyes won't fare well in these waters.,FISHMONGER_NAME_KEY: Make sure you're getting enough [C0]rest[/C0]. Tired eyes won't fare well in these waters.
1571,161626619830784000,Fishmonger,FISHMONGER_NAME_KEY,character speech,explicit,explicit speaker label,Don't let yourself get too worn down. We need you [C0]well-rested[/C0] to provide for this town.,FISHMONGER_NAME_KEY: Don't let yourself get too worn down. We need you [C0]well-rested[/C0] to provide for this town.
1572,161626619830784001,Shipwright,SHIPWRIGHT_NAME_KEY,character speech,explicit,explicit speaker label,You're looking a bit worse for wear. When's the last time you had a good night's [C0]sleep[/C0]?,SHIPWRIGHT_NAME_KEY: You're looking a bit worse for wear. When's the last time you had a good night's [C0]sleep[/C0]?
1573,161626619830784002,Shipwright,SHIPWRIGHT_NAME_KEY,character speech,explicit,explicit speaker label,I'd caution against operating a vessel if you're feeling [C0]overtired[/C0]. Your reaction times are slowed - rocks and things will seem to jump out at you.,SHIPWRIGHT_NAME_KEY: I'd caution against operating a vessel if you're feeling [C0]overtired[/C0]. Your reaction times are slowed - rocks and things will seem to jump out at you.
1574,161626619830784003,Mayor,MAYOR_NAME_KEY,character speech,explicit,explicit speaker label,"Oh my, you look exhausted! You're not forgetting to get some [C0]sleep[/C0], are you?","MAYOR_NAME_KEY: Oh my, you look exhausted! You're not forgetting to get some [C0]sleep[/C0], are you?"
1575,161626619830784004,Mayor,MAYOR_NAME_KEY,character speech,explicit,explicit speaker label,As I always say: taking frequent breaks is an important part of being productive!,MAYOR_NAME_KEY: As I always say: taking frequent breaks is an important part of being productive!
1576,161626619830784005,Mayor,MAYOR_NAME_KEY,character speech,explicit,explicit speaker label,Fisherman! What is it? You look a touch troubled - is the fog starting to get to you?,MAYOR_NAME_KEY: Fisherman! What is it? You look a touch troubled - is the fog starting to get to you?
1577,161626619830784006,Mayor,MAYOR_NAME_KEY,character speech,explicit,explicit speaker label,"Completely normal around here, and nothing to worry about! With a good night's [C0]rest[/C0], you'll be right as rain by morning!","MAYOR_NAME_KEY: Completely normal around here, and nothing to worry about! With a good night's [C0]rest[/C0], you'll be right as rain by morning!"
1578,161626619830784007,Narrator / scene text,,narration,inferred,third-/second-person scene description,"The Mayor appears in front of you on the dock. His face swims before your eyes, and his words blur with the waves crashing around you.","The Mayor appears in front of you on the dock. His face swims before your eyes, and his words blur with the waves crashing around you."
1579,161626619830784008,Mayor,MAYOR_NAME_KEY,character speech,explicit,explicit speaker label,Are ... ok? If ... see ... fog ... shapes ... [C0]rest[/C0]. Careful ... [C3]nightmares[/C3].,MAYOR_NAME_KEY: Are ... ok? If ... see ... fog ... shapes ... [C0]rest[/C0]. Careful ... [C3]nightmares[/C3].
1580,161626619830784009,Unattributed,,unattributed Yarn text,unknown,no speaker tag; cannot safely infer,You stumble past him into town.,You stumble past him into town.
1581,161626619834978304,Narrator / scene text,,narration,inferred,third-/second-person scene description,The Lighthouse Keeper emerges from the dark forest that flanks the town. She walks towards the dock with a confused look on her face.,The Lighthouse Keeper emerges from the dark forest that flanks the town. She walks towards the dock with a confused look on her face.
1582,161626619834978305,Lighthouse Keeper,LIGHTHOUSE_KEEPER_NAME_KEY,character speech,explicit,explicit speaker label,Oh...it's you.,LIGHTHOUSE_KEEPER_NAME_KEY: Oh...it's you.
1583,161626619834978306,Player (choice),,player option,inferred,"first-person, question or response text without NPC label",Who were you expecting?,Who were you expecting?
1584,161626619834978307,Unattributed,,unattributed Yarn text,unknown,no speaker tag; cannot safely infer,Excuse me?,Excuse me?
1585,161626619834978308,Lighthouse Keeper,LIGHTHOUSE_KEEPER_NAME_KEY,character speech,explicit,explicit speaker label,"Your engine, it sounds like...I'm sorry, I mistook it for the vessel of an old friend.","LIGHTHOUSE_KEEPER_NAME_KEY: Your engine, it sounds like...I'm sorry, I mistook it for the vessel of an old friend."
1586,161626619834978309,Unattributed,,unattributed Yarn text,unknown,no speaker tag; cannot safely infer,"Dejected, she turns and walks back towards the lighthouse.","Dejected, she turns and walks back towards the lighthouse."
1587,161626619834978310,Narrator / scene text,,narration,inferred,third-/second-person scene description,"The Lighthouse Keeper is waiting for you on the dock, looking displeased.","The Lighthouse Keeper is waiting for you on the dock, looking displeased."
1588,161626619834978311,Lighthouse Keeper,LIGHTHOUSE_KEEPER_NAME_KEY,character speech,explicit,explicit speaker label,I saw you sailing out towards the horizon. Crossing that deep expanse. Do you really think that's wise?,LIGHTHOUSE_KEEPER_NAME_KEY: I saw you sailing out towards the horizon. Crossing that deep expanse. Do you really think that's wise?
1589,161626619834978312,Unattributed,,unattributed Yarn text,unknown,no speaker tag; cannot safely infer,It was fine.,It was fine.
1590,161626619834978313,Lighthouse Keeper,LIGHTHOUSE_KEEPER_NAME_KEY,character speech,explicit,explicit speaker label,Maybe this time. You need to be more careful.,LIGHTHOUSE_KEEPER_NAME_KEY: Maybe this time. You need to be more careful.
1591,161626619834978314,Lighthouse Keeper,LIGHTHOUSE_KEEPER_NAME_KEY,character speech,explicit,explicit speaker label,"Even you, with all of your experience, cannot truly know the ocean. Nobody can.","LIGHTHOUSE_KEEPER_NAME_KEY: Even you, with all of your experience, cannot truly know the ocean. Nobody can."
1592,161626619834978315,Player (choice),,player option,inferred,"first-person, question or response text without NPC label",What's the problem?,What's the problem?
1593,161626619834978316,Lighthouse Keeper,LIGHTHOUSE_KEEPER_NAME_KEY,character speech,explicit,explicit speaker label,"It feels a bit like tempting fate, does it not?","LIGHTHOUSE_KEEPER_NAME_KEY: It feels a bit like tempting fate, does it not?"
1594,161626619834978317,Lighthouse Keeper,LIGHTHOUSE_KEEPER_NAME_KEY,character speech,explicit,explicit speaker label,Things are bad enough around here without your provocations.,LIGHTHOUSE_KEEPER_NAME_KEY: Things are bad enough around here without your provocations.
1595,161626619834978318,Unattributed,,unattributed Yarn text,unknown,no speaker tag; cannot safely infer,"Abruptly, she walks away. Her eyes scan the water as she walks along the dock.","Abruptly, she walks away. Her eyes scan the water as she walks along the dock."
1596,161626619834978319,Narrator / scene text,,narration,inferred,third-/second-person scene description,The Lighthouse Keeper approaches you on the dock wearing a questioning expression.,The Lighthouse Keeper approaches you on the dock wearing a questioning expression.
1597,161626619834978320,Lighthouse Keeper,LIGHTHOUSE_KEEPER_NAME_KEY,character speech,explicit,explicit speaker label,You must've been around most of the islands by now. Have you found whatever it is you're looking for?,LIGHTHOUSE_KEEPER_NAME_KEY: You must've been around most of the islands by now. Have you found whatever it is you're looking for?
1598,161626619834978321,Unattributed,,unattributed Yarn text,unknown,no speaker tag; cannot safely infer,Almost.,Almost.
1599,161626619834978322,Narrator / scene text,,narration,inferred,third-/second-person scene description,She shifts her weight and leans hard against her staff.,She shifts her weight and leans hard against her staff.
1600,161626619834978323,Lighthouse Keeper,LIGHTHOUSE_KEEPER_NAME_KEY,character speech,explicit,explicit speaker label,How can you be so sure? The last time you thought you knew...and look what happened.,LIGHTHOUSE_KEEPER_NAME_KEY: How can you be so sure? The last time you thought you knew...and look what happened.
1601,161626619834978324,Player (choice),,player option,inferred,"first-person, question or response text without NPC label",I'm not sure.,I'm not sure.
1602,161626619834978325,Unattributed,,unattributed Yarn text,unknown,no speaker tag; cannot safely infer,Her face softens.,Her face softens.
1603,161626619834978326,Lighthouse Keeper,LIGHTHOUSE_KEEPER_NAME_KEY,character speech,explicit,explicit speaker label,"Remember that you are in control. If you're having doubts, it's foolish to blindly persevere. You can always look for alternative paths.","LIGHTHOUSE_KEEPER_NAME_KEY: Remember that you are in control. If you're having doubts, it's foolish to blindly persevere. You can always look for alternative paths."
1604,161626619834978327,Player (choice),,player option,inferred,"first-person, question or response text without NPC label",I'm just fishing.,I'm just fishing.
1605,161626619834978328,Unattributed,,unattributed Yarn text,unknown,no speaker tag; cannot safely infer,She recoils from your flagrant lie.,She recoils from your flagrant lie.
1606,161626619834978329,Lighthouse Keeper,LIGHTHOUSE_KEEPER_NAME_KEY,character speech,explicit,explicit speaker label,Why do you mistrust me so? What have I done to warrant such suspicion?,LIGHTHOUSE_KEEPER_NAME_KEY: Why do you mistrust me so? What have I done to warrant such suspicion?
1607,161626619834978330,Narrator / scene text,,narration,inferred,third-/second-person scene description,"She turns from you, shaking her head and muttering. She heads back towards the lighthouse.","She turns from you, shaking her head and muttering. She heads back towards the lighthouse."
1608,161626619843366912,Player (choice),,player option,inferred,"first-person, question or response text without NPC label",What's wrong?,What's wrong?
1609,161626619843366913,Unattributed,,unattributed Yarn text,unknown,no speaker tag; cannot safely infer,He stares ahead in silence.,He stares ahead in silence.
1610,161626619843366914,Player (choice),,player option,inferred,"first-person, question or response text without NPC label",Are you alright?,Are you alright?
1611,161626619843366915,Unattributed,,unattributed Yarn text,unknown,no speaker tag; cannot safely infer,He seems unable to respond.,He seems unable to respond.
1612,161626619843366916,Player (choice),,player option,inferred,"first-person, question or response text without NPC label",What happened?,What happened?
1613,161626619843366917,Narrator / scene text,,narration,inferred,third-/second-person scene description,You notice his neck and overalls are covered in a dark fluid - the same dark fluid that was leaking from the package you delivered earlier.,You notice his neck and overalls are covered in a dark fluid - the same dark fluid that was leaking from the package you delivered earlier.
1614,161626619843366918,Player (choice),,player option,inferred,"first-person, question or response text without NPC label",What was that?,What was that?
1615,161626619872727040,Narrator / scene text,,narration,inferred,third-/second-person scene description,"A trembling head turns ever so slightly towards you. His breathing grows heavy in anger until you step backwards, leaving him standing there on the dock.","A trembling head turns ever so slightly towards you. His breathing grows heavy in anger until you step backwards, leaving him standing there on the dock."
1616,161626619872727041,Travelling Merchant,TRAVELLING_MERCHANT_NAME_KEY,character speech,explicit,explicit speaker label,"Woah, you don't look so great, friend. When's the last time you got a good night's [C0]sleep[/C0]?","TRAVELLING_MERCHANT_NAME_KEY: Woah, you don't look so great, friend. When's the last time you got a good night's [C0]sleep[/C0]?"
1617,161626619872727042,Travelling Merchant,TRAVELLING_MERCHANT_NAME_KEY,character speech,explicit,explicit speaker label,Are you alright there? You're looking a little...jittery. You're free to [C0]rest[/C0] here anytime.,TRAVELLING_MERCHANT_NAME_KEY: Are you alright there? You're looking a little...jittery. You're free to [C0]rest[/C0] here anytime.
1618,161626619872727043,Travelling Merchant,TRAVELLING_MERCHANT_NAME_KEY,character speech,explicit,explicit speaker label,"Your hull's got a few holes that need patching. We can [C0]repair[/C0] those here, remember.","TRAVELLING_MERCHANT_NAME_KEY: Your hull's got a few holes that need patching. We can [C0]repair[/C0] those here, remember."
1619,161626619872727044,Travelling Merchant,TRAVELLING_MERCHANT_NAME_KEY,character speech,explicit,explicit speaker label,Did you run aground on rocks or something? We should make some [C0]repairs[/C0] - I can see right through your hull!,TRAVELLING_MERCHANT_NAME_KEY: Did you run aground on rocks or something? We should make some [C0]repairs[/C0] - I can see right through your hull!
1620,161626619872727045,Travelling Merchant,TRAVELLING_MERCHANT_NAME_KEY,character speech,explicit,explicit speaker label,Your boat's sprung a leak! We should [C0]fix[/C0] that.,TRAVELLING_MERCHANT_NAME_KEY: Your boat's sprung a leak! We should [C0]fix[/C0] that.
1621,161626619872727046,Travelling Merchant,TRAVELLING_MERCHANT_NAME_KEY,character speech,explicit,explicit speaker label,"You should really be more careful! I don't have a limitless supply of [C0]repair[/C0] materials, you know.","TRAVELLING_MERCHANT_NAME_KEY: You should really be more careful! I don't have a limitless supply of [C0]repair[/C0] materials, you know."
1622,161626619872727047,Travelling Merchant,TRAVELLING_MERCHANT_NAME_KEY,character speech,explicit,explicit speaker label,"I suppose you're going to say you ""couldn't avoid"" the rock that ""appeared out of nowhere""? Yeah yeah, I've heard it all before. Let's get you [C0]fixed[/C0] up.","TRAVELLING_MERCHANT_NAME_KEY: I suppose you're going to say you ""couldn't avoid"" the rock that ""appeared out of nowhere""? Yeah yeah, I've heard it all before. Let's get you [C0]fixed[/C0] up."
1623,161626619872727048,Travelling Merchant,TRAVELLING_MERCHANT_NAME_KEY,character speech,explicit,explicit speaker label,"I'm going to have to start carrying more materials soon aren't I? I've got enough to make [C0]repairs[/C0] for now, at least.","TRAVELLING_MERCHANT_NAME_KEY: I'm going to have to start carrying more materials soon aren't I? I've got enough to make [C0]repairs[/C0] for now, at least."
1624,161626619872727049,Travelling Merchant,TRAVELLING_MERCHANT_NAME_KEY,character speech,explicit,explicit speaker label,"If you have some worn out [C0]Crab Pots[/C0] or [C0]Trawl Nets[/C0], we can fix them here.","TRAVELLING_MERCHANT_NAME_KEY: If you have some worn out [C0]Crab Pots[/C0] or [C0]Trawl Nets[/C0], we can fix them here."
1625,161626619872727050,Travelling Merchant,TRAVELLING_MERCHANT_NAME_KEY,character speech,explicit,explicit speaker label,[C0]Trawl Net[/C0] fraying? Crabs cutting themselves out of your [C0]Crab Pots[/C0]? Why don't we [C0]fix[/C0] them up here?,TRAVELLING_MERCHANT_NAME_KEY: [C0]Trawl Net[/C0] fraying? Crabs cutting themselves out of your [C0]Crab Pots[/C0]? Why don't we [C0]fix[/C0] them up here?
1626,161626619872727051,Travelling Merchant,TRAVELLING_MERCHANT_NAME_KEY,character speech,explicit,explicit speaker label,Don't forget - [C0]Crab Pots[/C0] and [C0]Trawl Nets[/C0] both need repairing every now and then.,TRAVELLING_MERCHANT_NAME_KEY: Don't forget - [C0]Crab Pots[/C0] and [C0]Trawl Nets[/C0] both need repairing every now and then.
1627,161626619872727052,Travelling Merchant,TRAVELLING_MERCHANT_NAME_KEY,character speech,explicit,explicit speaker label,"[C0]Crab Pots[/C0] and [C0]Trawl Nets[/C0] won't work if they're completely worn out, so best to [C0]repair[/C0] them regularly.","TRAVELLING_MERCHANT_NAME_KEY: [C0]Crab Pots[/C0] and [C0]Trawl Nets[/C0] won't work if they're completely worn out, so best to [C0]repair[/C0] them regularly."
1628,161626619872727053,Travelling Merchant,TRAVELLING_MERCHANT_NAME_KEY,character speech,explicit,explicit speaker label,I'll buy all sorts of fish here - and I can pay the most for [C1]fresh[/C1] ones.,TRAVELLING_MERCHANT_NAME_KEY: I'll buy all sorts of fish here - and I can pay the most for [C1]fresh[/C1] ones.
1629,161626619872727054,Travelling Merchant,TRAVELLING_MERCHANT_NAME_KEY,character speech,explicit,explicit speaker label,Not all fish are traded equally! Smaller species can sometimes be more delicious - and more valuable - than the larger ones.,TRAVELLING_MERCHANT_NAME_KEY: Not all fish are traded equally! Smaller species can sometimes be more delicious - and more valuable - than the larger ones.
1630,161626619872727055,Travelling Merchant,TRAVELLING_MERCHANT_NAME_KEY,character speech,explicit,explicit speaker label,The most successful captains know how to push their vessels to the limit. Is yours running at peak efficiency?,TRAVELLING_MERCHANT_NAME_KEY: The most successful captains know how to push their vessels to the limit. Is yours running at peak efficiency?
1631,161626619872727056,Travelling Merchant,TRAVELLING_MERCHANT_NAME_KEY,character speech,explicit,explicit speaker label,There's nothing wrong with combining different engine types - do anything you can to get more speed out of the space you have.,TRAVELLING_MERCHANT_NAME_KEY: There's nothing wrong with combining different engine types - do anything you can to get more speed out of the space you have.
1632,161626619872727057,Travelling Merchant,TRAVELLING_MERCHANT_NAME_KEY,character speech,explicit,explicit speaker label,Having a variety of fishing tackle on board means you'll be prepared to catch whatever you come across.,TRAVELLING_MERCHANT_NAME_KEY: Having a variety of fishing tackle on board means you'll be prepared to catch whatever you come across.
1633,161626619876921344,Travelling Merchant,TRAVELLING_MERCHANT_NAME_KEY,character speech,explicit,explicit speaker label,Installing a [C0]Trawl Net[/C0] is a great way to earn some passive income while exploring the islands.,TRAVELLING_MERCHANT_NAME_KEY: Installing a [C0]Trawl Net[/C0] is a great way to earn some passive income while exploring the islands.
1634,161626619876921345,Travelling Merchant,TRAVELLING_MERCHANT_NAME_KEY,character speech,explicit,explicit speaker label,"When [C0]Trawling[/C0], pay attention to how [C0]deep[/C0] the water is. Not every type of fish likes deep water! Check your [C0]Encyclopedia[/C0] if you're not sure.","TRAVELLING_MERCHANT_NAME_KEY: When [C0]Trawling[/C0], pay attention to how [C0]deep[/C0] the water is. Not every type of fish likes deep water! Check your [C0]Encyclopedia[/C0] if you're not sure."
1635,161626619876921346,Travelling Merchant,TRAVELLING_MERCHANT_NAME_KEY,character speech,explicit,explicit speaker label,[C0]Crab Pots[/C0] can be quite profitable if you can find a good place to drop them. Just don't forget where you put them!,TRAVELLING_MERCHANT_NAME_KEY: [C0]Crab Pots[/C0] can be quite profitable if you can find a good place to drop them. Just don't forget where you put them!
1636,161626619876921347,Travelling Merchant,TRAVELLING_MERCHANT_NAME_KEY,character speech,explicit,explicit speaker label,You'll need to pick up your [C0]Crab Pots[/C0] every now and then and bring them in for repairs.,TRAVELLING_MERCHANT_NAME_KEY: You'll need to pick up your [C0]Crab Pots[/C0] every now and then and bring them in for repairs.
1637,161626619876921348,Travelling Merchant,TRAVELLING_MERCHANT_NAME_KEY,character speech,explicit,explicit speaker label,"Not every crab can be found at every [C0]depth[/C0]. When finding a spot to drop your [C0]Crab Pots[/C0], maybe check your [C0]Encyclopedia[/C0]?","TRAVELLING_MERCHANT_NAME_KEY: Not every crab can be found at every [C0]depth[/C0]. When finding a spot to drop your [C0]Crab Pots[/C0], maybe check your [C0]Encyclopedia[/C0]?"
1638,161626619876921349,Travelling Merchant,TRAVELLING_MERCHANT_NAME_KEY,character speech,explicit,explicit speaker label,I hope you're being careful out there. Seeing your boat sail over puts a smile on my face every time.,TRAVELLING_MERCHANT_NAME_KEY: I hope you're being careful out there. Seeing your boat sail over puts a smile on my face every time.
1639,161626619876921350,Travelling Merchant,TRAVELLING_MERCHANT_NAME_KEY,character speech,explicit,explicit speaker label,"You and I, we've got to avoid risks as much as we can. There's no crew to bail us out if things go south.","TRAVELLING_MERCHANT_NAME_KEY: You and I, we've got to avoid risks as much as we can. There's no crew to bail us out if things go south."
1640,161626619876921351,Travelling Merchant,TRAVELLING_MERCHANT_NAME_KEY,character speech,explicit,explicit speaker label,You don't have to try to grab everything you see out there. That wreck salvage isn't going anywhere fast.,TRAVELLING_MERCHANT_NAME_KEY: You don't have to try to grab everything you see out there. That wreck salvage isn't going anywhere fast.
1641,161626619876921352,Travelling Merchant,TRAVELLING_MERCHANT_NAME_KEY,character speech,explicit,explicit speaker label,I love the sound of rain against the roof of my cabin. Is there anything better?,TRAVELLING_MERCHANT_NAME_KEY: I love the sound of rain against the roof of my cabin. Is there anything better?
1642,161626619876921353,Travelling Merchant,TRAVELLING_MERCHANT_NAME_KEY,character speech,explicit,explicit speaker label,"You'll need to put a few more engines on that thing if you want it to be as fast as mine, hah!","TRAVELLING_MERCHANT_NAME_KEY: You'll need to put a few more engines on that thing if you want it to be as fast as mine, hah!"
1643,161626619876921354,Player (choice),,player option,inferred,"first-person, question or response text without NPC label",Tell me more about the creature that lives in the cliffs.,Tell me more about the creature that lives in the cliffs.
1644,161626619876921355,Hermit,HERMIT_NAME_KEY,character speech,explicit,explicit speaker label,It's been burrowing tunnels through the base of the cliffs. You can see the [C0]gigantic holes[/C0] it leaves just below the surface.,HERMIT_NAME_KEY: It's been burrowing tunnels through the base of the cliffs. You can see the [C0]gigantic holes[/C0] it leaves just below the surface.
1645,161626619876921356,Hermit,HERMIT_NAME_KEY,character speech,explicit,explicit speaker label,"As it forces its way out, it often causes [C0]rock falls[/C0]. So if you plan on going in there...keep an ear out.","HERMIT_NAME_KEY: As it forces its way out, it often causes [C0]rock falls[/C0]. So if you plan on going in there...keep an ear out."
1646,161626619876921357,Hermit,HERMIT_NAME_KEY,character speech,explicit,explicit speaker label,"Should it catch sight of you, well, you should be able to outrun it - it's [C0]quite slow[/C0] - provided you can navigate the passageways.","HERMIT_NAME_KEY: Should it catch sight of you, well, you should be able to outrun it - it's [C0]quite slow[/C0] - provided you can navigate the passageways."
1647,161626619885309952,Player (choice),,player option,inferred,"first-person, question or response text without NPC label",What am I supposed to be doing now?,What am I supposed to be doing now?
1648,161626619885309953,Soldier,SOLDIER_NAME_KEY,character speech,explicit,explicit speaker label,We're making [C0]special bait[/C0] to lure the [C3]Mind Suckers[/C3] into the [C0]traps[/C0] I've built in the lagoons.,SOLDIER_NAME_KEY: We're making [C0]special bait[/C0] to lure the [C3]Mind Suckers[/C3] into the [C0]traps[/C0] I've built in the lagoons.
1649,161626619885309954,Soldier,SOLDIER_NAME_KEY,character speech,explicit,explicit speaker label,"Once we've trapped them, I'll fire on them with the mortar. Then you'll [C0]bring back proof[/C0] that they're dead.","SOLDIER_NAME_KEY: Once we've trapped them, I'll fire on them with the mortar. Then you'll [C0]bring back proof[/C0] that they're dead."
1650,161626619885309955,Soldier,SOLDIER_NAME_KEY,character speech,explicit,explicit speaker label,"When the trap springs, I'll fire upon it with the mortar. Make sure you [C0]bring back proof[/C0] that the thing's really dead, you hear?","SOLDIER_NAME_KEY: When the trap springs, I'll fire upon it with the mortar. Make sure you [C0]bring back proof[/C0] that the thing's really dead, you hear?"
1651,161626619885309956,Soldier,SOLDIER_NAME_KEY,character speech,explicit,explicit speaker label,"When the trap springs, I'll fire upon it with the mortar. Make sure you [C0]bring back proof[/C0] that the thing's really dead, you hear?","SOLDIER_NAME_KEY: When the trap springs, I'll fire upon it with the mortar. Make sure you [C0]bring back proof[/C0] that the thing's really dead, you hear?"
1652,161626619885309957,Soldier,SOLDIER_NAME_KEY,character speech,explicit,explicit speaker label,"When the trap springs, I'll fire upon it with the mortar. Make sure you [C0]bring back proof[/C0] that the thing's really dead, you hear?","SOLDIER_NAME_KEY: When the trap springs, I'll fire upon it with the mortar. Make sure you [C0]bring back proof[/C0] that the thing's really dead, you hear?"
1653,161626619885309958,Soldier,SOLDIER_NAME_KEY,character speech,explicit,explicit speaker label,"Here, this was left over from the other bait we made.","SOLDIER_NAME_KEY: Here, this was left over from the other bait we made."
1654,161626619885309959,Soldier,SOLDIER_NAME_KEY,character speech,explicit,explicit speaker label,Did you want that leftover bait now?,SOLDIER_NAME_KEY: Did you want that leftover bait now?
1655,161626619885309960,Soldier,SOLDIER_NAME_KEY,character speech,explicit,explicit speaker label,"Right, now, we can make some fresh stuff if you like.","SOLDIER_NAME_KEY: Right, now, we can make some fresh stuff if you like."
1656,161626619885309961,Soldier,SOLDIER_NAME_KEY,character speech,explicit,explicit speaker label,"Don't want it right now? Well, come back if you change your mind.","SOLDIER_NAME_KEY: Don't want it right now? Well, come back if you change your mind."
1657,167514184756678659,Retired Whaler,RETIRED_WHALER_NAME_KEY,character speech,explicit,explicit speaker label,"Don't want them right now? Well, come back if you change your mind.","RETIRED_WHALER_NAME_KEY: Don't want them right now? Well, come back if you change your mind."
1658,167514184756678658,Retired Whaler,RETIRED_WHALER_NAME_KEY,character speech,explicit,explicit speaker label,I hope you can put them to good use...wherever you find cause for it.,RETIRED_WHALER_NAME_KEY: I hope you can put them to good use...wherever you find cause for it.
1659,167514184756678657,Retired Whaler,RETIRED_WHALER_NAME_KEY,character speech,explicit,explicit speaker label,Did you want those explosives now? I held onto them for you.,RETIRED_WHALER_NAME_KEY: Did you want those explosives now? I held onto them for you.
1660,167514184756678656,Retired Whaler,RETIRED_WHALER_NAME_KEY,character speech,explicit,explicit speaker label,"Here, this is on the house - for all your help.","RETIRED_WHALER_NAME_KEY: Here, this is on the house - for all your help."
1661,161656756005687296,Travelling Merchant,TRAVELLING_MERCHANT_NAME_KEY,character speech,explicit,explicit speaker label,"You look tired. If you don't get some sleep, you'll start seeing things! Why don't you [C0]rest[/C0] up before heading back out?","TRAVELLING_MERCHANT_NAME_KEY: You look tired. If you don't get some sleep, you'll start seeing things! Why don't you [C0]rest[/C0] up before heading back out?"
1662,161656756039241728,Travelling Merchant,TRAVELLING_MERCHANT_NAME_KEY,character speech,explicit,explicit speaker label,Everything ok? You've just been standing there for a while...need to have a [C0]rest[/C0]?,TRAVELLING_MERCHANT_NAME_KEY: Everything ok? You've just been standing there for a while...need to have a [C0]rest[/C0]?
1663,161656756039241729,Travelling Merchant,TRAVELLING_MERCHANT_NAME_KEY,character speech,explicit,explicit speaker label,"I know that look on your face. Too long on the open water, eh? Yeah, you start to feel a little mad after a while. Nothing a good [C0]sleep[/C0] won't fix.","TRAVELLING_MERCHANT_NAME_KEY: I know that look on your face. Too long on the open water, eh? Yeah, you start to feel a little mad after a while. Nothing a good [C0]sleep[/C0] won't fix."
1664,161672749415321600,Builder,BUILDER_NAME_KEY,character speech,explicit,explicit speaker label,I found this while I was unpacking. You should take it.,BUILDER_NAME_KEY: I found this while I was unpacking. You should take it.
1665,161672749440487424,Narrator / scene text,,narration,inferred,third-/second-person scene description,"She hands you a [C1]Book[/C1]. The cover is dusty, but in otherwise good condition.","She hands you a [C1]Book[/C1]. The cover is dusty, but in otherwise good condition."
1666,161672749440487425,Travelling Merchant,TRAVELLING_MERCHANT_NAME_KEY,character speech,explicit,explicit speaker label,"I've got a surprise for you! A gift, for my most loyal customer. Here, I want you to have this.","TRAVELLING_MERCHANT_NAME_KEY: I've got a surprise for you! A gift, for my most loyal customer. Here, I want you to have this."
1667,161672749440487426,Narrator / scene text,,narration,inferred,third-/second-person scene description,"She takes a [C1]Book[/C1] from a nearby shelf and hands it to you. Flicking through it, you see page corners turned in and handwritten notes in the margins.","She takes a [C1]Book[/C1] from a nearby shelf and hands it to you. Flicking through it, you see page corners turned in and handwritten notes in the margins."
1668,161672749448876032,Researcher,RESEARCHER_NAME_KEY,character speech,explicit,explicit speaker label,"Oh, how rude of me. You've done all of this for me and...I've not got much to say thank you with. Um, you should have this.","RESEARCHER_NAME_KEY: Oh, how rude of me. You've done all of this for me and...I've not got much to say thank you with. Um, you should have this."
1669,161672749448876033,Narrator / scene text,,narration,inferred,third-/second-person scene description,"She opens a drawer and pulls out a [C1]Book[/C1]. Sheepishly, she hands it to you.","She opens a drawer and pulls out a [C1]Book[/C1]. Sheepishly, she hands it to you."
1670,161672749448876034,Researcher,RESEARCHER_NAME_KEY,character speech,explicit,explicit speaker label,This is something I wrote during my studies. I think it'll be useful to you.,RESEARCHER_NAME_KEY: This is something I wrote during my studies. I think it'll be useful to you.
1671,164253136075280384,Narrator / scene text,,narration,inferred,third-/second-person scene description,The stone trembles before you. Unknown symbols glow from within.,The stone trembles before you. Unknown symbols glow from within.
1672,164253136108834816,Player (action choice),,player action choice,inferred,bracketed interactive action,\[Place your hand on the stone.\],\[Place your hand on the stone.\]
1673,164253136108834817,Narrator / scene text,,narration,inferred,third-/second-person scene description,"A sudden chill rushes through the marrow of your bones, surging up your arm, your neck. A [C3]deep vision[/C3] enters your mind.","A sudden chill rushes through the marrow of your bones, surging up your arm, your neck. A [C3]deep vision[/C3] enters your mind."
1674,164253136108834818,Player (action choice),,player action choice,inferred,bracketed interactive action,\[Leave.\],\[Leave.\]
1675,164253136108834819,Narrator / scene text,,narration,inferred,third-/second-person scene description,"The stone hums quietly, sending ripples through the air around it. Faint shapes dance upon its surface, vanishing before your eyes can focus on them.","The stone hums quietly, sending ripples through the air around it. Faint shapes dance upon its surface, vanishing before your eyes can focus on them."
1676,164253136108834820,Player (action choice),,player action choice,inferred,bracketed interactive action,\[Place your hand on the stone.\],\[Place your hand on the stone.\]
1677,164253136108834821,Narrator / scene text,,narration,inferred,third-/second-person scene description,The cold stone does not respond to your touch.,The cold stone does not respond to your touch.
1678,164253136108834822,Player (action choice),,player action choice,inferred,bracketed interactive action,\[Leave.\],\[Leave.\]
1679,164253136108834823,Narrator / scene text,,narration,inferred,third-/second-person scene description,"The town of Greater Marrow burns. The lighthouse lies collapsed, its light extinguished.","The town of Greater Marrow burns. The lighthouse lies collapsed, its light extinguished."
1680,164253136108834824,Narrator / scene text,,narration,inferred,third-/second-person scene description,A red glow fills the sky behind a cyclone that drains the world.,A red glow fills the sky behind a cyclone that drains the world.
1681,164253136108834825,Narrator / scene text,,narration,inferred,third-/second-person scene description,"A ship, tossed by waves in the night. Fog unfolds like a blanket from the deck, spilling across the ocean and crashing against the land.","A ship, tossed by waves in the night. Fog unfolds like a blanket from the deck, spilling across the ocean and crashing against the land."
1682,164253136108834826,Unattributed,,unattributed Yarn text,unknown,no speaker tag; cannot safely infer,A distant lighthouse flickers a signal.,A distant lighthouse flickers a signal.
1683,164253136108834827,Unattributed,,unattributed Yarn text,unknown,no speaker tag; cannot safely infer,"Dark rocks erupt from the earth, piercing through buildings and trees. Through sand and crashing waves. Through the basalt pillars of this island.","Dark rocks erupt from the earth, piercing through buildings and trees. Through sand and crashing waves. Through the basalt pillars of this island."
1684,164253136108834828,Narrator / scene text,,narration,inferred,third-/second-person scene description,"The newborn structures crackle with an unknown energy, crimson lightning arcing between them.","The newborn structures crackle with an unknown energy, crimson lightning arcing between them."
1685,164253136108834829,Narrator / scene text,,narration,inferred,third-/second-person scene description,"A blustery wind screams through the cliffs, diving and turning. It passes over a large wooden ship at anchor, all flags filling suddenly.","A blustery wind screams through the cliffs, diving and turning. It passes over a large wooden ship at anchor, all flags filling suddenly."
1686,164253136108834830,Narrator / scene text,,narration,inferred,third-/second-person scene description,A skinless face appears on the fluttering fabric. A wail of terror rises from the crew.,A skinless face appears on the fluttering fabric. A wail of terror rises from the crew.
1687,164253136108834831,Narrator / scene text,,narration,inferred,third-/second-person scene description,"A heart of stone wrapped in a twisting tail. A serpentine body uncoils, teeth rasping at its earthen shell.","A heart of stone wrapped in a twisting tail. A serpentine body uncoils, teeth rasping at its earthen shell."
1688,164253136108834832,Unattributed,,unattributed Yarn text,unknown,no speaker tag; cannot safely infer,"Larger now. Bursting through the cliffs, sending rocks tumbling into the water. An eye opens to this new world.","Larger now. Bursting through the cliffs, sending rocks tumbling into the water. An eye opens to this new world."
1689,164253136108834833,Narrator / scene text,,narration,inferred,third-/second-person scene description,"A spore floats in the water, adrift in the current. Fish feast in a frenzy above, devouring its kin. The spore lands in the thick silt of the sea floor.","A spore floats in the water, adrift in the current. Fish feast in a frenzy above, devouring its kin. The spore lands in the thick silt of the sea floor."
1690,164253136108834834,Unattributed,,unattributed Yarn text,unknown,no speaker tag; cannot safely infer,"Its roots stretch down into the seabed, growing - extending towards what lies beneath.","Its roots stretch down into the seabed, growing - extending towards what lies beneath."
1691,164253136108834835,Narrator / scene text,,narration,inferred,third-/second-person scene description,The green glimmer of an aurora blooms in the night sky above the resort. A distant boom shakes the thatched rooves and rouses dreamers from their sleep.,The green glimmer of an aurora blooms in the night sky above the resort. A distant boom shakes the thatched rooves and rouses dreamers from their sleep.
1692,164253136108834836,Narrator / scene text,,narration,inferred,third-/second-person scene description,"The waters withdraw, exposing the coral to the warm air. Confused creatures chitter and seek out their hiding places.","The waters withdraw, exposing the coral to the warm air. Confused creatures chitter and seek out their hiding places."
1693,164253136108834837,Narrator / scene text,,narration,inferred,third-/second-person scene description,"A man flees through the trees, bloodshot eyes wide with terror. He runs into a dead end; cornered by the murky waters and his pursuer, he turns.","A man flees through the trees, bloodshot eyes wide with terror. He runs into a dead end; cornered by the murky waters and his pursuer, he turns."
1694,164253136108834838,Unattributed,,unattributed Yarn text,unknown,no speaker tag; cannot safely infer,A wooden spear flies and finds its mark.,A wooden spear flies and finds its mark.
1695,164253136108834839,Narrator / scene text,,narration,inferred,third-/second-person scene description,"A parasite burrows into a large snakelike carcass. It feeds, growing fat and multiplying. Tendrils sprout from the head of the body and sense the water around it.","A parasite burrows into a large snakelike carcass. It feeds, growing fat and multiplying. Tendrils sprout from the head of the body and sense the water around it."
1696,164253136108834840,Narrator / scene text,,narration,inferred,third-/second-person scene description,"The host corpse shudders reluctantly. With a cry that resounds through the forest, it rises once again.","The host corpse shudders reluctantly. With a cry that resounds through the forest, it rises once again."
1697,164253136108834841,Narrator / scene text,,narration,inferred,third-/second-person scene description,"A leviathan raises its vast grey head, stretching up, up until it sits level with a bright flame cradled at the top of the ancient lighthouse.","A leviathan raises its vast grey head, stretching up, up until it sits level with a bright flame cradled at the top of the ancient lighthouse."
1698,164253136108834842,Narrator / scene text,,narration,inferred,third-/second-person scene description,"It watches the fire for a while, tilting its head and calling softly to it with a guttural song.","It watches the fire for a while, tilting its head and calling softly to it with a guttural song."
1699,164253136108834843,Unattributed,,unattributed Yarn text,unknown,no speaker tag; cannot safely infer,"Appearing satisfied, the beast slinks down into the water, gliding back to the depths.","Appearing satisfied, the beast slinks down into the water, gliding back to the depths."
1700,164253136108834844,Unattributed,,unattributed Yarn text,unknown,no speaker tag; cannot safely infer,Blackness.,Blackness.
1701,164253136108834845,Unattributed,,unattributed Yarn text,unknown,no speaker tag; cannot safely infer,A crimson rift opens in the void.,A crimson rift opens in the void.
1702,164253136108834846,Unattributed,,unattributed Yarn text,unknown,no speaker tag; cannot safely infer,Dreadful silhouettes drift through in a procession of teeth and tentacles.,Dreadful silhouettes drift through in a procession of teeth and tentacles.
1703,164253136108834847,Narrator / scene text,,narration,inferred,third-/second-person scene description,"After the last grotesque figure emerges, a membrane spreads over the fissure.","After the last grotesque figure emerges, a membrane spreads over the fissure."
1704,164879788375461888,Shipwright,SHIPWRIGHT_NAME_KEY,character speech,explicit,explicit speaker label,"Remember, you don't have to have all the materials at once - you can [C0]store[/C0] whatever you have right here at the [C0]dry dock[/C0].","SHIPWRIGHT_NAME_KEY: Remember, you don't have to have all the materials at once - you can [C0]store[/C0] whatever you have right here at the [C0]dry dock[/C0]."
1705,164879788409016320,Trader,TRADER_NAME_KEY,character speech,explicit,explicit speaker label,"When the sky mistakes the stars,<br>And the air grows thick with night,<br>The deep will open its scars,<br>Protect us, O guiding light.","TRADER_NAME_KEY: When the sky mistakes the stars,<br>And the air grows thick with night,<br>The deep will open its scars,<br>Protect us, O guiding light."
1706,165334698715959296,Narrator / scene text,,narration,inferred,third-/second-person scene description,The earth shifts once more and the stones lie still.,The earth shifts once more and the stones lie still.
1707,165334698749513728,Narrator / scene text,,narration,inferred,third-/second-person scene description,"Moments later the waters return; crashing, seething, sweeping souls out to sea.","Moments later the waters return; crashing, seething, sweeping souls out to sea."
1708,165334698749513729,Narrator / scene text,,narration,inferred,third-/second-person scene description,A distant groan emanates from the space beyond.,A distant groan emanates from the space beyond.
1709,165664221047214080,Narrator / scene text,,narration,inferred,third-/second-person scene description,"After a few minutes, he puts down his pen and reads aloud.","After a few minutes, he puts down his pen and reads aloud."
1710,167513943965880320,Narrator / scene text,,narration,inferred,third-/second-person scene description,The workshop looks as though it hasn't been used in decades.,The workshop looks as though it hasn't been used in decades.
1711,167513944016211968,Narrator / scene text,,narration,inferred,third-/second-person scene description,You've already taken the equipment that was stored here.,You've already taken the equipment that was stored here.
1712,167513944016211969,Unattributed,,unattributed Yarn text,unknown,no speaker tag; cannot safely infer,Go inside.,Go inside.
1713,167513944016211970,Narrator / scene text,,narration,inferred,third-/second-person scene description,"You enter, taking a moment to let your eyes adjust to the dim light.","You enter, taking a moment to let your eyes adjust to the dim light."
1714,167513944016211971,Unattributed,,unattributed Yarn text,unknown,no speaker tag; cannot safely infer,It's locked.,It's locked.
1715,167513944016211972,Player (action choice),,player action choice,inferred,bracketed interactive action,\[Leave.\],\[Leave.\]
1716,167839908856254464,Travelling Merchant,TRAVELLING_MERCHANT_NAME_KEY,character speech,explicit,explicit speaker label,"You might be used to [C0]dry docks[/C0] at other ports, but we can make the same [C1]upgrades to your boat[/C1] here at this [C0]floating dock[/C0]. Check it out!","TRAVELLING_MERCHANT_NAME_KEY: You might be used to [C0]dry docks[/C0] at other ports, but we can make the same [C1]upgrades to your boat[/C1] here at this [C0]floating dock[/C0]. Check it out!"
1717,167839908885614592,Travelling Merchant,TRAVELLING_MERCHANT_NAME_KEY,character speech,explicit,explicit speaker label,On this side of the pontoon I'll [C1]buy any fish[/C1] you want to sell. I also keep a stock of [C0]crab pots[/C0] here for sale!,TRAVELLING_MERCHANT_NAME_KEY: On this side of the pontoon I'll [C1]buy any fish[/C1] you want to sell. I also keep a stock of [C0]crab pots[/C0] here for sale!
1718,167839908885614593,Travelling Merchant,TRAVELLING_MERCHANT_NAME_KEY,character speech,explicit,explicit speaker label,"Most of this gear is super heavy, so I don't offload it at every pontoon. But come aboard and see what [C1]equipment I've got for sale[/C1]!","TRAVELLING_MERCHANT_NAME_KEY: Most of this gear is super heavy, so I don't offload it at every pontoon. But come aboard and see what [C1]equipment I've got for sale[/C1]!"
1719,167852613935747072,Trader,TRADER_NAME_KEY,character speech,explicit,explicit speaker label,"Remarkable...yes, I do believe this is a [C0]fragment of a larger arrangement[/C0].","TRADER_NAME_KEY: Remarkable...yes, I do believe this is a [C0]fragment of a larger arrangement[/C0]."
1720,167852613939941376,Narrator / scene text,,narration,inferred,third-/second-person scene description,"He reaches up to a high shelf and brings down a similar looking stone, albeit one covered with much more dust.","He reaches up to a high shelf and brings down a similar looking stone, albeit one covered with much more dust."
1721,167852613939941377,Narrator / scene text,,narration,inferred,third-/second-person scene description,You explain to the Trader that you found a use for the [C0]Fused Tablet[/C0] at the Ancient Lighthouse in Devil's Spine.,You explain to the Trader that you found a use for the [C0]Fused Tablet[/C0] at the Ancient Lighthouse in Devil's Spine.
1722,169244233709047808,Travelling Merchant,TRAVELLING_MERCHANT_NAME_KEY,character speech,explicit,explicit speaker label,"Thanks to the [C0]Retired Whaler[/C0] at [C0]Ingfell[/C0], I'm now carrying a small stock of [C0]Packed Explosives[/C0] - very carefully!","TRAVELLING_MERCHANT_NAME_KEY: Thanks to the [C0]Retired Whaler[/C0] at [C0]Ingfell[/C0], I'm now carrying a small stock of [C0]Packed Explosives[/C0] - very carefully!"
1723,169244233738407936,Travelling Merchant,TRAVELLING_MERCHANT_NAME_KEY,character speech,explicit,explicit speaker label,I met a guy in [C0]Twisted Strand[/C0] who bartered with some buckets of [C0]Mixed Bait[/C0]. I thought they'd be good for your fishing - why don't you take a look?,TRAVELLING_MERCHANT_NAME_KEY: I met a guy in [C0]Twisted Strand[/C0] who bartered with some buckets of [C0]Mixed Bait[/C0]. I thought they'd be good for your fishing - why don't you take a look?
1724,182981615117586432,Player (action choice),,player action choice,inferred,bracketed interactive action,\[Deliver the relic.\],\[Deliver the relic.\]
1725,182991316534349824,Player (action choice),,player action choice,inferred,bracketed interactive action,\[Conceal the relic.\],\[Conceal the relic.\]
1726,182994176340840448,Narrator / scene text,,narration,inferred,third-/second-person scene description,"You climb the broken steps to the old mansion, the waves swelling and crashing against the basalt columns that surround you. You pause before crossing the threshold.","You climb the broken steps to the old mansion, the waves swelling and crashing against the basalt columns that surround you. You pause before crossing the threshold."
1727,190347880794607616,Narrator / scene text,,narration,inferred,third-/second-person scene description,"A small object rolls out from under the generator, covered in dried salt.","A small object rolls out from under the generator, covered in dried salt."
1728,190976896515772416,Dockworker,DOCKWORKER_NAME_KEY,character speech,explicit,explicit speaker label,"You look lost, fisherman. Are you after somewhere to sell your catch? [C0]Greater Marrow[/C0] is on the [C0]West[/C0] side of the bay.","DOCKWORKER_NAME_KEY: You look lost, fisherman. Are you after somewhere to sell your catch? [C0]Greater Marrow[/C0] is on the [C0]West[/C0] side of the bay."
1729,190976896532549632,Dockworker,DOCKWORKER_NAME_KEY,character speech,explicit,explicit speaker label,"Keep an eye on the [C0]lighthouse[/C0], eh? Wouldn't want to lose sight of it for too long.","DOCKWORKER_NAME_KEY: Keep an eye on the [C0]lighthouse[/C0], eh? Wouldn't want to lose sight of it for too long."
1730,250808444316094464,Player (choice),,player option,inferred,"first-person, question or response text without NPC label",What do you want to do in here?,What do you want to do in here?
1731,250808444337065984,Unattributed,,unattributed Yarn text,unknown,no speaker tag; cannot safely infer,Pick up items.,Pick up items.
1732,250808444337065985,Unattributed,,unattributed Yarn text,unknown,no speaker tag; cannot safely infer,Customize boat.,Customize boat.
1733,250808444337065986,Player (action choice),,player action choice,inferred,bracketed interactive action,\[Leave.\],\[Leave.\]
1734,250808444337065987,Narrator / scene text,,narration,inferred,third-/second-person scene description,You find some [C3]horrifying creations[/C3] amongst the detritus.,You find some [C3]horrifying creations[/C3] amongst the detritus.
1735,250808444337065988,Unattributed,,unattributed Yarn text,unknown,no speaker tag; cannot safely infer,Old cans of [C0]paint[/C0] and boxes of dusty [C0]boat accessories[/C0] line the shelves.,Old cans of [C0]paint[/C0] and boxes of dusty [C0]boat accessories[/C0] line the shelves.
1736,250808444337065989,Unattributed,,unattributed Yarn text,unknown,no speaker tag; cannot safely infer,Paint boat.,Paint boat.
1737,250808444337065990,Unattributed,,unattributed Yarn text,unknown,no speaker tag; cannot safely infer,Change flag.,Change flag.
1738,250808444337065991,Unattributed,,unattributed Yarn text,unknown,no speaker tag; cannot safely infer,Adjust bunting.,Adjust bunting.
1739,250808444337065993,Player (action choice),,player action choice,inferred,bracketed interactive action,\[Leave.\],\[Leave.\]
1740,250808444337065994,Painter,PAINTER_NAME_KEY,character speech,explicit,explicit speaker label,Which area do you want to paint?,PAINTER_NAME_KEY: Which area do you want to paint?
1741,250808444337065995,Unattributed,,unattributed Yarn text,unknown,no speaker tag; cannot safely infer,Roof.,Roof.
1742,250808444337065996,Unattributed,,unattributed Yarn text,unknown,no speaker tag; cannot safely infer,Hull.,Hull.
1743,250808444337065997,Player (action choice),,player action choice,inferred,bracketed interactive action,\[Back.\],\[Back.\]
1744,250808444337065998,Unattributed,,unattributed Yarn text,unknown,no speaker tag; cannot safely infer,Which color do you want to paint the roof?,Which color do you want to paint the roof?
1745,250808444337065999,Unattributed,,unattributed Yarn text,unknown,no speaker tag; cannot safely infer,Seaweed Green.,Seaweed Green.
1746,250808444337066000,Unattributed,,unattributed Yarn text,unknown,no speaker tag; cannot safely infer,Blue Depths.,Blue Depths.
1747,250808444337066001,Unattributed,,unattributed Yarn text,unknown,no speaker tag; cannot safely infer,Black Abyss.,Black Abyss.
1748,250808444337066002,Player (action choice),,player action choice,inferred,bracketed interactive action,\[Back.\],\[Back.\]
1749,250808444337066003,Unattributed,,unattributed Yarn text,unknown,no speaker tag; cannot safely infer,Which color do you want to paint the hull?,Which color do you want to paint the hull?
1750,250808444337066004,Unattributed,,unattributed Yarn text,unknown,no speaker tag; cannot safely infer,Seaweed Green.,Seaweed Green.
1751,250808444337066005,Unattributed,,unattributed Yarn text,unknown,no speaker tag; cannot safely infer,Blue Depths.,Blue Depths.
1752,250808444337066006,Unattributed,,unattributed Yarn text,unknown,no speaker tag; cannot safely infer,Black Abyss.,Black Abyss.
1753,250808444337066007,Player (action choice),,player action choice,inferred,bracketed interactive action,\[Back.\],\[Back.\]
1754,250808444337066008,Unattributed,,unattributed Yarn text,unknown,no speaker tag; cannot safely infer,New paint applied.,New paint applied.
1755,250808444337066009,Painter,PAINTER_NAME_KEY,character speech,explicit,explicit speaker label,As you wish...,PAINTER_NAME_KEY: As you wish...
1756,250808444337066010,Painter,PAINTER_NAME_KEY,character speech,explicit,explicit speaker label,Which flag do you want to display?,PAINTER_NAME_KEY: Which flag do you want to display?
1757,250808444337066011,Unattributed,,unattributed Yarn text,unknown,no speaker tag; cannot safely infer,No flag.,No flag.
1758,250808444337066012,Unattributed,,unattributed Yarn text,unknown,no speaker tag; cannot safely infer,Hook flag.,Hook flag.
1759,250808444337066013,Unattributed,,unattributed Yarn text,unknown,no speaker tag; cannot safely infer,Anchor flag.,Anchor flag.
1760,250808444337066014,Unattributed,,unattributed Yarn text,unknown,no speaker tag; cannot safely infer,Fish flag.,Fish flag.
1761,250808444337066015,Player (action choice),,player action choice,inferred,bracketed interactive action,\[Back.\],\[Back.\]
1762,250808444337066016,Painter,PAINTER_NAME_KEY,character speech,explicit,explicit speaker label,I can adjust bunting here. I'll use any leftover pigments I have to ensure a cohesive aesthetic.,PAINTER_NAME_KEY: I can adjust bunting here. I'll use any leftover pigments I have to ensure a cohesive aesthetic.
1763,250808444337066017,Unattributed,,unattributed Yarn text,unknown,no speaker tag; cannot safely infer,Bunting off.,Bunting off.
1764,250808444337066018,Unattributed,,unattributed Yarn text,unknown,no speaker tag; cannot safely infer,Bunting on.,Bunting on.
1765,250808444337066019,Unattributed,,unattributed Yarn text,unknown,no speaker tag; cannot safely infer,Bunting 3.,Bunting 3.
1766,250808444337066020,Unattributed,,unattributed Yarn text,unknown,no speaker tag; cannot safely infer,No bunting.,No bunting.
1767,250808444337066021,Player (action choice),,player action choice,inferred,bracketed interactive action,\[Back.\],\[Back.\]
1768,250808444337066022,Unattributed,,unattributed Yarn text,unknown,no speaker tag; cannot safely infer,Which foghorn do you want to use?,Which foghorn do you want to use?
1769,250808444337066023,Unattributed,,unattributed Yarn text,unknown,no speaker tag; cannot safely infer,Regular.,Regular.
1770,250808444337066024,Unattributed,,unattributed Yarn text,unknown,no speaker tag; cannot safely infer,High pitched.,High pitched.
1771,250808444337066025,Unattributed,,unattributed Yarn text,unknown,no speaker tag; cannot safely infer,Low pitched.,Low pitched.
1772,250808444337066026,Player (action choice),,player action choice,inferred,bracketed interactive action,\[Back.\],\[Back.\]
1773,250815818003189760,Unattributed,,unattributed Yarn text,unknown,no speaker tag; cannot safely infer,Rusty Red.,Rusty Red.
1774,250815818007384064,Unattributed,,unattributed Yarn text,unknown,no speaker tag; cannot safely infer,Rusty Red.,Rusty Red.
1775,251161412185952256,Player (action choice),,player action choice,inferred,bracketed interactive action,\[Next page.\],\[Next page.\]
1776,251161412202729472,Unattributed,,unattributed Yarn text,unknown,no speaker tag; cannot safely infer,Sharp Mint.,Sharp Mint.
1777,251161412202729473,Unattributed,,unattributed Yarn text,unknown,no speaker tag; cannot safely infer,Golden Treasure.,Golden Treasure.
1778,251161412202729474,Unattributed,,unattributed Yarn text,unknown,no speaker tag; cannot safely infer,Royal Purple.,Royal Purple.
1779,251161412202729475,Unattributed,,unattributed Yarn text,unknown,no speaker tag; cannot safely infer,Maple Orange.,Maple Orange.
1780,251161412202729476,Player (action choice),,player action choice,inferred,bracketed interactive action,\[Previous page.\],\[Previous page.\]
1781,251161412202729477,Player (action choice),,player action choice,inferred,bracketed interactive action,\[Back.\],\[Back.\]
1782,251161412202729478,Player (action choice),,player action choice,inferred,bracketed interactive action,\[Next page.\],\[Next page.\]
1783,251161412202729479,Unattributed,,unattributed Yarn text,unknown,no speaker tag; cannot safely infer,Sharp Mint.,Sharp Mint.
1784,251161412202729480,Unattributed,,unattributed Yarn text,unknown,no speaker tag; cannot safely infer,Golden Treasure.,Golden Treasure.
1785,251161412202729481,Unattributed,,unattributed Yarn text,unknown,no speaker tag; cannot safely infer,Royal Purple.,Royal Purple.
1786,251161412202729482,Unattributed,,unattributed Yarn text,unknown,no speaker tag; cannot safely infer,Maple Orange.,Maple Orange.
1787,251161412202729483,Player (action choice),,player action choice,inferred,bracketed interactive action,\[Previous page.\],\[Previous page.\]
1788,251161412202729484,Player (action choice),,player action choice,inferred,bracketed interactive action,\[Back.\],\[Back.\]
1789,251574535793594368,Player (action choice),,player action choice,inferred,bracketed interactive action,\[Next page.\],\[Next page.\]
1790,251574535822954496,Unattributed,,unattributed Yarn text,unknown,no speaker tag; cannot safely infer,Pirate flag.,Pirate flag.
1791,251574535822954497,Unattributed,,unattributed Yarn text,unknown,no speaker tag; cannot safely infer,Eye flag.,Eye flag.
1792,251574535822954498,Unattributed,,unattributed Yarn text,unknown,no speaker tag; cannot safely infer,Sea serpent flag.,Sea serpent flag.
1793,251574535822954499,Unattributed,,unattributed Yarn text,unknown,no speaker tag; cannot safely infer,Ouroboros flag.,Ouroboros flag.
1794,251574535822954500,Player (action choice),,player action choice,inferred,bracketed interactive action,\[Previous page.\],\[Previous page.\]
1795,251574535822954501,Player (action choice),,player action choice,inferred,bracketed interactive action,\[Back.\],\[Back.\]
1796,251577961164230656,Unattributed,,unattributed Yarn text,unknown,no speaker tag; cannot safely infer,Which color do you want to paint the roof?,Which color do you want to paint the roof?
1797,251577961164230657,Painter,PAINTER_NAME_KEY,character speech,explicit,explicit speaker label,What color do you want to paint the [C0]hull[/C0]?,PAINTER_NAME_KEY: What color do you want to paint the [C0]hull[/C0]?
1798,251577961164230658,Painter,PAINTER_NAME_KEY,character speech,explicit,explicit speaker label,Which flag do you want to display?,PAINTER_NAME_KEY: Which flag do you want to display?
1799,276890758106238976,Narrator / scene text,,narration,inferred,third-/second-person scene description,A collection of cases have washed up against the shore. Some have already split open and lost their contents to the waves.,A collection of cases have washed up against the shore. Some have already split open and lost their contents to the waves.
1800,276890758135599104,Unattributed,,unattributed Yarn text,unknown,no speaker tag; cannot safely infer,Look for valuables.,Look for valuables.
1801,276890758135599105,Player (action choice),,player action choice,inferred,bracketed interactive action,\[Leave.\],\[Leave.\]
1802,277234494252060672,Photographer,PHOTOGRAPHER_NAME_KEY,character speech,explicit,explicit speaker label,"Ahem...Hello. Sorry, would you step out of the way for a moment? You're in my shot.","PHOTOGRAPHER_NAME_KEY: Ahem...Hello. Sorry, would you step out of the way for a moment? You're in my shot."
1803,277234494273032192,Narrator / scene text,,narration,inferred,third-/second-person scene description,"You move to the side. A few seconds later, the Photographer sighs in exasperation and mutters to herself.","You move to the side. A few seconds later, the Photographer sighs in exasperation and mutters to herself."
1804,277234494273032193,Photographer,PHOTOGRAPHER_NAME_KEY,character speech,explicit,explicit speaker label,"No, this simply won't do!","PHOTOGRAPHER_NAME_KEY: No, this simply won't do!"
1805,277234494273032194,Player (choice),,player option,inferred,"first-person, question or response text without NPC label",What's the matter?,What's the matter?
1806,277234494273032195,Player (action choice),,player action choice,inferred,bracketed interactive action,\[Leave.\],\[Leave.\]
1807,277234494273032196,Narrator / scene text,,narration,inferred,third-/second-person scene description,You leave before she asks you to do anything else.,You leave before she asks you to do anything else.
1808,277234494273032197,Photographer,PHOTOGRAPHER_NAME_KEY,character speech,explicit,explicit speaker label,The angle of this lens is all wrong! I'll never get a close-up shot of anything with this. And the others...I fear they were lost overboard.,PHOTOGRAPHER_NAME_KEY: The angle of this lens is all wrong! I'll never get a close-up shot of anything with this. And the others...I fear they were lost overboard.
1809,277234494273032198,Narrator / scene text,,narration,inferred,third-/second-person scene description,She sighs again and looks off to the [C0]West[/C0].,She sighs again and looks off to the [C0]West[/C0].
1810,277234494273032199,Photographer,PHOTOGRAPHER_NAME_KEY,character speech,explicit,explicit speaker label,"I was sailing from [C0]Stellar Basin[/C0] you see, squeezing my boat though a [C0]narrow gap between two islands[/C0] - and then I crashed into some coral.","PHOTOGRAPHER_NAME_KEY: I was sailing from [C0]Stellar Basin[/C0] you see, squeezing my boat though a [C0]narrow gap between two islands[/C0] - and then I crashed into some coral."
1811,277234494273032200,Photographer,PHOTOGRAPHER_NAME_KEY,character speech,explicit,explicit speaker label,"I thought I heard something in the water behind me, so I dared not stop. If you were able to [C0]retrieve the lenses[/C0] for me, ah, let me see...","PHOTOGRAPHER_NAME_KEY: I thought I heard something in the water behind me, so I dared not stop. If you were able to [C0]retrieve the lenses[/C0] for me, ah, let me see..."
1812,277234494273032201,Narrator / scene text,,narration,inferred,third-/second-person scene description,She rummages through what few belongings survived the trip.,She rummages through what few belongings survived the trip.
1813,277234494273032202,Photographer,PHOTOGRAPHER_NAME_KEY,character speech,explicit,explicit speaker label,I have a spare [C1]camera[/C1] here that I won't need. You're welcome to it - if you can [C0]find those lenses[/C0].,PHOTOGRAPHER_NAME_KEY: I have a spare [C1]camera[/C1] here that I won't need. You're welcome to it - if you can [C0]find those lenses[/C0].
1814,277234494273032203,Photographer,PHOTOGRAPHER_NAME_KEY,character speech,explicit,explicit speaker label,"You have the lenses! Oh, I do hope they've not been damaged by the seawater...","PHOTOGRAPHER_NAME_KEY: You have the lenses! Oh, I do hope they've not been damaged by the seawater..."
1815,277234494273032204,Narrator / scene text,,narration,inferred,third-/second-person scene description,She takes the case from you and inspects each lens carefully.,She takes the case from you and inspects each lens carefully.
1816,277234494273032205,Photographer,PHOTOGRAPHER_NAME_KEY,character speech,explicit,explicit speaker label,"They seem mostly unharmed - nothing that some careful polishing can't remedy, at least.","PHOTOGRAPHER_NAME_KEY: They seem mostly unharmed - nothing that some careful polishing can't remedy, at least."
1817,277234494273032206,Photographer,PHOTOGRAPHER_NAME_KEY,character speech,explicit,explicit speaker label,"As promised, you should take my spare [C1]camera[/C1]. The lens is nothing special, but it should allow you to capture some good shots.","PHOTOGRAPHER_NAME_KEY: As promised, you should take my spare [C1]camera[/C1]. The lens is nothing special, but it should allow you to capture some good shots."
1818,277234494273032207,Photographer,PHOTOGRAPHER_NAME_KEY,character speech,explicit,explicit speaker label,"If you wanted some advice on locating wildlife to photograph, just say the word!","PHOTOGRAPHER_NAME_KEY: If you wanted some advice on locating wildlife to photograph, just say the word!"
1819,277234494273032208,Photographer,PHOTOGRAPHER_NAME_KEY,character speech,explicit,explicit speaker label,"Good day, fisherman. Are you interested in learning about the local wildlife?","PHOTOGRAPHER_NAME_KEY: Good day, fisherman. Are you interested in learning about the local wildlife?"
1820,277234494273032209,Photographer,PHOTOGRAPHER_NAME_KEY,character speech,explicit,explicit speaker label,Anything else?,PHOTOGRAPHER_NAME_KEY: Anything else?
1821,277234494273032210,Player (choice),,player option,inferred,"first-person, question or response text without NPC label",What did you want me to do again?,What did you want me to do again?
1822,277234494273032211,Player (choice),,player option,inferred,"first-person, question or response text without NPC label",Tell me about large fish.,Tell me about large fish.
1823,277234494273032212,Player (choice),,player option,inferred,"first-person, question or response text without NPC label",Tell me about mammals.,Tell me about mammals.
1824,277234494273032213,Player (choice),,player option,inferred,"first-person, question or response text without NPC label",Tell me about birds.,Tell me about birds.
1825,277234494273032214,Player (choice),,player option,inferred,"first-person, question or response text without NPC label",Tell me about reptiles.,Tell me about reptiles.
1826,277234494273032215,Player (action choice),,player action choice,inferred,bracketed interactive action,\[Leave.\],\[Leave.\]
1827,277234494273032216,Photographer,PHOTOGRAPHER_NAME_KEY,character speech,explicit,explicit speaker label,I suspect you're more knowledgeable in this particular area than I am!,PHOTOGRAPHER_NAME_KEY: I suspect you're more knowledgeable in this particular area than I am!
1828,277234494273032217,Photographer,PHOTOGRAPHER_NAME_KEY,character speech,explicit,explicit speaker label,"There are a few shark species around, most notably the huge [C0]Whale Shark[/C0]. They tend to prefer the warmer waters around [C0]Stellar Basin[/C0].","PHOTOGRAPHER_NAME_KEY: There are a few shark species around, most notably the huge [C0]Whale Shark[/C0]. They tend to prefer the warmer waters around [C0]Stellar Basin[/C0]."
1829,277234494273032218,Photographer,PHOTOGRAPHER_NAME_KEY,character speech,explicit,explicit speaker label,"They're completely harmless, as I'm sure you know, but do be careful around them. You wouldn't want your propellors causing them any injury.","PHOTOGRAPHER_NAME_KEY: They're completely harmless, as I'm sure you know, but do be careful around them. You wouldn't want your propellors causing them any injury."
1830,277234494273032219,Photographer,PHOTOGRAPHER_NAME_KEY,character speech,explicit,explicit speaker label,"While still relatively scarce, I believe a few Cetaceans - that's Whales and such - can be found in the deeper waters around here.","PHOTOGRAPHER_NAME_KEY: While still relatively scarce, I believe a few Cetaceans - that's Whales and such - can be found in the deeper waters around here."
1831,277234494273032220,Photographer,PHOTOGRAPHER_NAME_KEY,character speech,explicit,explicit speaker label,You might be lucky enough to spot a pod of [C0]Bottlenose Dolphins[/C0] or [C0]Killer Whales[/C0] - they've been known to swim alongside boats.,PHOTOGRAPHER_NAME_KEY: You might be lucky enough to spot a pod of [C0]Bottlenose Dolphins[/C0] or [C0]Killer Whales[/C0] - they've been known to swim alongside boats.
1832,277234494273032221,Photographer,PHOTOGRAPHER_NAME_KEY,character speech,explicit,explicit speaker label,"As for the larger Whales, I've heard [C0]Humpbacks[/C0], [C0]Sperm Whales[/C0] and even the odd [C0]Blue Whale[/C0] have been sighted in the area.","PHOTOGRAPHER_NAME_KEY: As for the larger Whales, I've heard [C0]Humpbacks[/C0], [C0]Sperm Whales[/C0] and even the odd [C0]Blue Whale[/C0] have been sighted in the area."
1833,277234494273032222,Photographer,PHOTOGRAPHER_NAME_KEY,character speech,explicit,explicit speaker label,"It doesn't surprise me to hear that their numbers have dwindled, what with Ingfell's Whaling endeavours. Hopefully their populations will recover, in time.","PHOTOGRAPHER_NAME_KEY: It doesn't surprise me to hear that their numbers have dwindled, what with Ingfell's Whaling endeavours. Hopefully their populations will recover, in time."
1834,277234494273032223,Photographer,PHOTOGRAPHER_NAME_KEY,character speech,explicit,explicit speaker label,"You'll hear quite a wide variety of birdsong from the islands, though I suspect they're all too small to spot from your boat.","PHOTOGRAPHER_NAME_KEY: You'll hear quite a wide variety of birdsong from the islands, though I suspect they're all too small to spot from your boat."
1835,277234494273032224,Photographer,PHOTOGRAPHER_NAME_KEY,character speech,explicit,explicit speaker label,There's sure to be a few larger species - [C0]Gulls[/C0] and [C0]Ravens[/C0] - loitering around the more active docks looking for morsels of food.,PHOTOGRAPHER_NAME_KEY: There's sure to be a few larger species - [C0]Gulls[/C0] and [C0]Ravens[/C0] - loitering around the more active docks looking for morsels of food.
1836,277234494273032225,Photographer,PHOTOGRAPHER_NAME_KEY,character speech,explicit,explicit speaker label,"The ruins in [C0]Devil's Spine[/C0] host a few breeding pairs of [C0]Sea Hawks[/C0]. You're bound to hear them calling to each other, though they're quite elusive.","PHOTOGRAPHER_NAME_KEY: The ruins in [C0]Devil's Spine[/C0] host a few breeding pairs of [C0]Sea Hawks[/C0]. You're bound to hear them calling to each other, though they're quite elusive."
1837,277234494273032226,Photographer,PHOTOGRAPHER_NAME_KEY,character speech,explicit,explicit speaker label,I'm glad you asked! Not many consider reptiles when they think of the ocean.,PHOTOGRAPHER_NAME_KEY: I'm glad you asked! Not many consider reptiles when they think of the ocean.
1838,277234494273032227,Photographer,PHOTOGRAPHER_NAME_KEY,character speech,explicit,explicit speaker label,"[C0]Loggerhead Turtles[/C0] are a common sight in the temperate waters around [C0]The Marrows[/C0] and [C0]Gale Cliffs[/C0], though they can be hard to spot in the water.","PHOTOGRAPHER_NAME_KEY: [C0]Loggerhead Turtles[/C0] are a common sight in the temperate waters around [C0]The Marrows[/C0] and [C0]Gale Cliffs[/C0], though they can be hard to spot in the water."
1839,277234494273032228,Photographer,PHOTOGRAPHER_NAME_KEY,character speech,explicit,explicit speaker label,"When it comes to larger reptiles, they don't get any bigger than [C0]Salt Water Crocodiles[/C0]. The mangroves of [C0]Twisted Strand[/C0] are the perfect environment for them.","PHOTOGRAPHER_NAME_KEY: When it comes to larger reptiles, they don't get any bigger than [C0]Salt Water Crocodiles[/C0]. The mangroves of [C0]Twisted Strand[/C0] are the perfect environment for them."
1840,277234494273032229,Photographer,PHOTOGRAPHER_NAME_KEY,character speech,explicit,explicit speaker label,"You were going to try to [C0]find my case of extra lenses[/C0]. It must've fallen overboard when I hit some coral to the [C0]West[/C0], towards [C0]Stellar Basin[/C0].","PHOTOGRAPHER_NAME_KEY: You were going to try to [C0]find my case of extra lenses[/C0]. It must've fallen overboard when I hit some coral to the [C0]West[/C0], towards [C0]Stellar Basin[/C0]."
1841,278654577373417472,Photographer,PHOTOGRAPHER_NAME_KEY,character speech,explicit,explicit speaker label,I'll mark on your map where I think I lost them.,PHOTOGRAPHER_NAME_KEY: I'll mark on your map where I think I lost them.
1842,278654577386000384,Photographer,PHOTOGRAPHER_NAME_KEY,character speech,explicit,explicit speaker label,"Good day, fisherman. How can I help you?","PHOTOGRAPHER_NAME_KEY: Good day, fisherman. How can I help you?"
1843,279017636340240384,Mayor,MAYOR_NAME_KEY,character speech,explicit,explicit speaker label,Fisherman! Have you run into a [C0]Photographer[/C0] on your travels? She docked here a few days ago for supplies.,MAYOR_NAME_KEY: Fisherman! Have you run into a [C0]Photographer[/C0] on your travels? She docked here a few days ago for supplies.
1844,279017636365406208,Mayor,MAYOR_NAME_KEY,character speech,explicit,explicit speaker label,I suggested that she take some pictures of the town - for promotional purposes - but she didn't seem too interested.,MAYOR_NAME_KEY: I suggested that she take some pictures of the town - for promotional purposes - but she didn't seem too interested.
1845,279017636365406209,Mayor,MAYOR_NAME_KEY,character speech,explicit,explicit speaker label,She mentioned she was heading [C0]South[/C0] - perhaps you should introduce yourself.,MAYOR_NAME_KEY: She mentioned she was heading [C0]South[/C0] - perhaps you should introduce yourself.
1846,279017636403154944,Travelling Merchant,TRAVELLING_MERCHANT_NAME_KEY,character speech,explicit,explicit speaker label,"Say, have you met the [C0]Photographer[/C0]? She stopped by my pontoon a little while back.","TRAVELLING_MERCHANT_NAME_KEY: Say, have you met the [C0]Photographer[/C0]? She stopped by my pontoon a little while back."
1847,279017636403154945,Travelling Merchant,TRAVELLING_MERCHANT_NAME_KEY,character speech,explicit,explicit speaker label,She's loaded up with fancy camera equipment to take pictures of all the wildlife.,TRAVELLING_MERCHANT_NAME_KEY: She's loaded up with fancy camera equipment to take pictures of all the wildlife.
1848,279017636403154946,Unattributed,,unattributed Yarn text,unknown,no speaker tag; cannot safely infer,She sighs wistfully.,She sighs wistfully.
1849,279017636403154947,Travelling Merchant,TRAVELLING_MERCHANT_NAME_KEY,character speech,explicit,explicit speaker label,I wish I had my own [C1]camera[/C1]. Wouldn't it be nice to be able to document everything you do? You'd never forget anything...,TRAVELLING_MERCHANT_NAME_KEY: I wish I had my own [C1]camera[/C1]. Wouldn't it be nice to be able to document everything you do? You'd never forget anything...
1850,279017636403154948,Travelling Merchant,TRAVELLING_MERCHANT_NAME_KEY,character speech,explicit,explicit speaker label,"Anyway, she said she was setting up on a small island to the [C0]South[/C0] of [C0]The Marrows[/C0]. If you're in the area, maybe you could check on her.","TRAVELLING_MERCHANT_NAME_KEY: Anyway, she said she was setting up on a small island to the [C0]South[/C0] of [C0]The Marrows[/C0]. If you're in the area, maybe you could check on her."
1851,286263959544205312,Painter,PAINTER_NAME_KEY,character speech,explicit,explicit speaker label,What can I help you with today?,PAINTER_NAME_KEY: What can I help you with today?
1852,286358330792808448,Player (action choice),,player action choice,inferred,bracketed interactive action,\[Back.\],\[Back.\]
1853,286358330792808449,Painter,PAINTER_NAME_KEY,character speech,explicit,explicit speaker label,What color do you want to paint the [C0]roof[/C0]?,PAINTER_NAME_KEY: What color do you want to paint the [C0]roof[/C0]?
1854,286358330792808450,Painter,PAINTER_NAME_KEY,character speech,explicit,explicit speaker label,"Alright, now let me prepare my brushes...","PAINTER_NAME_KEY: Alright, now let me prepare my brushes..."
1855,286358330797002752,Painter,PAINTER_NAME_KEY,character speech,explicit,explicit speaker label,"Mmm, much better. That color looks good.","PAINTER_NAME_KEY: Mmm, much better. That color looks good."
1856,286358330797002753,Painter,PAINTER_NAME_KEY,character speech,explicit,explicit speaker label,I don't have the right pigment to make that color. You'll need to bring me these [C3]crabs[/C3]:,PAINTER_NAME_KEY: I don't have the right pigment to make that color. You'll need to bring me these [C3]crabs[/C3]:
1857,286358330797002754,Painter,PAINTER_NAME_KEY,character speech,explicit,explicit speaker label,"A different color, perhaps?","PAINTER_NAME_KEY: A different color, perhaps?"
1858,286636517124804608,Unattributed,,unattributed Yarn text,unknown,no speaker tag; cannot safely infer,Deliver Flag.,Deliver Flag.
1859,286636517162553344,Unattributed,,unattributed Yarn text,unknown,no speaker tag; cannot safely infer,Deliver Flag.,Deliver Flag.
1860,286636517166747648,Painter,PAINTER_NAME_KEY,character speech,explicit,explicit speaker label,As you wish...,PAINTER_NAME_KEY: As you wish...
1861,286636517166747649,Painter,PAINTER_NAME_KEY,character speech,explicit,explicit speaker label,"So, you've found a scrap of fabric eh? Let me see...","PAINTER_NAME_KEY: So, you've found a scrap of fabric eh? Let me see..."
1862,286636517166747650,Painter,PAINTER_NAME_KEY,character speech,explicit,explicit speaker label,A unique design. Do you want to attach it now?,PAINTER_NAME_KEY: A unique design. Do you want to attach it now?
1863,286636517166747651,Player (choice),,player option,inferred,"first-person, question or response text without NPC label",Yes.,Yes.
1864,286636517166747652,Player (choice),,player option,inferred,"first-person, question or response text without NPC label",No.,No.
1865,286636517166747653,Painter,PAINTER_NAME_KEY,character speech,explicit,explicit speaker label,You don't seem to have any new flags with you. Come back when you find some.,PAINTER_NAME_KEY: You don't seem to have any new flags with you. Come back when you find some.
1866,286713968030978048,Unattributed,,unattributed Yarn text,unknown,no speaker tag; cannot safely infer,Sharp Mint.,Sharp Mint.
1867,286713968043560960,Unattributed,,unattributed Yarn text,unknown,no speaker tag; cannot safely infer,Maple Orange.,Maple Orange.
1868,286713968043560961,Unattributed,,unattributed Yarn text,unknown,no speaker tag; cannot safely infer,Royal Purple.,Royal Purple.
1869,286713968043560962,Unattributed,,unattributed Yarn text,unknown,no speaker tag; cannot safely infer,Golden Treasure.,Golden Treasure.
1870,286713968043560963,Unattributed,,unattributed Yarn text,unknown,no speaker tag; cannot safely infer,Black Abyss.,Black Abyss.
1871,287064896420515840,Painter,PAINTER_NAME_KEY,character speech,explicit,explicit speaker label,"Ah, the fisherman...I had thought you might stop by. Welcome to my humble studio.","PAINTER_NAME_KEY: Ah, the fisherman...I had thought you might stop by. Welcome to my humble studio."
1872,287064896433098752,Painter,PAINTER_NAME_KEY,character speech,explicit,explicit speaker label,"If you're wanting to...experiment with some decorations...yes, I'm the person to talk to.","PAINTER_NAME_KEY: If you're wanting to...experiment with some decorations...yes, I'm the person to talk to."
1873,287064896433098753,Player (choice),,player option,inferred,"first-person, question or response text without NPC label",What sort of decorations?,What sort of decorations?
1874,287064896433098754,Painter,PAINTER_NAME_KEY,character speech,explicit,explicit speaker label,I can attach [C0]flags[/C0] and [C0]bunting[/C0] to add some style to your boat. I have a design here already that you might like.,PAINTER_NAME_KEY: I can attach [C0]flags[/C0] and [C0]bunting[/C0] to add some style to your boat. I have a design here already that you might like.
1875,287064896433098755,Painter,PAINTER_NAME_KEY,character speech,explicit,explicit speaker label,"If you [C0]find any others[/C0] on your travels, [C0]bring them back to me[/C0] and I can rig them up for you.","PAINTER_NAME_KEY: If you [C0]find any others[/C0] on your travels, [C0]bring them back to me[/C0] and I can rig them up for you."
1876,287064896433098756,Painter,PAINTER_NAME_KEY,character speech,explicit,explicit speaker label,"Of course, I can also add a splash of [C0]colour[/C0] to your hull. I'm sorry to say that [C2]my selection of pigments limited at the moment[/C2], though...","PAINTER_NAME_KEY: Of course, I can also add a splash of [C0]colour[/C0] to your hull. I'm sorry to say that [C2]my selection of pigments limited at the moment[/C2], though..."
1877,287064896433098757,Player (choice),,player option,inferred,"first-person, question or response text without NPC label",Could I help find more pigments?,Could I help find more pigments?
1878,287064896433098758,Player (action choice),,player action choice,inferred,bracketed interactive action,\[Back.\],\[Back.\]
1879,287064896433098759,Painter,PAINTER_NAME_KEY,character speech,explicit,explicit speaker label,Hmm...,PAINTER_NAME_KEY: Hmm...
1880,287064896433098760,Unattributed,,unattributed Yarn text,unknown,no speaker tag; cannot safely infer,He thinks for a short while.,He thinks for a short while.
1881,287064896433098761,Painter,PAINTER_NAME_KEY,character speech,explicit,explicit speaker label,"The other day, down by the shoreline, I saw a [C3]strange crab[/C3] with the most strikingly vibrant coloration.","PAINTER_NAME_KEY: The other day, down by the shoreline, I saw a [C3]strange crab[/C3] with the most strikingly vibrant coloration."
1882,287064896433098762,Painter,PAINTER_NAME_KEY,character speech,explicit,explicit speaker label,"My knees aren't suited to clambering over rocks and chasing crustaceans, you see, but if you caught such a creature...","PAINTER_NAME_KEY: My knees aren't suited to clambering over rocks and chasing crustaceans, you see, but if you caught such a creature..."
1883,287064896433098763,Narrator / scene text,,narration,inferred,third-/second-person scene description,"He clears scraps of cloth and paper from his workbench, revealing a large pestle & mortar.","He clears scraps of cloth and paper from his workbench, revealing a large pestle & mortar."
1884,287064896433098764,Painter,PAINTER_NAME_KEY,character speech,explicit,explicit speaker label,With the right binding agent...we can grind them together for a new mixture...,PAINTER_NAME_KEY: With the right binding agent...we can grind them together for a new mixture...
1885,287064896433098765,Narrator / scene text,,narration,inferred,third-/second-person scene description,"He turns back to you, a cunning plan formed in his mind.","He turns back to you, a cunning plan formed in his mind."
1886,287064896433098766,Painter,PAINTER_NAME_KEY,character speech,explicit,explicit speaker label,Fisherman. Bring me some of those [C3]strange crabs[/C3]. We'll turn your vessel into a work of art!,PAINTER_NAME_KEY: Fisherman. Bring me some of those [C3]strange crabs[/C3]. We'll turn your vessel into a work of art!
1887,287064896433098767,Painter,PAINTER_NAME_KEY,character speech,explicit,explicit speaker label,"Yes, of course. As I mentioned previously, if you're able to [C3]bring me crabs of the most unusual colors[/C3], we can grind them up for their pigment.","PAINTER_NAME_KEY: Yes, of course. As I mentioned previously, if you're able to [C3]bring me crabs of the most unusual colors[/C3], we can grind them up for their pigment."
1888,287064896433098768,Player (choice),,player option,inferred,"first-person, question or response text without NPC label",What do you do here?,What do you do here?
1889,287064896433098769,Painter,PAINTER_NAME_KEY,character speech,explicit,explicit speaker label,That should be all we need...let me grind them together...,PAINTER_NAME_KEY: That should be all we need...let me grind them together...
1890,287064896433098770,Painter,PAINTER_NAME_KEY,character speech,explicit,explicit speaker label,That flag's been taken down for you now.,PAINTER_NAME_KEY: That flag's been taken down for you now.
1891,287064896433098771,Painter,PAINTER_NAME_KEY,character speech,explicit,explicit speaker label,"Okay, I've removed the bunting for now.","PAINTER_NAME_KEY: Okay, I've removed the bunting for now."
1892,287073026999128064,Painter,PAINTER_NAME_KEY,character speech,explicit,explicit speaker label,"But, ah, for now...","PAINTER_NAME_KEY: But, ah, for now..."
1893,288867811497938944,Painter,PAINTER_NAME_KEY,character speech,explicit,explicit speaker label,Have you tried searching to the [C0]North[/C0] of [C0]The Marrows[/C0]?,PAINTER_NAME_KEY: Have you tried searching to the [C0]North[/C0] of [C0]The Marrows[/C0]?
1894,288867811514716160,Painter,PAINTER_NAME_KEY,character speech,explicit,explicit speaker label,Have you tried searching to the [C0]South[/C0] of [C0]The Marrows[/C0]?,PAINTER_NAME_KEY: Have you tried searching to the [C0]South[/C0] of [C0]The Marrows[/C0]?
1895,288867811514716161,Painter,PAINTER_NAME_KEY,character speech,explicit,explicit speaker label,Have you tried searching around [C0]Gale Cliffs[/C0]?,PAINTER_NAME_KEY: Have you tried searching around [C0]Gale Cliffs[/C0]?
1896,288867811514716162,Painter,PAINTER_NAME_KEY,character speech,explicit,explicit speaker label,Have you tried searching around [C0]Stellar Basin[/C0]?,PAINTER_NAME_KEY: Have you tried searching around [C0]Stellar Basin[/C0]?
1897,288874556261732352,Painter,PAINTER_NAME_KEY,character speech,explicit,explicit speaker label,Have you tried searching around [C0]Twisted Strand[/C0]?,PAINTER_NAME_KEY: Have you tried searching around [C0]Twisted Strand[/C0]?
1898,288874556265926656,Painter,PAINTER_NAME_KEY,character speech,explicit,explicit speaker label,Have you tried searching around [C0]Devil's Spine[/C0]?,PAINTER_NAME_KEY: Have you tried searching around [C0]Devil's Spine[/C0]?
1899,289917227480829952,Painter,PAINTER_NAME_KEY,character speech,explicit,explicit speaker label,Although...you already have so many - I'm not sure there are any more out there...,PAINTER_NAME_KEY: Although...you already have so many - I'm not sure there are any more out there...
1900,298319190455144448,Travelling Merchant,TRAVELLING_MERCHANT_NAME_KEY,character speech,explicit,explicit speaker label,Down here to investigate the ice field too? It seems to have appeared out of nowhere - my best guess is that it drifted up from the south.,TRAVELLING_MERCHANT_NAME_KEY: Down here to investigate the ice field too? It seems to have appeared out of nowhere - my best guess is that it drifted up from the south.
1901,298319190484504576,Travelling Merchant,TRAVELLING_MERCHANT_NAME_KEY,character speech,explicit,explicit speaker label,"Either way, I thought I should set up a pontoon here - but when I went to stake my claim, I noticed some old equipment on the ice...","TRAVELLING_MERCHANT_NAME_KEY: Either way, I thought I should set up a pontoon here - but when I went to stake my claim, I noticed some old equipment on the ice..."
1902,298319190488698880,Travelling Merchant,TRAVELLING_MERCHANT_NAME_KEY,character speech,explicit,explicit speaker label,Come and check it out when you get a second.,TRAVELLING_MERCHANT_NAME_KEY: Come and check it out when you get a second.
1903,298319190488698881,Narrator / scene text,,narration,inferred,third-/second-person scene description,The Travelling Merchant has crossed over to the nearby iceberg and is inspecting some old pieces of metal. You approach.,The Travelling Merchant has crossed over to the nearby iceberg and is inspecting some old pieces of metal. You approach.
1904,298319190488698882,Travelling Merchant,TRAVELLING_MERCHANT_NAME_KEY,character speech,explicit,explicit speaker label,"It's so weird, this stuff seems old. Like, really old.","TRAVELLING_MERCHANT_NAME_KEY: It's so weird, this stuff seems old. Like, really old."
1905,298319190488698883,Narrator / scene text,,narration,inferred,third-/second-person scene description,"She kicks a large sheet of metal, half-embedded in the ice. A thin layer of snow dislodges, revealing lines of rivet holes.","She kicks a large sheet of metal, half-embedded in the ice. A thin layer of snow dislodges, revealing lines of rivet holes."
1906,298319190488698884,Travelling Merchant,TRAVELLING_MERCHANT_NAME_KEY,character speech,explicit,explicit speaker label,And come in here - look!,TRAVELLING_MERCHANT_NAME_KEY: And come in here - look!
1907,298319190488698885,Narrator / scene text,,narration,inferred,third-/second-person scene description,"You follow her into a small makeshift shelter, ruined by years of harsh weather. Inside are some schematics nailed to a table, still barely legible.","You follow her into a small makeshift shelter, ruined by years of harsh weather. Inside are some schematics nailed to a table, still barely legible."
1908,298319190488698886,Travelling Merchant,TRAVELLING_MERCHANT_NAME_KEY,character speech,explicit,explicit speaker label,See how they angled these sheets...and the lining of the metal around the bow...,TRAVELLING_MERCHANT_NAME_KEY: See how they angled these sheets...and the lining of the metal around the bow...
1909,298319190488698887,Travelling Merchant,TRAVELLING_MERCHANT_NAME_KEY,character speech,explicit,explicit speaker label,"Whoever was here, I think they were constructing an [C0]Icebreaker[/C0]!","TRAVELLING_MERCHANT_NAME_KEY: Whoever was here, I think they were constructing an [C0]Icebreaker[/C0]!"
1910,298319190488698888,Player (choice),,player option,inferred,"first-person, question or response text without NPC label",Could you make another one using these plans?,Could you make another one using these plans?
1911,298319190488698889,Travelling Merchant,TRAVELLING_MERCHANT_NAME_KEY,character speech,explicit,explicit speaker label,"Probably! But...ah, let me see...","TRAVELLING_MERCHANT_NAME_KEY: Probably! But...ah, let me see..."
1912,298319190488698890,Player (choice),,player option,inferred,"first-person, question or response text without NPC label",What's an Icebreaker?,What's an Icebreaker?
1913,298319190488698891,Travelling Merchant,TRAVELLING_MERCHANT_NAME_KEY,character speech,explicit,explicit speaker label,It's a reinforced structure attached to the front of ships to help them [C1]safely cut a path through ice[/C1].,TRAVELLING_MERCHANT_NAME_KEY: It's a reinforced structure attached to the front of ships to help them [C1]safely cut a path through ice[/C1].
1914,298319190488698892,Travelling Merchant,TRAVELLING_MERCHANT_NAME_KEY,character speech,explicit,explicit speaker label,"With these plans, I could probably make another...hmm...","TRAVELLING_MERCHANT_NAME_KEY: With these plans, I could probably make another...hmm..."
1915,298319190488698893,Narrator / scene text,,narration,inferred,third-/second-person scene description,She trudges outside again and paces out the length of the metal scraps on the ice.,She trudges outside again and paces out the length of the metal scraps on the ice.
1916,298319190488698894,Travelling Merchant,TRAVELLING_MERCHANT_NAME_KEY,character speech,explicit,explicit speaker label,"We've got most of the basic materials here already, but of course, we're [C2]missing the most crucial pieces[/C2].","TRAVELLING_MERCHANT_NAME_KEY: We've got most of the basic materials here already, but of course, we're [C2]missing the most crucial pieces[/C2]."
1917,298319190488698895,Travelling Merchant,TRAVELLING_MERCHANT_NAME_KEY,character speech,explicit,explicit speaker label,"An [C0]Icebreaker[/C0] needs [C0]specially tempered, angled metal[/C0], as well as [C0]components designed to minimize the impact[/C0] to your hull.","TRAVELLING_MERCHANT_NAME_KEY: An [C0]Icebreaker[/C0] needs [C0]specially tempered, angled metal[/C0], as well as [C0]components designed to minimize the impact[/C0] to your hull."
1918,298319190488698896,Travelling Merchant,TRAVELLING_MERCHANT_NAME_KEY,character speech,explicit,explicit speaker label,"I can't see any of those here, but...whoever left all this stuff here, maybe they left other pieces elsewhere?","TRAVELLING_MERCHANT_NAME_KEY: I can't see any of those here, but...whoever left all this stuff here, maybe they left other pieces elsewhere?"
1919,298319190488698897,Travelling Merchant,TRAVELLING_MERCHANT_NAME_KEY,character speech,explicit,explicit speaker label,Or maybe you'll be able to find their old ship and salvage the [C0]Icebreaker[/C0] they already built? That would be convenient! Anyway...,TRAVELLING_MERCHANT_NAME_KEY: Or maybe you'll be able to find their old ship and salvage the [C0]Icebreaker[/C0] they already built? That would be convenient! Anyway...
1920,298319190488698898,Travelling Merchant,TRAVELLING_MERCHANT_NAME_KEY,character speech,explicit,explicit speaker label,"To build a new [C0]Icebreaker[/C0], these are the parts we'll need.","TRAVELLING_MERCHANT_NAME_KEY: To build a new [C0]Icebreaker[/C0], these are the parts we'll need."
1921,298319190488698899,Travelling Merchant,TRAVELLING_MERCHANT_NAME_KEY,character speech,explicit,explicit speaker label,"That's everything! Let me just warm my hands up a little, then I'll get started...","TRAVELLING_MERCHANT_NAME_KEY: That's everything! Let me just warm my hands up a little, then I'll get started..."
1922,298319190488698900,Travelling Merchant,TRAVELLING_MERCHANT_NAME_KEY,character speech,explicit,explicit speaker label,"Alright, I think that should do it. [C0]The front of your ship can now break through chunks of ice[/C0]!","TRAVELLING_MERCHANT_NAME_KEY: Alright, I think that should do it. [C0]The front of your ship can now break through chunks of ice[/C0]!"
1923,298319190488698901,Travelling Merchant,TRAVELLING_MERCHANT_NAME_KEY,character speech,explicit,explicit speaker label,Go ahead and test it out! I'll be watching from here.,TRAVELLING_MERCHANT_NAME_KEY: Go ahead and test it out! I'll be watching from here.
1924,298319190492893184,Travelling Merchant,TRAVELLING_MERCHANT_NAME_KEY,character speech,explicit,explicit speaker label,"Oh, I forgot to mention - just let me know if you want to [C0]temporarily remove that Icebreaker[/C0]. I can swap it out at any of my pontoons.","TRAVELLING_MERCHANT_NAME_KEY: Oh, I forgot to mention - just let me know if you want to [C0]temporarily remove that Icebreaker[/C0]. I can swap it out at any of my pontoons."
1925,298616943462764544,Unattributed,,unattributed Yarn text,unknown,no speaker tag; cannot safely infer,The worksite is empty.,The worksite is empty.
1926,298616943462764545,Travelling Merchant,TRAVELLING_MERCHANT_NAME_KEY,character speech,explicit,explicit speaker label,"I've been looking through the schematics we found before, and there are plans here for another device too!","TRAVELLING_MERCHANT_NAME_KEY: I've been looking through the schematics we found before, and there are plans here for another device too!"
1927,298616943462764546,Travelling Merchant,TRAVELLING_MERCHANT_NAME_KEY,character speech,explicit,explicit speaker label,"They're for an [C0]Ice Shaper[/C0] - that's different to your [C0]Icebreaker[/C0], by the way - it's for cutting chunks of ice.","TRAVELLING_MERCHANT_NAME_KEY: They're for an [C0]Ice Shaper[/C0] - that's different to your [C0]Icebreaker[/C0], by the way - it's for cutting chunks of ice."
1928,298616943462764547,Travelling Merchant,TRAVELLING_MERCHANT_NAME_KEY,character speech,explicit,explicit speaker label,"If you find the [C2]missing device[/C2], I'll be able to use the machine to harvest [C0]ice blocks[/C0] for refrigeration!","TRAVELLING_MERCHANT_NAME_KEY: If you find the [C2]missing device[/C2], I'll be able to use the machine to harvest [C0]ice blocks[/C0] for refrigeration!"
1929,298616943462764548,Travelling Merchant,TRAVELLING_MERCHANT_NAME_KEY,character speech,explicit,explicit speaker label,"The [C0]blocks of ice[/C0] can be packed into your cargo to [C1]slow fish spoilage[/C1]. Pretty handy, right?","TRAVELLING_MERCHANT_NAME_KEY: The [C0]blocks of ice[/C0] can be packed into your cargo to [C1]slow fish spoilage[/C1]. Pretty handy, right?"
1930,298616943462764549,Travelling Merchant,TRAVELLING_MERCHANT_NAME_KEY,character speech,explicit,explicit speaker label,This is what the [C2]missing[/C2] [C0]Ice Shaper[/C0] looks like.,TRAVELLING_MERCHANT_NAME_KEY: This is what the [C2]missing[/C2] [C0]Ice Shaper[/C0] looks like.
1931,298616943462764550,Travelling Merchant,TRAVELLING_MERCHANT_NAME_KEY,character speech,explicit,explicit speaker label,You really found it! How on earth do you actually locate that stuff down there in the deep? Anyway...,TRAVELLING_MERCHANT_NAME_KEY: You really found it! How on earth do you actually locate that stuff down there in the deep? Anyway...
1932,298616943462764551,Travelling Merchant,TRAVELLING_MERCHANT_NAME_KEY,character speech,explicit,explicit speaker label,"Let me slot this blade in here and...yeah, that seems right...I think it's ready to start cutting!","TRAVELLING_MERCHANT_NAME_KEY: Let me slot this blade in here and...yeah, that seems right...I think it's ready to start cutting!"
1933,298616943466958848,Travelling Merchant,TRAVELLING_MERCHANT_NAME_KEY,character speech,explicit,explicit speaker label,"Blocks of ice, coming right up!","TRAVELLING_MERCHANT_NAME_KEY: Blocks of ice, coming right up!"
1934,298616943466958849,Travelling Merchant,TRAVELLING_MERCHANT_NAME_KEY,character speech,explicit,explicit speaker label,"That works pretty well! Here, these are on the house.","TRAVELLING_MERCHANT_NAME_KEY: That works pretty well! Here, these are on the house."
1935,298616943479541760,Travelling Merchant,TRAVELLING_MERCHANT_NAME_KEY,character speech,explicit,explicit speaker label,"From now on I'll be able to stock some of these ice blocks at my pontoons. Thanks, partner!","TRAVELLING_MERCHANT_NAME_KEY: From now on I'll be able to stock some of these ice blocks at my pontoons. Thanks, partner!"
1936,299009947304095744,Photographer,PHOTOGRAPHER_NAME_KEY,character speech,explicit,explicit speaker label,"Fisherman! I didn't expect to see you this far south. Well, this is a fortunate turn of events.","PHOTOGRAPHER_NAME_KEY: Fisherman! I didn't expect to see you this far south. Well, this is a fortunate turn of events."
1937,299009947316678656,Photographer,PHOTOGRAPHER_NAME_KEY,character speech,explicit,explicit speaker label,"Hmm, hello, I don't think we've met. A fisherman, I presume? Please, try to keep your engine noise to a minimum. It tends to frighten the wildlife.","PHOTOGRAPHER_NAME_KEY: Hmm, hello, I don't think we've met. A fisherman, I presume? Please, try to keep your engine noise to a minimum. It tends to frighten the wildlife."
1938,299009947316678657,Photographer,PHOTOGRAPHER_NAME_KEY,character speech,explicit,explicit speaker label,"There's a [C0]Narwhal[/C0] somewhere in this ice field. I couldn't get any further in, so I've been trying to take a picture from here with no luck.","PHOTOGRAPHER_NAME_KEY: There's a [C0]Narwhal[/C0] somewhere in this ice field. I couldn't get any further in, so I've been trying to take a picture from here with no luck."
1939,299009947316678658,Photographer,PHOTOGRAPHER_NAME_KEY,character speech,explicit,explicit speaker label,"I tried placing some scraps of fish on that ice sheet over there to entice it, but I didn't have enough to hold its attention for long enough. I only caught a glimpse.","PHOTOGRAPHER_NAME_KEY: I tried placing some scraps of fish on that ice sheet over there to entice it, but I didn't have enough to hold its attention for long enough. I only caught a glimpse."
1940,299009947316678659,Photographer,PHOTOGRAPHER_NAME_KEY,character speech,explicit,explicit speaker label,I don't suppose you have any fish you'd be prepared to donate to the pursuit of wildlife photography?,PHOTOGRAPHER_NAME_KEY: I don't suppose you have any fish you'd be prepared to donate to the pursuit of wildlife photography?
1941,299009947316678660,Photographer,PHOTOGRAPHER_NAME_KEY,character speech,explicit,explicit speaker label,"[C0]Fill the space[/C0] entirely with [C0]any fish[/C0] you like, I can't imagine the [C0]Narwhal[/C0] is too picky.","PHOTOGRAPHER_NAME_KEY: [C0]Fill the space[/C0] entirely with [C0]any fish[/C0] you like, I can't imagine the [C0]Narwhal[/C0] is too picky."
1942,299009947316678661,Photographer,PHOTOGRAPHER_NAME_KEY,character speech,explicit,explicit speaker label,"That's perfect. Now, cut your engines - we need to wait in complete silence.","PHOTOGRAPHER_NAME_KEY: That's perfect. Now, cut your engines - we need to wait in complete silence."
1943,299009947316678662,Photographer,PHOTOGRAPHER_NAME_KEY,character speech,explicit,explicit speaker label,Ssh! I think I hear something under the ice...,PHOTOGRAPHER_NAME_KEY: Ssh! I think I hear something under the ice...
1944,299009947316678663,Photographer,PHOTOGRAPHER_NAME_KEY,character speech,explicit,explicit speaker label,What on earth was that thing?! I'm not sticking around to find out!,PHOTOGRAPHER_NAME_KEY: What on earth was that thing?! I'm not sticking around to find out!
1945,299009947316678664,Narrator / scene text,,narration,inferred,third-/second-person scene description,The Photographer is hurriedly packing camera equipment into boxes. She seems very on edge.,The Photographer is hurriedly packing camera equipment into boxes. She seems very on edge.
1946,299009947316678665,Photographer,PHOTOGRAPHER_NAME_KEY,character speech,explicit,explicit speaker label,"You know, that was [C3]no regular Narwhal[/C3]. It seemed voracious and hyper-aggressive.","PHOTOGRAPHER_NAME_KEY: You know, that was [C3]no regular Narwhal[/C3]. It seemed voracious and hyper-aggressive."
1947,299009947316678666,Photographer,PHOTOGRAPHER_NAME_KEY,character speech,explicit,explicit speaker label,Animals like that tend to be very unpredictable. These ice fields aren't safe with that thing around...you should consider turning back.,PHOTOGRAPHER_NAME_KEY: Animals like that tend to be very unpredictable. These ice fields aren't safe with that thing around...you should consider turning back.
1948,299009947316678667,Photographer,PHOTOGRAPHER_NAME_KEY,character speech,explicit,explicit speaker label,I'll be out of here as soon as I've packed my things away.,PHOTOGRAPHER_NAME_KEY: I'll be out of here as soon as I've packed my things away.
1949,299388449014575104,Narrator / scene text,,narration,inferred,third-/second-person scene description,"A cold wind whistles through the doorway of the only cabin still standing. Behind it, a frozen-over dig site is littered with tools and debris.","A cold wind whistles through the doorway of the only cabin still standing. Behind it, a frozen-over dig site is littered with tools and debris."
1950,299388449018769408,Narrator / scene text,,narration,inferred,third-/second-person scene description,"You enter the small cabin, the door long since fallen from its hinges. A rotting table sits inside.","You enter the small cabin, the door long since fallen from its hinges. A rotting table sits inside."
1951,299388449018769409,Unattributed,,unattributed Yarn text,unknown,no speaker tag; cannot safely infer,"Fragments of the ice shard litter the floor, filling most of the room. The only thing not covered is an old table in front of you.","Fragments of the ice shard litter the floor, filling most of the room. The only thing not covered is an old table in front of you."
1952,299388449018769410,Narrator / scene text,,narration,inferred,third-/second-person scene description,"A [C0]massive shard of ice[/C0] rises from the floor inside, bursting through the ceiling. It fills the room, engulfing all but an old table in front of you.","A [C0]massive shard of ice[/C0] rises from the floor inside, bursting through the ceiling. It fills the room, engulfing all but an old table in front of you."
1953,299388449018769411,Player (choice),,player option,inferred,"first-person, question or response text without NPC label",What do you want to do?,What do you want to do?
1954,299388449018769412,Player (action choice),,player action choice,inferred,bracketed interactive action,\[Open the book.\],\[Open the book.\]
1955,299388449018769413,Player (action choice),,player action choice,inferred,bracketed interactive action,\[Inspect the empty table.\],\[Inspect the empty table.\]
1956,299388449018769414,Player (action choice),,player action choice,inferred,bracketed interactive action,\[Inspect the shard of ice.\],\[Inspect the shard of ice.\]
1957,299388449018769415,Player (action choice),,player action choice,inferred,bracketed interactive action,\[Leave.\],\[Leave.\]
1958,299388449018769416,Narrator / scene text,,narration,inferred,third-/second-person scene description,"You open the book, its frozen spine cracking for the first time in decades. Which entry do you want to read?","You open the book, its frozen spine cracking for the first time in decades. Which entry do you want to read?"
1959,299388449018769417,Narrator / scene text,,narration,inferred,third-/second-person scene description,"With great care, you carefully turn to one of the earlier pages.","With great care, you carefully turn to one of the earlier pages."
1960,299388449018769418,Captain's Log,CAPTAINS_LOG_NAME_KEY,attributed written text,explicit,explicit speaker label,The vessel was pursued by a particularly [C2]aggressive Narwhal[/C2]. Some men [C0]placed fish on the ice nearby[/C0] in an effort to distract it.,CAPTAINS_LOG_NAME_KEY: The vessel was pursued by a particularly [C2]aggressive Narwhal[/C2]. Some men [C0]placed fish on the ice nearby[/C0] in an effort to distract it.
1961,299388449018769419,Captain's Log,CAPTAINS_LOG_NAME_KEY,attributed written text,explicit,explicit speaker label,"It appeared to work, though only for a time. It resurfaced and needed satiating repeatedly.","CAPTAINS_LOG_NAME_KEY: It appeared to work, though only for a time. It resurfaced and needed satiating repeatedly."
1962,299388449018769420,Captain's Log,CAPTAINS_LOG_NAME_KEY,attributed written text,explicit,explicit speaker label,"If we can't find a more permanent solution to the beast, we'll have to make sure we keep [C0]enough fish on hand to placate it[/C0].","CAPTAINS_LOG_NAME_KEY: If we can't find a more permanent solution to the beast, we'll have to make sure we keep [C0]enough fish on hand to placate it[/C0]."
1963,299388449018769421,Narrator / scene text,,narration,inferred,third-/second-person scene description,"A few other entries appear to be legible, so you add them to your cabin to read later.","A few other entries appear to be legible, so you add them to your cabin to read later."
1964,299388449018769422,Narrator / scene text,,narration,inferred,third-/second-person scene description,"The table is empty, save for some ancient scratches in the rotten wood.","The table is empty, save for some ancient scratches in the rotten wood."
1965,299388449018769423,Unattributed,,unattributed Yarn text,unknown,no speaker tag; cannot safely infer,"Light pierces through the ice, intensifying and concentrating into a glow in the center. A [C3]dark form[/C3] takes shape against the light.","Light pierces through the ice, intensifying and concentrating into a glow in the center. A [C3]dark form[/C3] takes shape against the light."
1966,299388449018769424,Player (action choice),,player action choice,inferred,bracketed interactive action,\[Place an ear to the ice.\],\[Place an ear to the ice.\]
1967,299388449018769425,Player (action choice),,player action choice,inferred,bracketed interactive action,\[Step away.\],\[Step away.\]
1968,299388449018769426,Unattributed,,unattributed Yarn text,unknown,no speaker tag; cannot safely infer,A distorted voice echoes from within.,A distorted voice echoes from within.
1969,299388449018769427,Soul (Middle),SOUL_MIDDLE_NAME_KEY,character speech,explicit,explicit speaker label,Don't... disturb... the ice...,SOUL_MIDDLE_NAME_KEY: Don't... disturb... the ice...
1970,299388449022963712,Narrator / scene text,,narration,inferred,third-/second-person scene description,"You return to the shard of ice, a [C3]dark form[/C3] still shimmering deep within.","You return to the shard of ice, a [C3]dark form[/C3] still shimmering deep within."
1971,299388449022963713,Soul (Middle),SOUL_MIDDLE_NAME_KEY,character speech,explicit,explicit speaker label,...,SOUL_MIDDLE_NAME_KEY: ...
1972,299388449022963714,Player (choice),,player option,inferred,"first-person, question or response text without NPC label",Who are you?,Who are you?
1973,299388449022963715,Player (choice),,player option,inferred,"first-person, question or response text without NPC label",What happened here?,What happened here?
1974,299388449022963716,Player (action choice),,player action choice,inferred,bracketed interactive action,\[Break the ice.\],\[Break the ice.\]
1975,299388449022963717,Player (action choice),,player action choice,inferred,bracketed interactive action,\[Leave.\],\[Leave.\]
1976,299388449022963718,Soul (Middle),SOUL_MIDDLE_NAME_KEY,character speech,explicit,explicit speaker label,[C0]Captain[/C0]... the expedition... chart the ice field... appeared suddenly... through the ice...,SOUL_MIDDLE_NAME_KEY: [C0]Captain[/C0]... the expedition... chart the ice field... appeared suddenly... through the ice...
1977,299388449022963719,Soul (Middle),SOUL_MIDDLE_NAME_KEY,character speech,explicit,explicit speaker label,It whispered... promised... stones from the stars...,SOUL_MIDDLE_NAME_KEY: It whispered... promised... stones from the stars...
1978,299388449022963720,Soul (Middle),SOUL_MIDDLE_NAME_KEY,character speech,explicit,explicit speaker label,It knew... three would hear... the heart... beneath the ice...,SOUL_MIDDLE_NAME_KEY: It knew... three would hear... the heart... beneath the ice...
1979,299388449022963721,Unattributed,,unattributed Yarn text,unknown,no speaker tag; cannot safely infer,The voice grows louder.,The voice grows louder.
1980,299388449022963722,Soul (Middle),SOUL_MIDDLE_NAME_KEY,character speech,explicit,explicit speaker label,It commanded... three listeners... three sacrifices... for three eyes...,SOUL_MIDDLE_NAME_KEY: It commanded... three listeners... three sacrifices... for three eyes...
1981,299388449022963723,Soul (Middle),SOUL_MIDDLE_NAME_KEY,character speech,explicit,explicit speaker label,I obeyed... but... a fourth... now sees... forever... futile...,SOUL_MIDDLE_NAME_KEY: I obeyed... but... a fourth... now sees... forever... futile...
1982,299388449022963724,Unattributed,,unattributed Yarn text,unknown,no speaker tag; cannot safely infer,The shadow is silent for a time.,The shadow is silent for a time.
1983,299388449022963725,Soul (Middle),SOUL_MIDDLE_NAME_KEY,character speech,explicit,explicit speaker label,Slumbering... still... should leave... it sees you... before it whispers...,SOUL_MIDDLE_NAME_KEY: Slumbering... still... should leave... it sees you... before it whispers...
1984,299388449022963726,Soul (Middle),SOUL_MIDDLE_NAME_KEY,character speech,explicit,explicit speaker label,Do not... risk breaking... it senses... through the ice... through the shadows... no hope...,SOUL_MIDDLE_NAME_KEY: Do not... risk breaking... it senses... through the ice... through the shadows... no hope...
1985,299388449022963727,Narrator / scene text,,narration,inferred,third-/second-person scene description,"You strike hard against the center of the shard where the shadowy shape appears darkest. A deep crack chases upwards, cleaving away fragments that fall and shatter.","You strike hard against the center of the shard where the shadowy shape appears darkest. A deep crack chases upwards, cleaving away fragments that fall and shatter."
1986,299388449022963728,Narrator / scene text,,narration,inferred,third-/second-person scene description,"The structure peels open, split to its core. A glistening stone lies cradled by broken shapes, wispy threads of starlight trailing from it.","The structure peels open, split to its core. A glistening stone lies cradled by broken shapes, wispy threads of starlight trailing from it."
1987,299388449022963729,Unattributed,,unattributed Yarn text,unknown,no speaker tag; cannot safely infer,You take the stone and leave.,You take the stone and leave.
1988,299740934984069120,Narrator / scene text,,narration,inferred,third-/second-person scene description,"You dock against a small platform of ice formed around a gigantic, clawed hand. You are not the first to find this place - remnants of a long-abandoned camp litter the ice.","You dock against a small platform of ice formed around a gigantic, clawed hand. You are not the first to find this place - remnants of a long-abandoned camp litter the ice."
1989,299740934984069121,Narrator / scene text,,narration,inferred,third-/second-person scene description,A pile of icy splinters mark the place where the spire fell.,A pile of icy splinters mark the place where the spire fell.
1990,299740934984069122,Narrator / scene text,,narration,inferred,third-/second-person scene description,An unnatural spire of ice stands above scraps of snowed-over equipment. A dark shape twists within.,An unnatural spire of ice stands above scraps of snowed-over equipment. A dark shape twists within.
1991,299740934988263424,Player (action choice),,player action choice,inferred,bracketed interactive action,\[Place an ear to the ice.\],\[Place an ear to the ice.\]
1992,299740934988263425,Player (choice),,player option,inferred,"first-person, question or response text without NPC label",Who are you?,Who are you?
1993,299740934988263426,Player (choice),,player option,inferred,"first-person, question or response text without NPC label",What happened?,What happened?
1994,299740934988263427,Player (action choice),,player action choice,inferred,bracketed interactive action,\[Break the ice.\],\[Break the ice.\]
1995,299740934988263428,Player (action choice),,player action choice,inferred,bracketed interactive action,\[Leave.\],\[Leave.\]
1996,299740934988263429,Soul (East),SOUL_EAST_NAME_KEY,character speech,explicit,explicit speaker label,Please... break the ice...,SOUL_EAST_NAME_KEY: Please... break the ice...
1997,299740934988263430,Narrator / scene text,,narration,inferred,third-/second-person scene description,An anguished voice cries from deep within the ice...,An anguished voice cries from deep within the ice...
1998,299740934988263431,Soul (East),SOUL_EAST_NAME_KEY,character speech,explicit,explicit speaker label,Help me... frozen... so many years... free me...,SOUL_EAST_NAME_KEY: Help me... frozen... so many years... free me...
1999,299740934988263432,Soul (East),SOUL_EAST_NAME_KEY,character speech,explicit,explicit speaker label,I was... I am... the [C0]Boatswain[/C0]... the expedition... the Terror...,SOUL_EAST_NAME_KEY: I was... I am... the [C0]Boatswain[/C0]... the expedition... the Terror...
2000,299740934988263433,Unattributed,,unattributed Yarn text,unknown,no speaker tag; cannot safely infer,The figure contorts through painful shapes.,The figure contorts through painful shapes.
2001,299740934988263434,Soul (East),SOUL_EAST_NAME_KEY,character speech,explicit,explicit speaker label,We saw... lights... dancing in ice... dug deep... didn't know... I heard it...,SOUL_EAST_NAME_KEY: We saw... lights... dancing in ice... dug deep... didn't know... I heard it...
2002,299740934988263435,Soul (East),SOUL_EAST_NAME_KEY,character speech,explicit,explicit speaker label,The heart... beating... under ice... the cracking... waking... the noises... in the east...,SOUL_EAST_NAME_KEY: The heart... beating... under ice... the cracking... waking... the noises... in the east...
2003,299740934988263436,Soul (East),SOUL_EAST_NAME_KEY,character speech,explicit,explicit speaker label,I went... the Captain... brought him here... to find it... the hand... in the night... shadow of claws...,SOUL_EAST_NAME_KEY: I went... the Captain... brought him here... to find it... the hand... in the night... shadow of claws...
2004,299740934988263437,Unattributed,,unattributed Yarn text,unknown,no speaker tag; cannot safely infer,The darkness shrinks.,The darkness shrinks.
2005,299740934988263438,Soul (East),SOUL_EAST_NAME_KEY,character speech,explicit,explicit speaker label,I turned away... just a moment... the pain... the claws... my back... so cold... so dark... under ice...,SOUL_EAST_NAME_KEY: I turned away... just a moment... the pain... the claws... my back... so cold... so dark... under ice...
2006,299740934988263439,Soul (East),SOUL_EAST_NAME_KEY,character speech,explicit,explicit speaker label,Silence it... you must... shatter...,SOUL_EAST_NAME_KEY: Silence it... you must... shatter...
2007,299740934988263440,Unattributed,,unattributed Yarn text,unknown,no speaker tag; cannot safely infer,Splinters of ice are all that remain.,Splinters of ice are all that remain.
2008,299740934988263441,Narrator / scene text,,narration,inferred,third-/second-person scene description,A line describing the dock upon your first arrival.,A line describing the dock upon your first arrival.
2009,299740934988263442,Narrator / scene text,,narration,inferred,third-/second-person scene description,"The site of a final escape, and a greater eye closed shut.","The site of a final escape, and a greater eye closed shut."
2010,299740934988263443,Narrator / scene text,,narration,inferred,third-/second-person scene description,"A spire of glassy ice stands in the shadow of the cliffs. Across the water, a monstrous visage peers from an icy tomb.","A spire of glassy ice stands in the shadow of the cliffs. Across the water, a monstrous visage peers from an icy tomb."
2011,299740934988263444,Player (action choice),,player action choice,inferred,bracketed interactive action,\[Place an ear to the ice.\],\[Place an ear to the ice.\]
2012,299740934988263445,Player (choice),,player option,inferred,"first-person, question or response text without NPC label",Who are you?,Who are you?
2013,299740934988263446,Player (choice),,player option,inferred,"first-person, question or response text without NPC label",What happened?,What happened?
2014,299740934988263447,Player (choice),,player option,inferred,"first-person, question or response text without NPC label",What is that thing in the ice?,What is that thing in the ice?
2015,299740934988263448,Player (action choice),,player action choice,inferred,bracketed interactive action,\[Break the ice.\],\[Break the ice.\]
2016,299740934988263449,Player (action choice),,player action choice,inferred,bracketed interactive action,\[Leave.\],\[Leave.\]
2017,299740934988263450,Soul (South),SOUL_SOUTH_NAME_KEY,character speech,explicit,explicit speaker label,[C0]Find the axe[/C0]... undo this... the betrayer...,SOUL_SOUTH_NAME_KEY: [C0]Find the axe[/C0]... undo this... the betrayer...
2018,299740934988263451,Unattributed,,unattributed Yarn text,unknown,no speaker tag; cannot safely infer,A sound of anger lashes from within.,A sound of anger lashes from within.
2019,299740934988263452,Soul (South),SOUL_SOUTH_NAME_KEY,character speech,explicit,explicit speaker label,Murderer... betray your men... left us here... your sleepless god...,SOUL_SOUTH_NAME_KEY: Murderer... betray your men... left us here... your sleepless god...
2020,299740934988263453,Unattributed,,unattributed Yarn text,unknown,no speaker tag; cannot safely infer,The voice abates.,The voice abates.
2021,299740934988263454,Soul (South),SOUL_SOUTH_NAME_KEY,character speech,explicit,explicit speaker label,Wait... your shadow... it speaks... another shape... please... save us all...,SOUL_SOUTH_NAME_KEY: Wait... your shadow... it speaks... another shape... please... save us all...
2022,299740934988263455,Soul (South),SOUL_SOUTH_NAME_KEY,character speech,explicit,explicit speaker label,[C0]First Officer[/C0]... safety of the crew... failed them... should have... cursed place...,SOUL_SOUTH_NAME_KEY: [C0]First Officer[/C0]... safety of the crew... failed them... should have... cursed place...
2023,299740934988263456,Soul (South),SOUL_SOUTH_NAME_KEY,character speech,explicit,explicit speaker label,The men... saw lights... southern cliffs... at night... Captain and I... would look into... we rowed alone...,SOUL_SOUTH_NAME_KEY: The men... saw lights... southern cliffs... at night... Captain and I... would look into... we rowed alone...
2024,299740934988263457,Soul (South),SOUL_SOUTH_NAME_KEY,character speech,explicit,explicit speaker label,He was... restless... sleepless... we passed... walls of ice... finally arrived... the great horn... into view...,SOUL_SOUTH_NAME_KEY: He was... restless... sleepless... we passed... walls of ice... finally arrived... the great horn... into view...
2025,299740934988263458,Narrator / scene text,,narration,inferred,third-/second-person scene description,"The words drift in, some carried away on the wind.","The words drift in, some carried away on the wind."
2026,299740934988263459,Soul (South),SOUL_SOUTH_NAME_KEY,character speech,explicit,explicit speaker label,Pulled ashore... quickly... the size of it... the light... somehow... he knew... eyes were wild... he was... whispering... answering...,SOUL_SOUTH_NAME_KEY: Pulled ashore... quickly... the size of it... the light... somehow... he knew... eyes were wild... he was... whispering... answering...
2027,299740934988263460,Soul (South),SOUL_SOUTH_NAME_KEY,character speech,explicit,explicit speaker label,He said... it chose him... alone... avert my eyes... could not help... look upon... we fought... cold hands... an iron grip... breathless...,SOUL_SOUTH_NAME_KEY: He said... it chose him... alone... avert my eyes... could not help... look upon... we fought... cold hands... an iron grip... breathless...
2028,299740934988263461,Unattributed,,unattributed Yarn text,unknown,no speaker tag; cannot safely infer,The shape in the ice shrinks into itself.,The shape in the ice shrinks into itself.
2029,299740934988263462,Soul (South),SOUL_SOUTH_NAME_KEY,character speech,explicit,explicit speaker label,I know not... the eyes open... watching... shadow of shadow... through the ice... yet more... closed still...,SOUL_SOUTH_NAME_KEY: I know not... the eyes open... watching... shadow of shadow... through the ice... yet more... closed still...
2030,299740934988263463,Soul (South),SOUL_SOUTH_NAME_KEY,character speech,explicit,explicit speaker label,It cannot... arise... break the ice... cull the heart...,SOUL_SOUTH_NAME_KEY: It cannot... arise... break the ice... cull the heart...
2031,299740934988263464,Soul (South),SOUL_SOUTH_NAME_KEY,character speech,explicit,explicit speaker label,Must not... fully awaken... the eyes... close them... strike the heart...,SOUL_SOUTH_NAME_KEY: Must not... fully awaken... the eyes... close them... strike the heart...
2032,299740934988263465,Unattributed,,unattributed Yarn text,unknown,no speaker tag; cannot safely infer,"Another makeshift camp constructed in the shadow of a frozen, clawed hand. Someone was seeking these out.","Another makeshift camp constructed in the shadow of a frozen, clawed hand. Someone was seeking these out."
2033,299740934988263466,Narrator / scene text,,narration,inferred,third-/second-person scene description,A pile of icy splinters marks the place where the spire fell.,A pile of icy splinters marks the place where the spire fell.
2034,299740934988263467,Narrator / scene text,,narration,inferred,third-/second-person scene description,An unnatural spire of ice stands above scraps of snowed-over equipment. A dark shape twists within.,An unnatural spire of ice stands above scraps of snowed-over equipment. A dark shape twists within.
2035,299740934988263468,Player (action choice),,player action choice,inferred,bracketed interactive action,\[Place an ear to the ice.\],\[Place an ear to the ice.\]
2036,299740934988263469,Player (choice),,player option,inferred,"first-person, question or response text without NPC label",Who are you?,Who are you?
2037,299740934988263470,Player (choice),,player option,inferred,"first-person, question or response text without NPC label",What happened?,What happened?
2038,299740934988263471,Player (action choice),,player action choice,inferred,bracketed interactive action,\[Break the ice.\],\[Break the ice.\]
2039,299740934988263472,Player (action choice),,player action choice,inferred,bracketed interactive action,\[Leave.\],\[Leave.\]
2040,299740934988263473,Soul (West),SOUL_WEST_NAME_KEY,character speech,explicit,explicit speaker label,Break it... somehow... free me...,SOUL_WEST_NAME_KEY: Break it... somehow... free me...
2041,299740934988263474,Unattributed,,unattributed Yarn text,unknown,no speaker tag; cannot safely infer,"A voice calls out, distant and distorted.","A voice calls out, distant and distorted."
2042,299740934988263475,Soul (West),SOUL_WEST_NAME_KEY,character speech,explicit,explicit speaker label,Trapped... forever... this prison... get me out...,SOUL_WEST_NAME_KEY: Trapped... forever... this prison... get me out...
2043,299740934988263476,Soul (West),SOUL_WEST_NAME_KEY,character speech,explicit,explicit speaker label,The [C0]Navigator[/C0]... find safe passage... chart the ice... it came from... beyond...,SOUL_WEST_NAME_KEY: The [C0]Navigator[/C0]... find safe passage... chart the ice... it came from... beyond...
2044,299740934988263477,Soul (West),SOUL_WEST_NAME_KEY,character speech,explicit,explicit speaker label,The digging... the cracked ice... like a web... awoke... the ice heart...,SOUL_WEST_NAME_KEY: The digging... the cracked ice... like a web... awoke... the ice heart...
2045,299740934988263478,Soul (West),SOUL_WEST_NAME_KEY,character speech,explicit,explicit speaker label,I told him... whispers in the west... took the Boatswain... east... returned alone...,SOUL_WEST_NAME_KEY: I told him... whispers in the west... took the Boatswain... east... returned alone...
2046,299740934988263479,Narrator / scene text,,narration,inferred,third-/second-person scene description,"The dark figure shudders, sending vibrations through the ice.","The dark figure shudders, sending vibrations through the ice."
2047,299740934988263480,Soul (West),SOUL_WEST_NAME_KEY,character speech,explicit,explicit speaker label,The next day... rowed here... the Captain... saw the claws... grip my soul... he insisted... made camp... shadow of the beast...,SOUL_WEST_NAME_KEY: The next day... rowed here... the Captain... saw the claws... grip my soul... he insisted... made camp... shadow of the beast...
2048,299740934988263481,Soul (West),SOUL_WEST_NAME_KEY,character speech,explicit,explicit speaker label,Waiting for the stars... in the night... I saw... his shape... suddenly... swallowed... by the cold... in the dark... he left me...,SOUL_WEST_NAME_KEY: Waiting for the stars... in the night... I saw... his shape... suddenly... swallowed... by the cold... in the dark... he left me...
2049,299740934988263482,Soul (West),SOUL_WEST_NAME_KEY,character speech,explicit,explicit speaker label,This cold sun... warmth long forgot... no more... break me...,SOUL_WEST_NAME_KEY: This cold sun... warmth long forgot... no more... break me...
2050,300100449071951872,Soul (Middle),SOUL_MIDDLE_NAME_KEY,character speech,explicit,explicit speaker label,The [C0]Boatswain[/C0]... gone... fearful boy... the skies... we remain... the consequences... inherited...,SOUL_MIDDLE_NAME_KEY: The [C0]Boatswain[/C0]... gone... fearful boy... the skies... we remain... the consequences... inherited...
2051,300100449088729088,Soul (Middle),SOUL_MIDDLE_NAME_KEY,character speech,explicit,explicit speaker label,The [C0]Navigator[/C0]... my eyes... for the shadow... closing... you risk... annihilation... annihilation...,SOUL_MIDDLE_NAME_KEY: The [C0]Navigator[/C0]... my eyes... for the shadow... closing... you risk... annihilation... annihilation...
2052,300100449088729089,Soul (Middle),SOUL_MIDDLE_NAME_KEY,character speech,explicit,explicit speaker label,[C0]Officer[/C0]... unworthy... tried to take... turn the men... my expedition... my discovery... his failure...,SOUL_MIDDLE_NAME_KEY: [C0]Officer[/C0]... unworthy... tried to take... turn the men... my expedition... my discovery... his failure...
2053,301512130354663424,Narrator / scene text,,narration,inferred,third-/second-person scene description,"A translucent spire of ice stretches down into the darkness. A pulsing glow rises from the deep, illuminating [C0]four round sockets[/C0].","A translucent spire of ice stretches down into the darkness. A pulsing glow rises from the deep, illuminating [C0]four round sockets[/C0]."
2054,301512130384023552,Narrator / scene text,,narration,inferred,third-/second-person scene description,"The glowing light intensifies, feeding into the four stones. A web of light grows between them, connecting, rejoining. Uniting.","The glowing light intensifies, feeding into the four stones. A web of light grows between them, connecting, rejoining. Uniting."
2055,301512130384023553,Unattributed,,unattributed Yarn text,unknown,no speaker tag; cannot safely infer,Leaving fish here would probably attract that [C3]monstrous Narwhal[/C3].,Leaving fish here would probably attract that [C3]monstrous Narwhal[/C3].
2056,301518067538776064,Unattributed,,unattributed Yarn text,unknown,no speaker tag; cannot safely infer,That should keep it [C1]satisfied[/C1] - at least for a [C0]little while[/C0].,That should keep it [C1]satisfied[/C1] - at least for a [C0]little while[/C0].
2057,301594335093379072,Unattributed,,unattributed Yarn text,unknown,no speaker tag; cannot safely infer,No more fish will fit on the pile.,No more fish will fit on the pile.
2058,301863303513010176,Player (choice),,player option,inferred,"first-person, question or response text without NPC label",What is this place?,What is this place?
2059,301863303529787392,Player (choice),,player option,inferred,"first-person, question or response text without NPC label",I'd like to re-attach the Icebreaker.,I'd like to re-attach the Icebreaker.
2060,301863303529787393,Player (choice),,player option,inferred,"first-person, question or response text without NPC label",I'd like to remove the Icebreaker.,I'd like to remove the Icebreaker.
2061,301863303546564608,Travelling Merchant,TRAVELLING_MERCHANT_NAME_KEY,character speech,explicit,explicit speaker label,"In the meantime, I've got some [C0]new rods for sale[/C0]! They'll be perfect for [C0]fishing in the ice[/C0] around here.","TRAVELLING_MERCHANT_NAME_KEY: In the meantime, I've got some [C0]new rods for sale[/C0]! They'll be perfect for [C0]fishing in the ice[/C0] around here."
2062,301863303546564609,Travelling Merchant,TRAVELLING_MERCHANT_NAME_KEY,character speech,explicit,explicit speaker label,"I'm not exactly sure yet, but I have a theory...have you heard the legend of [C0]The Pale Reach[/C0]? It's an old sailor's tale.","TRAVELLING_MERCHANT_NAME_KEY: I'm not exactly sure yet, but I have a theory...have you heard the legend of [C0]The Pale Reach[/C0]? It's an old sailor's tale."
2063,301863303546564610,Travelling Merchant,TRAVELLING_MERCHANT_NAME_KEY,character speech,explicit,explicit speaker label,"The story goes that when the fog grows thick enough, the ice appears, seemingly out of nowhere. Hours later, or sometimes days, it vanishes again without a trace.","TRAVELLING_MERCHANT_NAME_KEY: The story goes that when the fog grows thick enough, the ice appears, seemingly out of nowhere. Hours later, or sometimes days, it vanishes again without a trace."
2064,301863303546564611,Travelling Merchant,TRAVELLING_MERCHANT_NAME_KEY,character speech,explicit,explicit speaker label,"Back in the olden days, they sent a survey expedition in to investigate. Apparently, it returned with half the crew - either from mutiny or madness.","TRAVELLING_MERCHANT_NAME_KEY: Back in the olden days, they sent a survey expedition in to investigate. Apparently, it returned with half the crew - either from mutiny or madness."
2065,301863303546564612,Travelling Merchant,TRAVELLING_MERCHANT_NAME_KEY,character speech,explicit,explicit speaker label,"Travel on the high seas in those days will do that to you, I guess! Anyway, I'm not sure about this place. It could just be regular old ice.","TRAVELLING_MERCHANT_NAME_KEY: Travel on the high seas in those days will do that to you, I guess! Anyway, I'm not sure about this place. It could just be regular old ice."
2066,301863303546564613,Travelling Merchant,TRAVELLING_MERCHANT_NAME_KEY,character speech,explicit,explicit speaker label,"Sure, give me a moment. I've got it stored back here somewhere...","TRAVELLING_MERCHANT_NAME_KEY: Sure, give me a moment. I've got it stored back here somewhere..."
2067,301863303546564614,Travelling Merchant,TRAVELLING_MERCHANT_NAME_KEY,character speech,explicit,explicit speaker label,All done - you're ready to smash some ice!,TRAVELLING_MERCHANT_NAME_KEY: All done - you're ready to smash some ice!
2068,301863303546564615,Travelling Merchant,TRAVELLING_MERCHANT_NAME_KEY,character speech,explicit,explicit speaker label,"Sure, give me a moment. I'll need to find some space for it onboard...","TRAVELLING_MERCHANT_NAME_KEY: Sure, give me a moment. I'll need to find some space for it onboard..."
2069,301863303546564616,Travelling Merchant,TRAVELLING_MERCHANT_NAME_KEY,character speech,explicit,explicit speaker label,"Alright, that's sorted! I'll keep it with me for when you need it reattached.","TRAVELLING_MERCHANT_NAME_KEY: Alright, that's sorted! I'll keep it with me for when you need it reattached."
2070,302183418150416384,Narrator / scene text,,narration,inferred,third-/second-person scene description,A crudely drawn map of the area has been charted onto a scrap of paper. [C1]You attach it to your own map[/C1].,A crudely drawn map of the area has been charted onto a scrap of paper. [C1]You attach it to your own map[/C1].
2071,302183418167193600,Narrator / scene text,,narration,inferred,third-/second-person scene description,"A large book sits on the table. It's well-worn from the passage of time, but you can still read the words ""Captain's Log"" etched into the cover.","A large book sits on the table. It's well-worn from the passage of time, but you can still read the words ""Captain's Log"" etched into the cover."
2072,302183418167193601,Unattributed,,unattributed Yarn text,unknown,no speaker tag; cannot safely infer,Which entry do you want to read?,Which entry do you want to read?
2073,302183418167193602,Unattributed,,unattributed Yarn text,unknown,no speaker tag; cannot safely infer,"30th May, 1847","30th May, 1847"
2074,302183418167193603,Unattributed,,unattributed Yarn text,unknown,no speaker tag; cannot safely infer,"31st May, 1847","31st May, 1847"
2075,302183418167193604,Unattributed,,unattributed Yarn text,unknown,no speaker tag; cannot safely infer,"1st June, 1847","1st June, 1847"
2076,302183418167193605,Unattributed,,unattributed Yarn text,unknown,no speaker tag; cannot safely infer,"2nd June, 1847","2nd June, 1847"
2077,302183418167193606,Unattributed,,unattributed Yarn text,unknown,no speaker tag; cannot safely infer,"4th June, 1847","4th June, 1847"
2078,302183418167193607,Unattributed,,unattributed Yarn text,unknown,no speaker tag; cannot safely infer,"5th June, 1847","5th June, 1847"
2079,302183418167193608,Player (action choice),,player action choice,inferred,bracketed interactive action,\[Leave.\],\[Leave.\]
2080,302183418167193609,Captain's Log,CAPTAINS_LOG_NAME_KEY,attributed written text,explicit,explicit speaker label,"Arrived at the floating sea-ice amidst a particularly thick fog. A few channels could be seen leading into the ice, though sizeable chunks float in our way, posing a hazard.","CAPTAINS_LOG_NAME_KEY: Arrived at the floating sea-ice amidst a particularly thick fog. A few channels could be seen leading into the ice, though sizeable chunks float in our way, posing a hazard."
2081,302183418167193610,Captain's Log,CAPTAINS_LOG_NAME_KEY,attributed written text,explicit,explicit speaker label,I have ordered us to moor against the outer ice wall while the engineers make adjustments to better prepare the vessel.,CAPTAINS_LOG_NAME_KEY: I have ordered us to moor against the outer ice wall while the engineers make adjustments to better prepare the vessel.
2082,302183418167193611,Captain's Log,CAPTAINS_LOG_NAME_KEY,attributed written text,explicit,explicit speaker label,Adjustments were completed and we began maneuvering through the closest channel.,CAPTAINS_LOG_NAME_KEY: Adjustments were completed and we began maneuvering through the closest channel.
2083,302183418167193612,Captain's Log,CAPTAINS_LOG_NAME_KEY,attributed written text,explicit,explicit speaker label,"After a time, the narrow channel opened up into a large lagoon. During the night, some of the men reported seeing lights coming from under the ice.","CAPTAINS_LOG_NAME_KEY: After a time, the narrow channel opened up into a large lagoon. During the night, some of the men reported seeing lights coming from under the ice."
2084,302183418167193613,Captain's Log,CAPTAINS_LOG_NAME_KEY,attributed written text,explicit,explicit speaker label,We shall establish a temporary encampment on an island in the center of the lagoon to see if we can excavate the source.,CAPTAINS_LOG_NAME_KEY: We shall establish a temporary encampment on an island in the center of the lagoon to see if we can excavate the source.
2085,302183418167193614,Captain's Log,CAPTAINS_LOG_NAME_KEY,attributed written text,explicit,explicit speaker label,"Setup of the encampment is complete, and some surface samples were gathered. No trace of the glowing light could be found.","CAPTAINS_LOG_NAME_KEY: Setup of the encampment is complete, and some surface samples were gathered. No trace of the glowing light could be found."
2086,302183418167193615,Captain's Log,CAPTAINS_LOG_NAME_KEY,attributed written text,explicit,explicit speaker label,"Perhaps we will dig deeper tomorrow, though I hesitate to spend any more time on this endeavour. Our purview is geographical charting.","CAPTAINS_LOG_NAME_KEY: Perhaps we will dig deeper tomorrow, though I hesitate to spend any more time on this endeavour. Our purview is geographical charting."
2087,302183418167193616,Captain's Log,CAPTAINS_LOG_NAME_KEY,attributed written text,explicit,explicit speaker label,"As I lay falling asleep, the most almighty voice spoke unto me. It resounded from the thick ice below, at once both powerful and ethereal.","CAPTAINS_LOG_NAME_KEY: As I lay falling asleep, the most almighty voice spoke unto me. It resounded from the thick ice below, at once both powerful and ethereal."
2088,302183418167193617,Captain's Log,CAPTAINS_LOG_NAME_KEY,attributed written text,explicit,explicit speaker label,"There was no mistaking this as a trick of the wind, nor a jest by the crew. It did not pause for response or acknowledgement, but whispered a [C3]cryptic prophesy[/C3].","CAPTAINS_LOG_NAME_KEY: There was no mistaking this as a trick of the wind, nor a jest by the crew. It did not pause for response or acknowledgement, but whispered a [C3]cryptic prophesy[/C3]."
2089,302183418167193618,Captain's Log,CAPTAINS_LOG_NAME_KEY,attributed written text,explicit,explicit speaker label,"At first, I could not make sense of it - ""[C3]Three listeners shall hear the heart[/C3]"", and that I should indulge these ""[C3]listeners[/C3]"".","CAPTAINS_LOG_NAME_KEY: At first, I could not make sense of it - ""[C3]Three listeners shall hear the heart[/C3]"", and that I should indulge these ""[C3]listeners[/C3]""."
2090,302183418167193619,Captain's Log,CAPTAINS_LOG_NAME_KEY,attributed written text,explicit,explicit speaker label,"It spoke of ""[C1]boundless wealth from the stars[/C1]"" and of ""[C0]eyes opening unto the world[/C0]"".","CAPTAINS_LOG_NAME_KEY: It spoke of ""[C1]boundless wealth from the stars[/C1]"" and of ""[C0]eyes opening unto the world[/C0]""."
2091,302183418167193620,Captain's Log,CAPTAINS_LOG_NAME_KEY,attributed written text,explicit,explicit speaker label,"The rest of my sleep was feverish, as my mind was plagued with the sound of the voice. It spun in my head, echoing ever louder.","CAPTAINS_LOG_NAME_KEY: The rest of my sleep was feverish, as my mind was plagued with the sound of the voice. It spun in my head, echoing ever louder."
2092,302183418167193621,Captain's Log,CAPTAINS_LOG_NAME_KEY,attributed written text,explicit,explicit speaker label,"In the morning, the [C0]Boatswain[/C0] and the [C0]Navigator[/C0] came to me separately, claiming to have heard a [C3]sound like a heartbeat[/C3] as the men were digging yesterday.","CAPTAINS_LOG_NAME_KEY: In the morning, the [C0]Boatswain[/C0] and the [C0]Navigator[/C0] came to me separately, claiming to have heard a [C3]sound like a heartbeat[/C3] as the men were digging yesterday."
2093,302183418167193622,Captain's Log,CAPTAINS_LOG_NAME_KEY,attributed written text,explicit,explicit speaker label,They indicated a desire to explore the [C0]Eastern[/C0] and [C0]Western[/C0] reaches of the ice field. I shall indulge them.,CAPTAINS_LOG_NAME_KEY: They indicated a desire to explore the [C0]Eastern[/C0] and [C0]Western[/C0] reaches of the ice field. I shall indulge them.
2094,302212623227580416,Narrator / scene text,,narration,inferred,third-/second-person scene description,"You rummage through the small pile of equipment in the snow. Most items are stuck fast in the ice, but inside a small backpack you find an [C0]old journal[/C0].","You rummage through the small pile of equipment in the snow. Most items are stuck fast in the ice, but inside a small backpack you find an [C0]old journal[/C0]."
2095,302212623227580417,Unattributed,,unattributed Yarn text,unknown,no speaker tag; cannot safely infer,Which entry do you want to read?,Which entry do you want to read?
2096,302212623227580418,Unattributed,,unattributed Yarn text,unknown,no speaker tag; cannot safely infer,"2nd June, 1847","2nd June, 1847"
2097,302212623227580419,Unattributed,,unattributed Yarn text,unknown,no speaker tag; cannot safely infer,"4th June, 1847","4th June, 1847"
2098,302212623227580420,Unattributed,,unattributed Yarn text,unknown,no speaker tag; cannot safely infer,"5th June, 1847","5th June, 1847"
2099,302212623227580421,Player (action choice),,player action choice,inferred,bracketed interactive action,\[Leave.\],\[Leave.\]
2100,302212623227580422,Tattered Diary,TATTERED_DIARY_NAME_KEY,attributed written text,explicit,explicit speaker label,"Captain ordered us to make camp on the ice in the center of the lagoon. After we saw those lights in the ice, everyone's got [C1]treasure[/C1] on their minds.","TATTERED_DIARY_NAME_KEY: Captain ordered us to make camp on the ice in the center of the lagoon. After we saw those lights in the ice, everyone's got [C1]treasure[/C1] on their minds."
2101,302212623227580423,Tattered Diary,TATTERED_DIARY_NAME_KEY,attributed written text,explicit,explicit speaker label,"Treasure hunting isn't exactly what the expedition was commissioned for, but given the Captain gets the lion's share of whatever we find...","TATTERED_DIARY_NAME_KEY: Treasure hunting isn't exactly what the expedition was commissioned for, but given the Captain gets the lion's share of whatever we find..."
2102,302212623227580424,Tattered Diary,TATTERED_DIARY_NAME_KEY,attributed written text,explicit,explicit speaker label,It doesn't surprise me that he's willing to bend the rules a bit. We'll start digging after the camp's done.,TATTERED_DIARY_NAME_KEY: It doesn't surprise me that he's willing to bend the rules a bit. We'll start digging after the camp's done.
2103,302212623227580425,Tattered Diary,TATTERED_DIARY_NAME_KEY,attributed written text,explicit,explicit speaker label,Spent the day digging down in the ice. Shovels and ice picks. Can't remember the last time I was this tired.,TATTERED_DIARY_NAME_KEY: Spent the day digging down in the ice. Shovels and ice picks. Can't remember the last time I was this tired.
2104,302212623227580426,Tattered Diary,TATTERED_DIARY_NAME_KEY,attributed written text,explicit,explicit speaker label,"We were only allowed two short breaks all day. Down in the pit, as I rested with my back against the ice, I started hearing something.","TATTERED_DIARY_NAME_KEY: We were only allowed two short breaks all day. Down in the pit, as I rested with my back against the ice, I started hearing something."
2105,302212623227580427,Tattered Diary,TATTERED_DIARY_NAME_KEY,attributed written text,explicit,explicit speaker label,"It was different to the sounds of the picks. They were short and sharp. This was low, a rumble from deeper down.","TATTERED_DIARY_NAME_KEY: It was different to the sounds of the picks. They were short and sharp. This was low, a rumble from deeper down."
2106,302212623227580428,Tattered Diary,TATTERED_DIARY_NAME_KEY,attributed written text,explicit,explicit speaker label,"On my first break, it was occasional. Only a few each minute. By my second break, it had quickened, like a heartbeat.","TATTERED_DIARY_NAME_KEY: On my first break, it was occasional. Only a few each minute. By my second break, it had quickened, like a heartbeat."
2107,302212623227580429,Tattered Diary,TATTERED_DIARY_NAME_KEY,attributed written text,explicit,explicit speaker label,"The Captain overheard me telling some others about the sound I heard in the pit. Before I knew it, I was in front of his desk, sure I was about to have my pay docked.","TATTERED_DIARY_NAME_KEY: The Captain overheard me telling some others about the sound I heard in the pit. Before I knew it, I was in front of his desk, sure I was about to have my pay docked."
2108,302212623227580430,Tattered Diary,TATTERED_DIARY_NAME_KEY,attributed written text,explicit,explicit speaker label,"To my great surprise, he seemed to know something of it already. He was keen on hearing it described, over and over.","TATTERED_DIARY_NAME_KEY: To my great surprise, he seemed to know something of it already. He was keen on hearing it described, over and over."
2109,302212623227580431,Tattered Diary,TATTERED_DIARY_NAME_KEY,attributed written text,explicit,explicit speaker label,"He wants me to help locate the source of it. When he pressed me on it further, I said that it did seem to be coming from the East.","TATTERED_DIARY_NAME_KEY: He wants me to help locate the source of it. When he pressed me on it further, I said that it did seem to be coming from the East."
2110,302212623227580432,Tattered Diary,TATTERED_DIARY_NAME_KEY,attributed written text,explicit,explicit speaker label,"Tomorrow, we are setting off to see if we can find it. Perhaps I shall get a bonus after this is done!","TATTERED_DIARY_NAME_KEY: Tomorrow, we are setting off to see if we can find it. Perhaps I shall get a bonus after this is done!"
2111,302212623227580433,Narrator / scene text,,narration,inferred,third-/second-person scene description,"There are very few pieces that still remain - whoever made camp here was poorly prepared. Inside a small bag, you find a [C0]leather bound journal[/C0].","There are very few pieces that still remain - whoever made camp here was poorly prepared. Inside a small bag, you find a [C0]leather bound journal[/C0]."
2112,302212623227580434,Unattributed,,unattributed Yarn text,unknown,no speaker tag; cannot safely infer,Which entry do you want to read?,Which entry do you want to read?
2113,302212623227580435,Unattributed,,unattributed Yarn text,unknown,no speaker tag; cannot safely infer,"4th June, 1847","4th June, 1847"
2114,302212623227580436,Unattributed,,unattributed Yarn text,unknown,no speaker tag; cannot safely infer,"7th June, 1847","7th June, 1847"
2115,302212623227580437,Unattributed,,unattributed Yarn text,unknown,no speaker tag; cannot safely infer,"8th June, 1847","8th June, 1847"
2116,302212623227580438,Player (action choice),,player action choice,inferred,bracketed interactive action,\[Leave.\],\[Leave.\]
2117,302212623227580439,Leather Journal,LEATHER_JOURNAL_NAME_KEY,attributed written text,explicit,explicit speaker label,"The men spent the whole day digging. They passed up chunks of ice, some as brilliant as crystal, others of a deepest blue more beautiful than sapphires.","LEATHER_JOURNAL_NAME_KEY: The men spent the whole day digging. They passed up chunks of ice, some as brilliant as crystal, others of a deepest blue more beautiful than sapphires."
2118,302212623227580440,Leather Journal,LEATHER_JOURNAL_NAME_KEY,attributed written text,explicit,explicit speaker label,"But none held the glow we had seen in the night. However, I did note a disturbance in the ice to the West.","LEATHER_JOURNAL_NAME_KEY: But none held the glow we had seen in the night. However, I did note a disturbance in the ice to the West."
2119,302212623227580441,Leather Journal,LEATHER_JOURNAL_NAME_KEY,attributed written text,explicit,explicit speaker label,"It began as a periodic, distant rumble. As the men dug deeper, the pulsing quickened, strengthening until I could see the ice shifting on the surface.","LEATHER_JOURNAL_NAME_KEY: It began as a periodic, distant rumble. As the men dug deeper, the pulsing quickened, strengthening until I could see the ice shifting on the surface."
2120,302212623231774720,Leather Journal,LEATHER_JOURNAL_NAME_KEY,attributed written text,explicit,explicit speaker label,"I shall have to inform the Captain. It may well be that Narwhal creature we saw earlier, though this did seem much larger.","LEATHER_JOURNAL_NAME_KEY: I shall have to inform the Captain. It may well be that Narwhal creature we saw earlier, though this did seem much larger."
2121,302212623231774721,Leather Journal,LEATHER_JOURNAL_NAME_KEY,attributed written text,explicit,explicit speaker label,"As I write this, I can already feel my eyes closing. It will have to wait until the morning.","LEATHER_JOURNAL_NAME_KEY: As I write this, I can already feel my eyes closing. It will have to wait until the morning."
2122,302212623231774722,Leather Journal,LEATHER_JOURNAL_NAME_KEY,attributed written text,explicit,explicit speaker label,"This morning, the Captain appeared out of the fog, rowing alone. Apparently, the Boatswain remains at a camp in the East, waiting for nightfall.","LEATHER_JOURNAL_NAME_KEY: This morning, the Captain appeared out of the fog, rowing alone. Apparently, the Boatswain remains at a camp in the East, waiting for nightfall."
2123,302212623231774723,Leather Journal,LEATHER_JOURNAL_NAME_KEY,attributed written text,explicit,explicit speaker label,"They were unsuccessful in their search, but it does make sense that the lights would be more visible at night.","LEATHER_JOURNAL_NAME_KEY: They were unsuccessful in their search, but it does make sense that the lights would be more visible at night."
2124,302212623231774724,Leather Journal,LEATHER_JOURNAL_NAME_KEY,attributed written text,explicit,explicit speaker label,"Tomorrow, we're to journey together to the West, towards the shifting ice that I reported.","LEATHER_JOURNAL_NAME_KEY: Tomorrow, we're to journey together to the West, towards the shifting ice that I reported."
2125,302212623231774725,Leather Journal,LEATHER_JOURNAL_NAME_KEY,attributed written text,explicit,explicit speaker label,"He is on edge, his head turning this way and that, listening for the slightest sound. He is convinced something will happen after dark.","LEATHER_JOURNAL_NAME_KEY: He is on edge, his head turning this way and that, listening for the slightest sound. He is convinced something will happen after dark."
2126,302212623231774726,Leather Journal,LEATHER_JOURNAL_NAME_KEY,attributed written text,explicit,explicit speaker label,"As the last light from the cold sun fades, I have the sense that it will be a long night.","LEATHER_JOURNAL_NAME_KEY: As the last light from the cold sun fades, I have the sense that it will be a long night."
2127,305114571199115264,Narrator / scene text,,narration,inferred,third-/second-person scene description,It looks like someone built a feeding station for that [C3]monstrous Narwhal[/C3]. Perhaps its appetite would be [C1]satisfied[/C1] by an [C0]offering of fish[/C0].,It looks like someone built a feeding station for that [C3]monstrous Narwhal[/C3]. Perhaps its appetite would be [C1]satisfied[/C1] by an [C0]offering of fish[/C0].
2128,306582182600536064,Narrator / scene text,,narration,inferred,third-/second-person scene description,"You approach a hooded figure. They seem to be frozen to the spot, pale robes frosted over with a heavy rime.","You approach a hooded figure. They seem to be frozen to the spot, pale robes frosted over with a heavy rime."
2129,306582182613118976,Hooded Figure 5,HOODED_FIGURE_5_NAME_KEY,character speech,explicit,explicit speaker label,Fisherman...the ice.,HOODED_FIGURE_5_NAME_KEY: Fisherman...the ice.
2130,306582182613118977,Narrator / scene text,,narration,inferred,third-/second-person scene description,You hear their jaw snap shut again from the cold.,You hear their jaw snap shut again from the cold.
2131,306582182613118978,Hooded Figure 5,HOODED_FIGURE_5_NAME_KEY,character speech,explicit,explicit speaker label,The ice...takes form.,HOODED_FIGURE_5_NAME_KEY: The ice...takes form.
2132,306582182613118979,Narrator / scene text,,narration,inferred,third-/second-person scene description,The hooded figure withdraws a scroll from their robes and unfurls it to reveal a drawing of a corrupted fish - an [C3]Aberrated[/C3] [C0]Icefish[/C0].,The hooded figure withdraws a scroll from their robes and unfurls it to reveal a drawing of a corrupted fish - an [C3]Aberrated[/C3] [C0]Icefish[/C0].
2133,306582182613118980,Narrator / scene text,,narration,inferred,third-/second-person scene description,"The hooded figure places the fish on the ice at their feet, kicking loose snow over to cover it.","The hooded figure places the fish on the ice at their feet, kicking loose snow over to cover it."
2134,306582182613118981,Hooded Figure 5,HOODED_FIGURE_5_NAME_KEY,character speech,explicit,explicit speaker label,The stars...leave the sky.,HOODED_FIGURE_5_NAME_KEY: The stars...leave the sky.
2135,306582182613118982,Unattributed,,unattributed Yarn text,unknown,no speaker tag; cannot safely infer,"Another scroll, another twisted shape. Images of [C3]Aberrated[/C3] [C0]Sea Stars[/C0] cover the paper.","Another scroll, another twisted shape. Images of [C3]Aberrated[/C3] [C0]Sea Stars[/C0] cover the paper."
2136,306582182613118983,Narrator / scene text,,narration,inferred,third-/second-person scene description,"The [C0]Sea Stars[/C0] are arranged in a circle on the ground. Moments later, a sinewy heel stomps down through each of them.","The [C0]Sea Stars[/C0] are arranged in a circle on the ground. Moments later, a sinewy heel stomps down through each of them."
2137,306582182613118984,Hooded Figure 5,HOODED_FIGURE_5_NAME_KEY,character speech,explicit,explicit speaker label,Fall...to the deep.,HOODED_FIGURE_5_NAME_KEY: Fall...to the deep.
2138,306582182613118985,Narrator / scene text,,narration,inferred,third-/second-person scene description,"A final scroll, this one stained in patches by some dark liquid. In the center, the shape of an [C3]Aberrated[/C3] [C0]Stargazer[/C0] peers from the page.","A final scroll, this one stained in patches by some dark liquid. In the center, the shape of an [C3]Aberrated[/C3] [C0]Stargazer[/C0] peers from the page."
2139,306582182613118986,Narrator / scene text,,narration,inferred,third-/second-person scene description,The figure places the body of the [C0]Stargazer[/C0] in the center of the crushed [C0]Sea Stars[/C0]. They angle its cratered eye to the sky.,The figure places the body of the [C0]Stargazer[/C0] in the center of the crushed [C0]Sea Stars[/C0]. They angle its cratered eye to the sky.
2140,306582182613118987,Unattributed,,unattributed Yarn text,unknown,no speaker tag; cannot safely infer,"Attention still fixed on the gruesome pile of fish in front of it, the hooded figure gestures to a [C1]Book[/C1] on a nearby rock. Your payment.","Attention still fixed on the gruesome pile of fish in front of it, the hooded figure gestures to a [C1]Book[/C1] on a nearby rock. Your payment."
2141,306582182613118988,Narrator / scene text,,narration,inferred,third-/second-person scene description,"As you leave, the figure is still focused on the grim fish - adjusting its position, waiting, adjusting, over and over.","As you leave, the figure is still focused on the grim fish - adjusting its position, waiting, adjusting, over and over."
2142,306958049371934720,Unattributed,,unattributed Yarn text,unknown,no speaker tag; cannot safely infer,"Darkness. The deep. Then, sparks of light as tooth and spine meet horn and nail. Two primeval forces clashing at the bottom of the world.","Darkness. The deep. Then, sparks of light as tooth and spine meet horn and nail. Two primeval forces clashing at the bottom of the world."
2143,306958049401294848,Narrator / scene text,,narration,inferred,third-/second-person scene description,"After an age, a victor triumphs, sundering the other into impossibly large remnants that ascend to the surface, slowly, to be claimed by the sky.","After an age, a victor triumphs, sundering the other into impossibly large remnants that ascend to the surface, slowly, to be claimed by the sky."
2144,306958049401294849,Unattributed,,unattributed Yarn text,unknown,no speaker tag; cannot safely infer,"But the broken body holds power still. Threads of crimson essence reach out through the water, stretching to unite the creature once more.","But the broken body holds power still. Threads of crimson essence reach out through the water, stretching to unite the creature once more."
2145,306958049401294850,Narrator / scene text,,narration,inferred,third-/second-person scene description,"As the remains break the surface, ice begins to form.","As the remains break the surface, ice begins to form."
2146,306958049401294851,Unattributed,,unattributed Yarn text,unknown,no speaker tag; cannot safely infer,"Intruders. They invade on tiny wooden vessels, shouting and smashing. They cut and slice with angled metal, raking across a skin of ice.","Intruders. They invade on tiny wooden vessels, shouting and smashing. They cut and slice with angled metal, raking across a skin of ice."
2147,306958049401294852,Unattributed,,unattributed Yarn text,unknown,no speaker tag; cannot safely infer,"Their meagre hearts beat with avarice and pride, desires trivially twisted into new shapes. Shapes that might mend and restore.","Their meagre hearts beat with avarice and pride, desires trivially twisted into new shapes. Shapes that might mend and restore."
2148,306958049401294853,Unattributed,,unattributed Yarn text,unknown,no speaker tag; cannot safely infer,"Shapes to replace what was lost, down in the dark.","Shapes to replace what was lost, down in the dark."
2149,309823512426762240,Leather Journal,LEATHER_JOURNAL_NAME_KEY,attributed written text,explicit,explicit speaker label,We are alone on a small island of ice.,LEATHER_JOURNAL_NAME_KEY: We are alone on a small island of ice.
2150,309823512456122368,Leather Journal,LEATHER_JOURNAL_NAME_KEY,attributed written text,explicit,explicit speaker label,"After hours of rowing through narrow channels, it rose through the fog. A gargantuan, monstrous claw, reaching from the deep.","LEATHER_JOURNAL_NAME_KEY: After hours of rowing through narrow channels, it rose through the fog. A gargantuan, monstrous claw, reaching from the deep."
2151,309823512456122369,Leather Journal,LEATHER_JOURNAL_NAME_KEY,attributed written text,explicit,explicit speaker label,"Whatever creature it once belonged to must be long dead, as the claw is frozen solid. I wanted to turn back immediately, but the Captain insisted we investigate.","LEATHER_JOURNAL_NAME_KEY: Whatever creature it once belonged to must be long dead, as the claw is frozen solid. I wanted to turn back immediately, but the Captain insisted we investigate."
2152,344965151744487424,Foreman,FOREMAN_NAME_KEY,character speech,explicit,explicit speaker label,What do you want?,FOREMAN_NAME_KEY: What do you want?
2153,344965151765458944,Foreman,FOREMAN_NAME_KEY,character speech,explicit,explicit speaker label,"If you're able to [C1]find any of those crates[C1], I'm sure the corp would let you [C1]use our facilities[/C1]. Once we get the [C0]Generator[/C0] wired up, that is.","FOREMAN_NAME_KEY: If you're able to [C1]find any of those crates[C1], I'm sure the corp would let you [C1]use our facilities[/C1]. Once we get the [C0]Generator[/C0] wired up, that is."
2154,344965151765458945,Foreman,FOREMAN_NAME_KEY,character speech,explicit,explicit speaker label,That oughta be enough to get the [C0]Generator[/C0] going! I'll get these materials sent up to the main platform.,FOREMAN_NAME_KEY: That oughta be enough to get the [C0]Generator[/C0] going! I'll get these materials sent up to the main platform.
2155,344965151765458946,Foreman,FOREMAN_NAME_KEY,character speech,explicit,explicit speaker label,"So, that should be in working order, but, I just checked the storeroom, and it looks like we [C2]never got any fuel deliveries[/C2].","FOREMAN_NAME_KEY: So, that should be in working order, but, I just checked the storeroom, and it looks like we [C2]never got any fuel deliveries[/C2]."
2156,344965151765458947,Engineer,ENGINEER_NAME_KEY,character speech,explicit,explicit speaker label,Hey there. Welcome to the Factory. I'm the lead engineer here.,ENGINEER_NAME_KEY: Hey there. Welcome to the Factory. I'm the lead engineer here.
2157,344965151765458948,Engineer,ENGINEER_NAME_KEY,character speech,explicit,explicit speaker label,"Because of your help getting things running here, I'm permitted to [C1]improve your equipment with our tech[/C1].","ENGINEER_NAME_KEY: Because of your help getting things running here, I'm permitted to [C1]improve your equipment with our tech[/C1]."
2158,344965151765458949,Engineer,ENGINEER_NAME_KEY,character speech,explicit,explicit speaker label,These are some designs I've been tinkering with for passive harvesting methods.,ENGINEER_NAME_KEY: These are some designs I've been tinkering with for passive harvesting methods.
2159,344965151765458950,Engineer,ENGINEER_NAME_KEY,character speech,explicit,explicit speaker label,"We've got various off-cuts and scraps here, I can usually turn them into something.","ENGINEER_NAME_KEY: We've got various off-cuts and scraps here, I can usually turn them into something."
2160,344965151765458951,Foreman,FOREMAN_NAME_KEY,character speech,explicit,explicit speaker label,We've got what we need.,FOREMAN_NAME_KEY: We've got what we need.
2161,344965151765458952,Foreman,FOREMAN_NAME_KEY,character speech,explicit,explicit speaker label,Let's get to work.,FOREMAN_NAME_KEY: Let's get to work.
2162,344965151765458953,Foreman,FOREMAN_NAME_KEY,character speech,explicit,explicit speaker label,We're making good progress on getting the Factory fully operational.,FOREMAN_NAME_KEY: We're making good progress on getting the Factory fully operational.
2163,344965151765458954,Engineer,ENGINEER_NAME_KEY,character speech,explicit,explicit speaker label,"Alright, here's what we'll need to put that together.","ENGINEER_NAME_KEY: Alright, here's what we'll need to put that together."
2164,344965151765458955,Engineer,ENGINEER_NAME_KEY,character speech,explicit,explicit speaker label,That should do it.,ENGINEER_NAME_KEY: That should do it.
2165,344965151765458956,Engineer,ENGINEER_NAME_KEY,character speech,explicit,explicit speaker label,"Hey, you forgot to take this with you earlier.","ENGINEER_NAME_KEY: Hey, you forgot to take this with you earlier."
2166,347566488227311616,Foreman,FOREMAN_NAME_KEY,character speech,explicit,explicit speaker label,"So, this is where we're going to build some sort of machine to repel those tentacles, right? That's what the Scientist said.","FOREMAN_NAME_KEY: So, this is where we're going to build some sort of machine to repel those tentacles, right? That's what the Scientist said."
2167,347566488244088832,Foreman,FOREMAN_NAME_KEY,character speech,explicit,explicit speaker label,YOU HAVE RETURNED.,FOREMAN_NAME_KEY: YOU HAVE RETURNED.
2168,347566488244088833,Foreman,FOREMAN_NAME_KEY,character speech,explicit,explicit speaker label,We'll get started.,FOREMAN_NAME_KEY: We'll get started.
2169,347566488244088834,Foreman,FOREMAN_NAME_KEY,character speech,explicit,explicit speaker label,Defenses are primed. Turning them on now. This had better work.,FOREMAN_NAME_KEY: Defenses are primed. Turning them on now. This had better work.
2170,347566488244088835,Engineer,ENGINEER_NAME_KEY,character speech,explicit,explicit speaker label,"I reckon we can repurpose some of that slag from the Science Lab. Toss it into the water, see what turns up to investigate.","ENGINEER_NAME_KEY: I reckon we can repurpose some of that slag from the Science Lab. Toss it into the water, see what turns up to investigate."
2171,347566488244088836,Engineer,ENGINEER_NAME_KEY,character speech,explicit,explicit speaker label,The Factory's core facilities should be up and running.,ENGINEER_NAME_KEY: The Factory's core facilities should be up and running.
2172,347566488244088837,Engineer,ENGINEER_NAME_KEY,character speech,explicit,explicit speaker label,The Factory's core facilities have been improved. We can make some more items now.,ENGINEER_NAME_KEY: The Factory's core facilities have been improved. We can make some more items now.
2173,347566488248283136,Engineer,ENGINEER_NAME_KEY,character speech,explicit,explicit speaker label,"Fisherman, I think you're going to like what we can make here now.","ENGINEER_NAME_KEY: Fisherman, I think you're going to like what we can make here now."
2174,347566488248283137,Foreman,FOREMAN_NAME_KEY,character speech,explicit,explicit speaker label,That'll do it for the Factory!,FOREMAN_NAME_KEY: That'll do it for the Factory!
2175,347566488248283138,Engineer,ENGINEER_NAME_KEY,character speech,explicit,explicit speaker label,This Factory's running at peak efficiency. We've got all we need.,ENGINEER_NAME_KEY: This Factory's running at peak efficiency. We've got all we need.
2176,347566488248283139,Foreman,FOREMAN_NAME_KEY,character speech,explicit,explicit speaker label,Fleet Services root. Is this unbuilt?,FOREMAN_NAME_KEY: Fleet Services root. Is this unbuilt?
2177,347566488248283140,Foreman,FOREMAN_NAME_KEY,character speech,explicit,explicit speaker label,"Fleet Services description. This is built, right?","FOREMAN_NAME_KEY: Fleet Services description. This is built, right?"
2178,347566488248283141,Foreman,FOREMAN_NAME_KEY,character speech,explicit,explicit speaker label,"Alright, we'll get to work on Fleet Services.","FOREMAN_NAME_KEY: Alright, we'll get to work on Fleet Services."
2179,347566488248283142,Foreman,FOREMAN_NAME_KEY,character speech,explicit,explicit speaker label,"Everything should be operational here, sir.","FOREMAN_NAME_KEY: Everything should be operational here, sir."
2180,347566488248283143,Founder,FOUNDER_NAME_KEY,character speech,explicit,explicit speaker label,Place isn't built yet.,FOUNDER_NAME_KEY: Place isn't built yet.
2181,347566488248283144,Founder,FOUNDER_NAME_KEY,character speech,explicit,explicit speaker label,Basic materials can be worked here.,FOUNDER_NAME_KEY: Basic materials can be worked here.
2182,347566488248283145,Founder,FOUNDER_NAME_KEY,character speech,explicit,explicit speaker label,"You find any excess crates, I'm sure we can come to some sort of arrangement.","FOUNDER_NAME_KEY: You find any excess crates, I'm sure we can come to some sort of arrangement."
2183,347566488248283146,Foreman,FOREMAN_NAME_KEY,character speech,explicit,explicit speaker label,That's all we need; we can get the Foundry built now.,FOREMAN_NAME_KEY: That's all we need; we can get the Foundry built now.
2184,347566488248283147,Founder,FOUNDER_NAME_KEY,character speech,explicit,explicit speaker label,Good to go.,FOUNDER_NAME_KEY: Good to go.
2185,347566488248283148,Foreman,FOREMAN_NAME_KEY,character speech,explicit,explicit speaker label,"Alright, we'll start upgrading the Foundry.","FOREMAN_NAME_KEY: Alright, we'll start upgrading the Foundry."
2186,347566488248283149,Founder,FOUNDER_NAME_KEY,character speech,explicit,explicit speaker label,Should be able to make some better stuff now.,FOUNDER_NAME_KEY: Should be able to make some better stuff now.
2187,347566488248283150,Founder,FOUNDER_NAME_KEY,character speech,explicit,explicit speaker label,"You want that made, I'll be needing some things from you.","FOUNDER_NAME_KEY: You want that made, I'll be needing some things from you."
2188,347566488248283151,Founder,FOUNDER_NAME_KEY,character speech,explicit,explicit speaker label,Mmh. That's done.,FOUNDER_NAME_KEY: Mmh. That's done.
2189,347566488248283152,Founder,FOUNDER_NAME_KEY,character speech,explicit,explicit speaker label,Take your stuff with you next time.,FOUNDER_NAME_KEY: Take your stuff with you next time.
2190,347566488248283153,Engineer,ENGINEER_NAME_KEY,character speech,explicit,explicit speaker label,"When the [C0]Tech Lab[/C0] is operational, we'll be able to work on projects of a more technical nature.","ENGINEER_NAME_KEY: When the [C0]Tech Lab[/C0] is operational, we'll be able to work on projects of a more technical nature."
2191,347566488248283154,Engineer,ENGINEER_NAME_KEY,character speech,explicit,explicit speaker label,We're not quite ready for construction yet. Missing materials - can you help?,ENGINEER_NAME_KEY: We're not quite ready for construction yet. Missing materials - can you help?
2192,347566488248283155,Engineer,ENGINEER_NAME_KEY,character speech,explicit,explicit speaker label,"This wing is for the [C1]enhancement[/C1] of boat functions; [C0]lights[/C0], [C0]horn[/C0] and [C0]spyglass[/C0].","ENGINEER_NAME_KEY: This wing is for the [C1]enhancement[/C1] of boat functions; [C0]lights[/C0], [C0]horn[/C0] and [C0]spyglass[/C0]."
2193,347566488248283156,Foreman,FOREMAN_NAME_KEY,character speech,explicit,explicit speaker label,Everything appears to be in order. I'll get the team onto it.,FOREMAN_NAME_KEY: Everything appears to be in order. I'll get the team onto it.
2194,347566488248283157,Engineer,ENGINEER_NAME_KEY,character speech,explicit,explicit speaker label,At last. I'm excited for you to try some of these out.,ENGINEER_NAME_KEY: At last. I'm excited for you to try some of these out.
2195,347566488248283158,Foreman,FOREMAN_NAME_KEY,character speech,explicit,explicit speaker label,That's everything. We'll get to work.,FOREMAN_NAME_KEY: That's everything. We'll get to work.
2196,347566488248283159,Engineer,ENGINEER_NAME_KEY,character speech,explicit,explicit speaker label,The Tech Lab is fully built now!,ENGINEER_NAME_KEY: The Tech Lab is fully built now!
2197,347566488248283160,Engineer,ENGINEER_NAME_KEY,character speech,explicit,explicit speaker label,These are a little complex; here's the list of items I'll need.,ENGINEER_NAME_KEY: These are a little complex; here's the list of items I'll need.
2198,347566488248283161,Engineer,ENGINEER_NAME_KEY,character speech,explicit,explicit speaker label,That one's done.,ENGINEER_NAME_KEY: That one's done.
2199,347566488248283162,Engineer,ENGINEER_NAME_KEY,character speech,explicit,explicit speaker label,"Oh, you left this here before. I held onto it for you.","ENGINEER_NAME_KEY: Oh, you left this here before. I held onto it for you."
2200,347566488248283163,Scientist,SCIENTIST_NAME_KEY,character speech,explicit,explicit speaker label,"Hmm? Who are you? Ah; the angler turned courier, isn't that right? The workers were talking about you.","SCIENTIST_NAME_KEY: Hmm? Who are you? Ah; the angler turned courier, isn't that right? The workers were talking about you."
2201,347566488248283164,Scientist,SCIENTIST_NAME_KEY,character speech,explicit,explicit speaker label,THE SCIENCE LAB REMAINS UNBUILT. IS THIS LINE EVER EVEN SHOWN?,SCIENTIST_NAME_KEY: THE SCIENCE LAB REMAINS UNBUILT. IS THIS LINE EVER EVEN SHOWN?
2202,347566488248283165,Foreman,FOREMAN_NAME_KEY,character speech,explicit,explicit speaker label,"Oh, we've got enough material for the [C0]Science Lab[/C0] now too? We'll get to work.","FOREMAN_NAME_KEY: Oh, we've got enough material for the [C0]Science Lab[/C0] now too? We'll get to work."
2203,347566488248283166,Scientist,SCIENTIST_NAME_KEY,character speech,explicit,explicit speaker label,"Yes, more than sufficient for my needs. Thank you, both of you.","SCIENTIST_NAME_KEY: Yes, more than sufficient for my needs. Thank you, both of you."
2204,348221323805093888,Scientist,SCIENTIST_NAME_KEY,character speech,explicit,explicit speaker label,How can I help you?,SCIENTIST_NAME_KEY: How can I help you?
2205,348221323830259712,Unattributed,,unattributed Yarn text,unknown,no speaker tag; cannot safely infer,Stage 2,Stage 2
2206,348221323830259713,Scientist,SCIENTIST_NAME_KEY,character speech,explicit,explicit speaker label,Response.,SCIENTIST_NAME_KEY: Response.
2207,348221323830259714,Player (action choice),,player action choice,inferred,bracketed interactive action,\[Leave.\],\[Leave.\]
2208,365251946330025984,Foreman,FOREMAN_NAME_KEY,character speech,explicit,explicit speaker label,"So, it turns out the fuel never got dispatched from Ironhaven at all.","FOREMAN_NAME_KEY: So, it turns out the fuel never got dispatched from Ironhaven at all."
2209,365251946355191808,Foreman,FOREMAN_NAME_KEY,character speech,explicit,explicit speaker label,"You can add fish or...most other biological material, I suppose, to the hopper here. Once it's filled we ought to be able to start the drill.","FOREMAN_NAME_KEY: You can add fish or...most other biological material, I suppose, to the hopper here. Once it's filled we ought to be able to start the drill."
2210,365251946355191809,Foreman,FOREMAN_NAME_KEY,character speech,explicit,explicit speaker label,It won't hold any more - I'll fire it up!,FOREMAN_NAME_KEY: It won't hold any more - I'll fire it up!
2211,365251946355191810,Narrator / scene text,,narration,inferred,third-/second-person scene description,The crushing compactor clunks to life. The sound of pneumatic pistons and strained squelching soon gives way to the stuttering sound of distant gears.,The crushing compactor clunks to life. The sound of pneumatic pistons and strained squelching soon gives way to the stuttering sound of distant gears.
2212,365251946355191811,Player (action choice),,player action choice,inferred,bracketed interactive action,\[Leave.\],\[Leave.\]
2213,371098043570614272,Foreman,FOREMAN_NAME_KEY,character speech,explicit,explicit speaker label,"Here for some cutscene testing, eh?","FOREMAN_NAME_KEY: Here for some cutscene testing, eh?"
2214,371098043599974400,Player (action choice),,player action choice,inferred,bracketed interactive action,\[Cutscene 1 (The Marrows)\],\[Cutscene 1 (The Marrows)\]
2215,371098043599974401,Player (action choice),,player action choice,inferred,bracketed interactive action,\[Cutscene 2 (Gale Cliffs)\],\[Cutscene 2 (Gale Cliffs)\]
2216,371098043599974402,Player (action choice),,player action choice,inferred,bracketed interactive action,\[Cutscene 3 (Stellar Basin)\],\[Cutscene 3 (Stellar Basin)\]
2217,371098043599974403,Player (action choice),,player action choice,inferred,bracketed interactive action,\[Cutscene 4 (Twisted Strand)\],\[Cutscene 4 (Twisted Strand)\]
2218,371098043599974404,Player (action choice),,player action choice,inferred,bracketed interactive action,\[Cutscene 5 (Devil's Spine)\],\[Cutscene 5 (Devil's Spine)\]
2219,371098043599974405,Player (action choice),,player action choice,inferred,bracketed interactive action,\[Cutscene 6 (Finale)\],\[Cutscene 6 (Finale)\]
2220,371098043599974406,Player (action choice),,player action choice,inferred,bracketed interactive action,\[Leave.\],\[Leave.\]
2221,371107344850776064,Unattributed,,unattributed Yarn text,unknown,no speaker tag; cannot safely infer,Stage 3,Stage 3
2222,371107344854970368,Unattributed,,unattributed Yarn text,unknown,no speaker tag; cannot safely infer,Stage 4,Stage 4
2223,371107344854970369,Unattributed,,unattributed Yarn text,unknown,no speaker tag; cannot safely infer,Stage 5,Stage 5
2224,371107344854970370,Unattributed,,unattributed Yarn text,unknown,no speaker tag; cannot safely infer,Stage 6,Stage 6
2225,371107344854970371,Unattributed,,unattributed Yarn text,unknown,no speaker tag; cannot safely infer,Stage 7,Stage 7
2226,371107344854970372,Scientist,SCIENTIST_NAME_KEY,character speech,explicit,explicit speaker label,Stage 2.,SCIENTIST_NAME_KEY: Stage 2.
2227,371107344854970373,Scientist,SCIENTIST_NAME_KEY,character speech,explicit,explicit speaker label,Stage 3.,SCIENTIST_NAME_KEY: Stage 3.
2228,371107344854970374,Scientist,SCIENTIST_NAME_KEY,character speech,explicit,explicit speaker label,Stage 4.,SCIENTIST_NAME_KEY: Stage 4.
2229,371107344854970375,Scientist,SCIENTIST_NAME_KEY,character speech,explicit,explicit speaker label,Stage 5.,SCIENTIST_NAME_KEY: Stage 5.
2230,371107344854970376,Scientist,SCIENTIST_NAME_KEY,character speech,explicit,explicit speaker label,Stage 6.,SCIENTIST_NAME_KEY: Stage 6.
2231,371107344854970377,Scientist,SCIENTIST_NAME_KEY,character speech,explicit,explicit speaker label,Stage 7.,SCIENTIST_NAME_KEY: Stage 7.
2232,373588922038329344,Foreman,FOREMAN_NAME_KEY,character speech,explicit,explicit speaker label,"While I go and figure out the [C2]fuel situation[/C2], why don't you introduce yourself to the head [C0]Scientist[/C0]? He's always interested to hear about the local fish species.","FOREMAN_NAME_KEY: While I go and figure out the [C2]fuel situation[/C2], why don't you introduce yourself to the head [C0]Scientist[/C0]? He's always interested to hear about the local fish species."
2233,373588922050912256,Scientist,SCIENTIST_NAME_KEY,character speech,explicit,explicit speaker label,I was planning on conducting [C0]research into fish species[/C0] in the area. But I can't do that without somewhere to study.,SCIENTIST_NAME_KEY: I was planning on conducting [C0]research into fish species[/C0] in the area. But I can't do that without somewhere to study.
2234,373588922050912257,Foreman,FOREMAN_NAME_KEY,character speech,explicit,explicit speaker label,I think we have a solution for our [C2]fuel problem[/C2] - come see me at the [C0]Generator[/C0] and I'll give you the rundown.,FOREMAN_NAME_KEY: I think we have a solution for our [C2]fuel problem[/C2] - come see me at the [C0]Generator[/C0] and I'll give you the rundown.
2235,373596185545252864,Narrator / scene text,,narration,inferred,third-/second-person scene description,"You dock at a small metal wharf. Four giant legs stretch down into the deep, lifting a mountain of metal into the sky.","You dock at a small metal wharf. Four giant legs stretch down into the deep, lifting a mountain of metal into the sky."
2236,373675301304901632,Engineer,ENGINEER_NAME_KEY,character speech,explicit,explicit speaker label,HERE IS A ROD THAT I PREPARED EARLIER.,ENGINEER_NAME_KEY: HERE IS A ROD THAT I PREPARED EARLIER.
2237,373675301309095936,Scientist,SCIENTIST_NAME_KEY,character speech,explicit,explicit speaker label,Do you have those samples from [C0]The Marrows[/C0] yet?,SCIENTIST_NAME_KEY: Do you have those samples from [C0]The Marrows[/C0] yet?
2238,373675301309095937,Scientist,SCIENTIST_NAME_KEY,character speech,explicit,explicit speaker label,Have you had time to gather samples from [C0]Gale Cliffs[/C0]?,SCIENTIST_NAME_KEY: Have you had time to gather samples from [C0]Gale Cliffs[/C0]?
2239,373675301309095938,Scientist,SCIENTIST_NAME_KEY,character speech,explicit,explicit speaker label,Have you collected all of those samples from [C0]Stellar Basin[/C0] yet?,SCIENTIST_NAME_KEY: Have you collected all of those samples from [C0]Stellar Basin[/C0] yet?
2240,373675301309095939,Scientist,SCIENTIST_NAME_KEY,character speech,explicit,explicit speaker label,The fish...from [C0]Twisted Strand[/C0]...do you have them?,SCIENTIST_NAME_KEY: The fish...from [C0]Twisted Strand[/C0]...do you have them?
2241,373675301309095940,Scientist,SCIENTIST_NAME_KEY,character speech,explicit,explicit speaker label,Closer...pure...[C0]Devil's Spine[/C0]...the wretches...where are they?!,SCIENTIST_NAME_KEY: Closer...pure...[C0]Devil's Spine[/C0]...the wretches...where are they?!
2242,373675301309095941,Scientist,SCIENTIST_NAME_KEY,character speech,explicit,explicit speaker label,I WILL TRANSFORM HERE.,SCIENTIST_NAME_KEY: I WILL TRANSFORM HERE.
2243,373675301309095942,Scientist,SCIENTIST_NAME_KEY,character speech,explicit,explicit speaker label,"Admittedly, the [C2]fissure[/C2] is larger than my models suggested, but it appears to have stabilized. We should consider [C0]halting the drilling[/C0] for now.","SCIENTIST_NAME_KEY: Admittedly, the [C2]fissure[/C2] is larger than my models suggested, but it appears to have stabilized. We should consider [C0]halting the drilling[/C0] for now."
2244,373675301309095943,Scientist,SCIENTIST_NAME_KEY,character speech,explicit,explicit speaker label,"Using that rod, I need you to [C0]collect specimen samples[/C0] from [C0]The Marrows[/C0], just to check that the fish species are unaffected by our operations here.","SCIENTIST_NAME_KEY: Using that rod, I need you to [C0]collect specimen samples[/C0] from [C0]The Marrows[/C0], just to check that the fish species are unaffected by our operations here."
2245,373675301309095944,Scientist,SCIENTIST_NAME_KEY,character speech,explicit,explicit speaker label,YOU HAVE CONSTRUCTED THE FACTORY AND RECEIVED A ROD.,SCIENTIST_NAME_KEY: YOU HAVE CONSTRUCTED THE FACTORY AND RECEIVED A ROD.
2246,373675301309095945,Scientist,SCIENTIST_NAME_KEY,character speech,explicit,explicit speaker label,YOU SHOULD GO AND GET SOME SAMPLES FROM THE MARROWS.,SCIENTIST_NAME_KEY: YOU SHOULD GO AND GET SOME SAMPLES FROM THE MARROWS.
2247,373675301309095946,Scientist,SCIENTIST_NAME_KEY,character speech,explicit,explicit speaker label,"YOU SHOULD MAKE SOME DEFENCES. TALK TO MY STUDENT IN STELLAR BASIN, SHE HAS THE TECH.","SCIENTIST_NAME_KEY: YOU SHOULD MAKE SOME DEFENCES. TALK TO MY STUDENT IN STELLAR BASIN, SHE HAS THE TECH."
2248,373675301309095947,Scientist,SCIENTIST_NAME_KEY,character speech,explicit,explicit speaker label,YOU SHOULD GO AND GET SOME SAMPLES FROM STELLAR BASIN.,SCIENTIST_NAME_KEY: YOU SHOULD GO AND GET SOME SAMPLES FROM STELLAR BASIN.
2249,373675301309095948,Scientist,SCIENTIST_NAME_KEY,character speech,explicit,explicit speaker label,YOU SHOULD GO AND GET SOME SAMPLES FROM TWISTED STRAND.,SCIENTIST_NAME_KEY: YOU SHOULD GO AND GET SOME SAMPLES FROM TWISTED STRAND.
2250,373675301309095949,Scientist,SCIENTIST_NAME_KEY,character speech,explicit,explicit speaker label,YOU SHOULD GO AND GET SOME SAMPLES FROM DEVIL'S SPINE.,SCIENTIST_NAME_KEY: YOU SHOULD GO AND GET SOME SAMPLES FROM DEVIL'S SPINE.
2251,374365079113408512,Scientist,SCIENTIST_NAME_KEY,character speech,explicit,explicit speaker label,"NOW THAT YOU HAVE AN ADVANCED ROD, YOU CAN COLLECT SAMPLES.","SCIENTIST_NAME_KEY: NOW THAT YOU HAVE AN ADVANCED ROD, YOU CAN COLLECT SAMPLES."
2252,374399090640658432,Narrator / scene text,,narration,inferred,third-/second-person scene description,"The Scientist is interrupted by the Foreman outside, shouting through his megaphone again. The Foreman bellows an order.","The Scientist is interrupted by the Foreman outside, shouting through his megaphone again. The Foreman bellows an order."
2253,374399090640658433,Foreman,FOREMAN_NAME_KEY,character speech,explicit,explicit speaker label,Engage reverse gear! Get that drill out of there!,FOREMAN_NAME_KEY: Engage reverse gear! Get that drill out of there!
2254,374399090640658434,Unattributed,,unattributed Yarn text,unknown,no speaker tag; cannot safely infer,"OUTSIDE, YOU HEAR A CLAMOR OF SHOUTING WORKERS. THE FOREMAN SAYS SOMETHING.","OUTSIDE, YOU HEAR A CLAMOR OF SHOUTING WORKERS. THE FOREMAN SAYS SOMETHING."
2255,374399090640658435,Foreman,FOREMAN_NAME_KEY,character speech,explicit,explicit speaker label,FIRE UP THE DRILL!,FOREMAN_NAME_KEY: FIRE UP THE DRILL!
2256,374399090640658436,Unattributed,,unattributed Yarn text,unknown,no speaker tag; cannot safely infer,"OUTSIDE, YOU HEAR A CLAMOR OF SHOUTING WORKERS. THE FOREMAN SAYS SOMETHING.","OUTSIDE, YOU HEAR A CLAMOR OF SHOUTING WORKERS. THE FOREMAN SAYS SOMETHING."
2257,374399090640658437,Foreman,FOREMAN_NAME_KEY,character speech,explicit,explicit speaker label,FIRE UP THE DRILL!,FOREMAN_NAME_KEY: FIRE UP THE DRILL!
2258,374399090640658438,Foreman,FOREMAN_NAME_KEY,character speech,explicit,explicit speaker label,What's that noise?,FOREMAN_NAME_KEY: What's that noise?
2259,374399090640658439,Foreman,FOREMAN_NAME_KEY,character speech,explicit,explicit speaker label,FIRE UP THE DRILL!,FOREMAN_NAME_KEY: FIRE UP THE DRILL!
2260,374399090640658440,Unattributed,,unattributed Yarn text,unknown,no speaker tag; cannot safely infer,"OUTSIDE, YOU HEAR A CLAMOR OF SHOUTING WORKERS. THE FOREMAN SAYS SOMETHING.","OUTSIDE, YOU HEAR A CLAMOR OF SHOUTING WORKERS. THE FOREMAN SAYS SOMETHING."
2261,374399090644852736,Foreman,FOREMAN_NAME_KEY,character speech,explicit,explicit speaker label,FIRE UP THE DRILL!,FOREMAN_NAME_KEY: FIRE UP THE DRILL!
2262,374399090644852737,Scientist,SCIENTIST_NAME_KEY,character speech,explicit,explicit speaker label,"...as I was saying. I'll run some quick tests on these specimens. Though from the sounds of things, you may have some additional samples to gather.","SCIENTIST_NAME_KEY: ...as I was saying. I'll run some quick tests on these specimens. Though from the sounds of things, you may have some additional samples to gather."
2263,374399090644852738,Scientist,SCIENTIST_NAME_KEY,character speech,explicit,explicit speaker label,Unfortunately there have been reports of some [C3]contaminatants[/C3] leaking from the fissure in isolated pockets.,SCIENTIST_NAME_KEY: Unfortunately there have been reports of some [C3]contaminatants[/C3] leaking from the fissure in isolated pockets.
2264,374715283217948672,Scientist,SCIENTIST_NAME_KEY,character speech,explicit,explicit speaker label,Have you collected a canister of that [C3]contaminant[/C3] yet?,SCIENTIST_NAME_KEY: Have you collected a canister of that [C3]contaminant[/C3] yet?
2265,374715283331194880,Scientist,SCIENTIST_NAME_KEY,character speech,explicit,explicit speaker label,Thank you. It's always important to know what we're dealing with in operations such as these.,SCIENTIST_NAME_KEY: Thank you. It's always important to know what we're dealing with in operations such as these.
2266,374734246345809920,Scientist,SCIENTIST_NAME_KEY,character speech,explicit,explicit speaker label,"There's something gigantic, something incredibly powerful, gripping the rig! So...it's really here.","SCIENTIST_NAME_KEY: There's something gigantic, something incredibly powerful, gripping the rig! So...it's really here."
2267,374734246345809921,Scientist,SCIENTIST_NAME_KEY,character speech,explicit,explicit speaker label,"Fisherman. This structure...the people on it...can't stand up to this. I have - well, [C0]I had a student[/C0]. She was developing some [C1]technology[/C1].","SCIENTIST_NAME_KEY: Fisherman. This structure...the people on it...can't stand up to this. I have - well, [C0]I had a student[/C0]. She was developing some [C1]technology[/C1]."
2268,374734246345809922,Foreman,FOREMAN_NAME_KEY,character speech,explicit,explicit speaker label,IT'S BAD ENOUGH THAT THE FLEET SERVICES BUILDING ISN'T UP AND RUNNING YET. CAN YOU HELP WITH THAT?,FOREMAN_NAME_KEY: IT'S BAD ENOUGH THAT THE FLEET SERVICES BUILDING ISN'T UP AND RUNNING YET. CAN YOU HELP WITH THAT?
2269,374820754159411200,Unattributed,,unattributed Yarn text,unknown,no speaker tag; cannot safely infer,Someone from the Ironhaven Corporation sent me.,Someone from the Ironhaven Corporation sent me.
2270,374820754201354240,Executive,EXECUTIVE_NAME_KEY,character speech,explicit,explicit speaker label,"And we're back on track. While he overstepped his corporate responsibility, it appears the Foreman was right to enlist your assistance.","EXECUTIVE_NAME_KEY: And we're back on track. While he overstepped his corporate responsibility, it appears the Foreman was right to enlist your assistance."
2271,374820754201354241,Narrator / scene text,,narration,inferred,third-/second-person scene description,"He walks away, muttering something about modulating voices and waves.","He walks away, muttering something about modulating voices and waves."
2272,374820754201354242,Scientist,SCIENTIST_NAME_KEY,character speech,explicit,explicit speaker label,"Yes...remarkable...the power spikes. Hmm. Fisherman, don't forget about those samples.","SCIENTIST_NAME_KEY: Yes...remarkable...the power spikes. Hmm. Fisherman, don't forget about those samples."
2273,374820754201354243,Executive,EXECUTIVE_NAME_KEY,character speech,explicit,explicit speaker label,MAYBE THE EXECUTIVE WILL HAVE SOME DIALOGUE HERE TOO.,EXECUTIVE_NAME_KEY: MAYBE THE EXECUTIVE WILL HAVE SOME DIALOGUE HERE TOO.
2274,374820754201354244,Executive,EXECUTIVE_NAME_KEY,character speech,explicit,explicit speaker label,"Excellent. Remember Fisherman, I'll permit the workers to [C1]upgrade your hull[/C1] with our tech here.","EXECUTIVE_NAME_KEY: Excellent. Remember Fisherman, I'll permit the workers to [C1]upgrade your hull[/C1] with our tech here."
2275,374820754201354245,Researcher,RESEARCHER_NAME_KEY,character speech,explicit,explicit speaker label,I didn't expect that name to follow me all the way out here. Perhaps that was naive of me.,RESEARCHER_NAME_KEY: I didn't expect that name to follow me all the way out here. Perhaps that was naive of me.
2276,374820754201354246,Researcher,RESEARCHER_NAME_KEY,character speech,explicit,explicit speaker label,"I couldn't give a damn about the rig, or the corp. But not everyone there deserves to face the consequences of the corp's actions.","RESEARCHER_NAME_KEY: I couldn't give a damn about the rig, or the corp. But not everyone there deserves to face the consequences of the corp's actions."
2277,375044890953674752,Player (choice),,player option,inferred,"first-person, question or response text without NPC label",About those defenses on the rig...,About those defenses on the rig...
2278,375044890999812096,Narrator / scene text,,narration,inferred,third-/second-person scene description,You walk the perimeter of the tower. One of the electrical panels hasn't been securely fastened.,You walk the perimeter of the tower. One of the electrical panels hasn't been securely fastened.
2279,375044890999812097,Narrator / scene text,,narration,inferred,third-/second-person scene description,"You open the panel. Inside, a bundle of cables travels from a [C0]black box[/C0], up into the heights of the tower.","You open the panel. Inside, a bundle of cables travels from a [C0]black box[/C0], up into the heights of the tower."
2280,375044890999812098,Narrator / scene text,,narration,inferred,third-/second-person scene description,"After finding the loose panel housing the electrical guts of the tower, you pull out the blueprint for the ""[C3]RISE[/C3]"" module.","After finding the loose panel housing the electrical guts of the tower, you pull out the blueprint for the ""[C3]RISE[/C3]"" module."
2281,375044890999812099,Narrator / scene text,,narration,inferred,third-/second-person scene description,"You remove the old module and insert the new one. As it clicks into place, the sound from the tower changes into a deep rumble.","You remove the old module and insert the new one. As it clicks into place, the sound from the tower changes into a deep rumble."
2282,375044890999812100,Narrator / scene text,,narration,inferred,third-/second-person scene description,"With the last scraps of metal still falling from the destroyed drill tower, the Executive boards his helicopter, rotors already spinning.","With the last scraps of metal still falling from the destroyed drill tower, the Executive boards his helicopter, rotors already spinning."
2283,375044890999812101,Executive,EXECUTIVE_NAME_KEY,character speech,explicit,explicit speaker label,What do you want?,EXECUTIVE_NAME_KEY: What do you want?
2284,375044890999812102,Executive,EXECUTIVE_NAME_KEY,character speech,explicit,explicit speaker label,What else? I don't have all day.,EXECUTIVE_NAME_KEY: What else? I don't have all day.
2285,375044890999812103,Player (choice),,player option,inferred,"first-person, question or response text without NPC label",Why is the Ironhaven corporation interested in this region?,Why is the Ironhaven corporation interested in this region?
2286,375044890999812104,Player (choice),,player option,inferred,"first-person, question or response text without NPC label",What is your Scientist doing with the fish I've been gathering?,What is your Scientist doing with the fish I've been gathering?
2287,375044890999812105,Narrator / scene text,,narration,inferred,third-/second-person scene description,The Foreman was telling the truth. Something attacked the rig!,The Foreman was telling the truth. Something attacked the rig!
2288,375044890999812106,Executive,EXECUTIVE_NAME_KEY,character speech,explicit,explicit speaker label,"The corporation has an interest in every region. Over the next few years, you'll come to understand.","EXECUTIVE_NAME_KEY: The corporation has an interest in every region. Over the next few years, you'll come to understand."
2289,375044890999812107,Executive,EXECUTIVE_NAME_KEY,character speech,explicit,explicit speaker label,Whatever he likes.,EXECUTIVE_NAME_KEY: Whatever he likes.
2290,375044890999812108,Executive,EXECUTIVE_NAME_KEY,character speech,explicit,explicit speaker label,"Well, I don't see it any more, do you?","EXECUTIVE_NAME_KEY: Well, I don't see it any more, do you?"
2291,375044890999812109,Executive,EXECUTIVE_NAME_KEY,character speech,explicit,explicit speaker label,No. We're close now. And it knows it. How long will it take for the drill to break through to the [C3]next layer[/C3]?,EXECUTIVE_NAME_KEY: No. We're close now. And it knows it. How long will it take for the drill to break through to the [C3]next layer[/C3]?
2292,375044890999812110,Researcher,RESEARCHER_NAME_KEY,character speech,explicit,explicit speaker label,Oh? I hope they worked.,RESEARCHER_NAME_KEY: Oh? I hope they worked.
2293,375044890999812111,Researcher,RESEARCHER_NAME_KEY,character speech,explicit,explicit speaker label,"There's one in particular. I've been referring to it by its closest human analogue: ""[C3]RISE[/C3]"".","RESEARCHER_NAME_KEY: There's one in particular. I've been referring to it by its closest human analogue: ""[C3]RISE[/C3]""."
2294,375057878267883520,Narrator / scene text,,narration,inferred,third-/second-person scene description,"THE DEFENSES HAVE BEEN BUILT, AND YOU'RE BACK.","THE DEFENSES HAVE BEEN BUILT, AND YOU'RE BACK."
2295,375388728665141248,Foreman,FOREMAN_NAME_KEY,character speech,explicit,explicit speaker label,"These blueprints are confusing...what even is...okay, I think I follow.","FOREMAN_NAME_KEY: These blueprints are confusing...what even is...okay, I think I follow."
2296,375388728690307072,System / editor,,system or development text,inferred,system/editing wording,EXECUTIVE: DEFENSES POST-CONSTRUCTION DIALOGUE. IS THIS SHOWN?,EXECUTIVE: DEFENSES POST-CONSTRUCTION DIALOGUE. IS THIS SHOWN?
2297,375388728690307073,Player (action choice),,player action choice,inferred,bracketed interactive action,\[Leave.\],\[Leave.\]
2298,375398316051361792,Scientist,SCIENTIST_NAME_KEY,character speech,explicit,explicit speaker label,Hmm?,SCIENTIST_NAME_KEY: Hmm?
2299,375398316059750400,Player (action choice),,player action choice,inferred,bracketed interactive action,\[Return Canister.\],\[Return Canister.\]
2300,375398316059750401,Player (action choice),,player action choice,inferred,bracketed interactive action,\[Submit Samples.\],\[Submit Samples.\]
2301,375398316059750402,Player (action choice),,player action choice,inferred,bracketed interactive action,\[Submit Samples.\],\[Submit Samples.\]
2302,375398316059750403,Player (action choice),,player action choice,inferred,bracketed interactive action,\[Submit Samples.\],\[Submit Samples.\]
2303,375398316059750404,Player (action choice),,player action choice,inferred,bracketed interactive action,\[Submit Samples.\],\[Submit Samples.\]
2304,375398316059750405,Player (action choice),,player action choice,inferred,bracketed interactive action,\[Submit Samples.\],\[Submit Samples.\]
2305,375398316063944704,Player (choice),,player option,inferred,"first-person, question or response text without NPC label",How long have you worked for the Ironhaven corporation?,How long have you worked for the Ironhaven corporation?
2306,375398316063944705,Player (choice),,player option,inferred,"first-person, question or response text without NPC label",How long have you worked for the Ironhaven Corporation?,How long have you worked for the Ironhaven Corporation?
2307,375398316063944706,Unattributed,,unattributed Yarn text,unknown,no speaker tag; cannot safely infer,Option 3,Option 3
2308,375398316063944707,Player (action choice),,player action choice,inferred,bracketed interactive action,\[Leave.\],\[Leave.\]
2309,375398316063944708,Scientist,SCIENTIST_NAME_KEY,character speech,explicit,explicit speaker label,"My whole professional career has been dedicated to scientific research at the corporation. So that's...well, north of half a century now.","SCIENTIST_NAME_KEY: My whole professional career has been dedicated to scientific research at the corporation. So that's...well, north of half a century now."
2310,375398316068139008,Scientist,SCIENTIST_NAME_KEY,character speech,explicit,explicit speaker label,"Well I can't go into specifics, you understand, but the purpose of this platform is to test a crucial hypothesis that I've been working towards for years.","SCIENTIST_NAME_KEY: Well I can't go into specifics, you understand, but the purpose of this platform is to test a crucial hypothesis that I've been working towards for years."
2311,375398316068139009,Scientist,SCIENTIST_NAME_KEY,character speech,explicit,explicit speaker label,TODO: FILLER 3,SCIENTIST_NAME_KEY: TODO: FILLER 3
2312,375398316068139010,Scientist,SCIENTIST_NAME_KEY,character speech,explicit,explicit speaker label,"Oh, and don't forget about that other thing I asked you to do.","SCIENTIST_NAME_KEY: Oh, and don't forget about that other thing I asked you to do."
2313,375402221523005440,Scientist,SCIENTIST_NAME_KEY,character speech,explicit,explicit speaker label,"Fisherman, considering you're not on the corp's payroll, why don't you take this; a small token of my appreciation.","SCIENTIST_NAME_KEY: Fisherman, considering you're not on the corp's payroll, why don't you take this; a small token of my appreciation."
2314,375402221523005441,Scientist,SCIENTIST_NAME_KEY,character speech,explicit,explicit speaker label,"Remember, you've still got to collect a canister of that [C3]contaminant[/C3] for me.","SCIENTIST_NAME_KEY: Remember, you've still got to collect a canister of that [C3]contaminant[/C3] for me."
2315,376128041820450816,Narrator / scene text,,narration,inferred,third-/second-person scene description,"An elevator connecting the docking area to the main platform lies ahead. A man waits nearby, a yellow hardhat strapped to a concerned expression.","An elevator connecting the docking area to the main platform lies ahead. A man waits nearby, a yellow hardhat strapped to a concerned expression."
2316,376128041841422336,Player (choice),,player option,inferred,"first-person, question or response text without NPC label",What is this place?,What is this place?
2317,376128041841422337,Player (choice),,player option,inferred,"first-person, question or response text without NPC label",Who are you?,Who are you?
2318,376128041841422338,Foreman,FOREMAN_NAME_KEY,character speech,explicit,explicit speaker label,"Haven't you heard? This is the [C0]Ironhaven Corporation[/C0]'s new drilling rig. Or, it would be, if we were on schedule. Right now it's just a platform.","FOREMAN_NAME_KEY: Haven't you heard? This is the [C0]Ironhaven Corporation[/C0]'s new drilling rig. Or, it would be, if we were on schedule. Right now it's just a platform."
2319,376128041841422339,Foreman,FOREMAN_NAME_KEY,character speech,explicit,explicit speaker label,"The boss's gonna dock our pay for sure if he shows up and the drill hasn't even started. We've got the foundational stuff laid, but we've been running into some supply issues.","FOREMAN_NAME_KEY: The boss's gonna dock our pay for sure if he shows up and the drill hasn't even started. We've got the foundational stuff laid, but we've been running into some supply issues."
2320,376128041841422340,Narrator / scene text,,narration,inferred,third-/second-person scene description,"He glances nervously at the water, large waves rolling underneath the shadow of the platform.","He glances nervously at the water, large waves rolling underneath the shadow of the platform."
2321,376128041841422341,Foreman,FOREMAN_NAME_KEY,character speech,explicit,explicit speaker label,The ships delivering [C0]crates of materials[/C0] keep [C2]going missing[/C2] - and HQ said they're not able to dispatch any more for a few weeks.,FOREMAN_NAME_KEY: The ships delivering [C0]crates of materials[/C0] keep [C2]going missing[/C2] - and HQ said they're not able to dispatch any more for a few weeks.
2322,376128041841422342,Foreman,FOREMAN_NAME_KEY,character speech,explicit,explicit speaker label,"Look, I wouldn't normally ask a civilian for help, but we're already so far behind... Why don't I mark the [C0]last known coordinates of those ships on your map[/C0]?","FOREMAN_NAME_KEY: Look, I wouldn't normally ask a civilian for help, but we're already so far behind... Why don't I mark the [C0]last known coordinates of those ships on your map[/C0]?"
2323,376128041841422343,Foreman,FOREMAN_NAME_KEY,character speech,explicit,explicit speaker label,"I did find this though. You can use it to patch things up in a pinch. Keep it, it's the least I can do in return for your help.","FOREMAN_NAME_KEY: I did find this though. You can use it to patch things up in a pinch. Keep it, it's the least I can do in return for your help."
2324,376128041841422344,Narrator / scene text,,narration,inferred,third-/second-person scene description,"You approach an old man, pacing back and forth near a cordoned off area on the main platform. He's muttering to himself quietly.","You approach an old man, pacing back and forth near a cordoned off area on the main platform. He's muttering to himself quietly."
2325,376128041841422345,Scientist,SCIENTIST_NAME_KEY,character speech,explicit,explicit speaker label,"All good things, I promise. Say, you must know a great deal about the fish species around here, yes? What've you encountered in these waters?","SCIENTIST_NAME_KEY: All good things, I promise. Say, you must know a great deal about the fish species around here, yes? What've you encountered in these waters?"
2326,376128041841422346,Unattributed,,unattributed Yarn text,unknown,no speaker tag; cannot safely infer,Just your regular fish species. Nothing special.,Just your regular fish species. Nothing special.
2327,376128041841422347,Player (choice),,player option,inferred,"first-person, question or response text without NPC label",Why do you want to know?,Why do you want to know?
2328,376128041841422348,Unattributed,,unattributed Yarn text,unknown,no speaker tag; cannot safely infer,You wouldn't believe me if I told you.,You wouldn't believe me if I told you.
2329,376128041841422349,Unattributed,,unattributed Yarn text,unknown,no speaker tag; cannot safely infer,"His eyes narrow, and a grimace of disappointment briefly tugs at the corners of his mouth.","His eyes narrow, and a grimace of disappointment briefly tugs at the corners of his mouth."
2330,376128041841422350,Scientist,SCIENTIST_NAME_KEY,character speech,explicit,explicit speaker label,"Hmm. I have some hypotheses that suggest - ah, we'll see...perhaps.","SCIENTIST_NAME_KEY: Hmm. I have some hypotheses that suggest - ah, we'll see...perhaps."
2331,376128041841422351,Unattributed,,unattributed Yarn text,unknown,no speaker tag; cannot safely infer,He looks offended.,He looks offended.
2332,376128041841422352,Scientist,SCIENTIST_NAME_KEY,character speech,explicit,explicit speaker label,"You may have certain...preconceived notions about the Ironhaven Corporation's modus operandi, but I assure you, everything we do is with the good of the greater ecosystem in mind.","SCIENTIST_NAME_KEY: You may have certain...preconceived notions about the Ironhaven Corporation's modus operandi, but I assure you, everything we do is with the good of the greater ecosystem in mind."
2333,376128041841422353,Unattributed,,unattributed Yarn text,unknown,no speaker tag; cannot safely infer,"Instead of rolling his eyes, as most people do when they sense a fisherman's tale approaching, the Scientist's eyes glisten with an intense curiosity.","Instead of rolling his eyes, as most people do when they sense a fisherman's tale approaching, the Scientist's eyes glisten with an intense curiosity."
2334,376128041841422354,Scientist,SCIENTIST_NAME_KEY,character speech,explicit,explicit speaker label,Is that so? Perhaps you'll find me a little more imaginative than others.,SCIENTIST_NAME_KEY: Is that so? Perhaps you'll find me a little more imaginative than others.
2335,376128041845616640,Scientist,SCIENTIST_NAME_KEY,character speech,explicit,explicit speaker label,"Before we get into all of that though, it seems my laboratory is also a victim of a missing supply shipment.","SCIENTIST_NAME_KEY: Before we get into all of that though, it seems my laboratory is also a victim of a missing supply shipment."
2336,376128041845616641,Narrator / scene text,,narration,inferred,third-/second-person scene description,The Scientist is waiting inside the lab. You get the sense that he's not very busy at the moment.,The Scientist is waiting inside the lab. You get the sense that he's not very busy at the moment.
2337,376128041845616642,Narrator / scene text,,narration,inferred,third-/second-person scene description,"The Scientist is standing in front of a map of the area. A line is drawn from the location of the rig, down to The Marrows.","The Scientist is standing in front of a map of the area. A line is drawn from the location of the rig, down to The Marrows."
2338,376128041845616643,Scientist,SCIENTIST_NAME_KEY,character speech,explicit,explicit speaker label,How's it going out there?,SCIENTIST_NAME_KEY: How's it going out there?
2339,376128041845616644,Narrator / scene text,,narration,inferred,third-/second-person scene description,"The Scientist is standing in front of a map of the area. A line is drawn from the location of the rig, down to The Marrows and Gale Cliffs.","The Scientist is standing in front of a map of the area. A line is drawn from the location of the rig, down to The Marrows and Gale Cliffs."
2340,376128041845616645,Scientist,SCIENTIST_NAME_KEY,character speech,explicit,explicit speaker label,Can I help you?,SCIENTIST_NAME_KEY: Can I help you?
2341,376128041845616646,Narrator / scene text,,narration,inferred,third-/second-person scene description,"The Scientist is standing in front of a map of the area. A line is drawn from the location of the rig, spreading out through the southern regions.","The Scientist is standing in front of a map of the area. A line is drawn from the location of the rig, spreading out through the southern regions."
2342,376128041845616647,Scientist,SCIENTIST_NAME_KEY,character speech,explicit,explicit speaker label,What is it?,SCIENTIST_NAME_KEY: What is it?
2343,376128041845616648,Narrator / scene text,,narration,inferred,third-/second-person scene description,"The Scientist is standing in front of a map of the area. A line is drawn from the location of the rig, spreading out through almost all regions.","The Scientist is standing in front of a map of the area. A line is drawn from the location of the rig, spreading out through almost all regions."
2344,376128041845616649,Scientist,SCIENTIST_NAME_KEY,character speech,explicit,explicit speaker label,Yes?,SCIENTIST_NAME_KEY: Yes?
2345,376128041845616650,Narrator / scene text,,narration,inferred,third-/second-person scene description,"The Scientist is standing in front of a map of the area. A line is drawn from the location of the rig, spreading out through all regions.","The Scientist is standing in front of a map of the area. A line is drawn from the location of the rig, spreading out through all regions."
2346,376128041845616651,Scientist,SCIENTIST_NAME_KEY,character speech,explicit,explicit speaker label,...?,SCIENTIST_NAME_KEY: ...?
2347,376128041845616652,Foreman,FOREMAN_NAME_KEY,character speech,explicit,explicit speaker label,"That should be enough space for your tubes and fluids, eh?","FOREMAN_NAME_KEY: That should be enough space for your tubes and fluids, eh?"
2348,376128041845616653,Unattributed,,unattributed Yarn text,unknown,no speaker tag; cannot safely infer,The Foreman turns to you.,The Foreman turns to you.
2349,376128041845616654,Foreman,FOREMAN_NAME_KEY,character speech,explicit,explicit speaker label,"I was on the radio to HQ: apparently, this is a [C0]Biofuel Generator[/C0]. It's some new tech the corp wanted to trial out here - and they expected us to supply it ourselves.","FOREMAN_NAME_KEY: I was on the radio to HQ: apparently, this is a [C0]Biofuel Generator[/C0]. It's some new tech the corp wanted to trial out here - and they expected us to supply it ourselves."
2350,376128041845616655,Foreman,FOREMAN_NAME_KEY,character speech,explicit,explicit speaker label,"Thing is, they didn't think to outfit us with any gear for harvesting biomass, and the [C0]Fleet Services[/C0] construction is way down the project list.","FOREMAN_NAME_KEY: Thing is, they didn't think to outfit us with any gear for harvesting biomass, and the [C0]Fleet Services[/C0] construction is way down the project list."
2351,376128041845616656,Foreman,FOREMAN_NAME_KEY,character speech,explicit,explicit speaker label,Think you could help us out again?,FOREMAN_NAME_KEY: Think you could help us out again?
2352,376128041845616657,Foreman,FOREMAN_NAME_KEY,character speech,explicit,explicit speaker label,Haha! We've done it!,FOREMAN_NAME_KEY: Haha! We've done it!
2353,376128041845616658,Narrator / scene text,,narration,inferred,third-/second-person scene description,"A large capsule drops down from a chute labelled ""[C2]WASTE[/C2]"". Through its clear walls you can see remnants of the fish you deposited.","A large capsule drops down from a chute labelled ""[C2]WASTE[/C2]"". Through its clear walls you can see remnants of the fish you deposited."
2354,376128041845616659,Foreman,FOREMAN_NAME_KEY,character speech,explicit,explicit speaker label,"Er, well, you'd probably be able to use that for chum, right? It's yours if you want it.","FOREMAN_NAME_KEY: Er, well, you'd probably be able to use that for chum, right? It's yours if you want it."
2355,376128041845616660,Foreman,FOREMAN_NAME_KEY,character speech,explicit,explicit speaker label,What can I do for you?,FOREMAN_NAME_KEY: What can I do for you?
2356,376128041845616661,Foreman,FOREMAN_NAME_KEY,character speech,explicit,explicit speaker label,Anything else?,FOREMAN_NAME_KEY: Anything else?
2357,376128041845616662,Player (choice),,player option,inferred,"first-person, question or response text without NPC label",What happened to the missing material ships?,What happened to the missing material ships?
2358,376128041845616663,Player (choice),,player option,inferred,"first-person, question or response text without NPC label",What is this rig for?,What is this rig for?
2359,376128041845616664,Player (choice),,player option,inferred,"first-person, question or response text without NPC label",What can you tell me about the Ironhaven Corporation?,What can you tell me about the Ironhaven Corporation?
2360,376128041845616665,Player (action choice),,player action choice,inferred,bracketed interactive action,\[Cutscene Tests\],\[Cutscene Tests\]
2361,376128041845616666,Foreman,FOREMAN_NAME_KEY,character speech,explicit,explicit speaker label,"Ever since we got the legs of the platform seated on the seafloor, the supply ships started going missing. HQ told us they'd left port, but they never showed up.","FOREMAN_NAME_KEY: Ever since we got the legs of the platform seated on the seafloor, the supply ships started going missing. HQ told us they'd left port, but they never showed up."
2362,376128041845616667,Foreman,FOREMAN_NAME_KEY,character speech,explicit,explicit speaker label,I guess the crews thought they could make some money sailing off with the materials and selling them elsewhere. Doesn't seem worth the risk to me.,FOREMAN_NAME_KEY: I guess the crews thought they could make some money sailing off with the materials and selling them elsewhere. Doesn't seem worth the risk to me.
2363,376128041845616668,Foreman,FOREMAN_NAME_KEY,character speech,explicit,explicit speaker label,"The rig is your standard setup, designed to pierce the seabed and collect from fluid reservoirs. It doesn't have much storage capacity though, which is odd. Maybe they're not expecting huge throughput.","FOREMAN_NAME_KEY: The rig is your standard setup, designed to pierce the seabed and collect from fluid reservoirs. It doesn't have much storage capacity though, which is odd. Maybe they're not expecting huge throughput."
2364,376128041845616669,Foreman,FOREMAN_NAME_KEY,character speech,explicit,explicit speaker label,"I didn't actually think there was an oil field out here, but I suppose the surveyors must have found something - else I wouldn't be here talking to you.","FOREMAN_NAME_KEY: I didn't actually think there was an oil field out here, but I suppose the surveyors must have found something - else I wouldn't be here talking to you."
2365,376128041845616670,Foreman,FOREMAN_NAME_KEY,character speech,explicit,explicit speaker label,"I've been with the corp for about a decade now; started out as a laborer on projects like this one - not always out to sea, mind you - and I've worked my way up to site foreman.","FOREMAN_NAME_KEY: I've been with the corp for about a decade now; started out as a laborer on projects like this one - not always out to sea, mind you - and I've worked my way up to site foreman."
2366,376128041845616671,Foreman,FOREMAN_NAME_KEY,character speech,explicit,explicit speaker label,"The corp itself? It's pretty successful, bit of an institution. It's been around for hundreds of years, in one form or another. They always seem to be diversifying into new areas.","FOREMAN_NAME_KEY: The corp itself? It's pretty successful, bit of an institution. It's been around for hundreds of years, in one form or another. They always seem to be diversifying into new areas."
2367,376128041845616672,Foreman,FOREMAN_NAME_KEY,character speech,explicit,explicit speaker label,"The whole drilling division is guided by the [C0]Scientist[/C0]. He calls the shots when it comes to deciding on sites. Boss seems to listen to him, too.","FOREMAN_NAME_KEY: The whole drilling division is guided by the [C0]Scientist[/C0]. He calls the shots when it comes to deciding on sites. Boss seems to listen to him, too."
2368,376128041845616673,Player (action choice),,player action choice,inferred,bracketed interactive action,\[Back.\],\[Back.\]
2369,376128041845616674,Foreman,FOREMAN_NAME_KEY,character speech,explicit,explicit speaker label,Initiating drill deployment in 3...,FOREMAN_NAME_KEY: Initiating drill deployment in 3...
2370,376128041845616675,Foreman,FOREMAN_NAME_KEY,character speech,explicit,explicit speaker label,2...,FOREMAN_NAME_KEY: 2...
2371,376128041845616676,Foreman,FOREMAN_NAME_KEY,character speech,explicit,explicit speaker label,1...,FOREMAN_NAME_KEY: 1...
2372,376128041845616677,Unattributed,,unattributed Yarn text,unknown,no speaker tag; cannot safely infer,The drill descends.,The drill descends.
2373,376152647138635776,Foreman,FOREMAN_NAME_KEY,character speech,explicit,explicit speaker label,"I'm the site foreman, and this is the [C0]Ironhaven Corporation[/C0]'s new drilling rig. Or, it would be, if we were on schedule. Right now it's just a platform.","FOREMAN_NAME_KEY: I'm the site foreman, and this is the [C0]Ironhaven Corporation[/C0]'s new drilling rig. Or, it would be, if we were on schedule. Right now it's just a platform."
2374,376152647188967424,Narrator / scene text,,narration,inferred,third-/second-person scene description,"The Scientist walks over, gripping handrails to counteract the shockwaves from the drill.","The Scientist walks over, gripping handrails to counteract the shockwaves from the drill."
2375,376152647188967425,Scientist,SCIENTIST_NAME_KEY,character speech,explicit,explicit speaker label,We've broken through! We're underway at last!,SCIENTIST_NAME_KEY: We've broken through! We're underway at last!
2376,376152647188967426,Foreman,FOREMAN_NAME_KEY,character speech,explicit,explicit speaker label,And what about that [C2]huge crack[/C2] that opened up?! Is the reservoir stable?,FOREMAN_NAME_KEY: And what about that [C2]huge crack[/C2] that opened up?! Is the reservoir stable?
2377,376152647188967427,Scientist,SCIENTIST_NAME_KEY,character speech,explicit,explicit speaker label,"Also, we would be remiss in our duties to the local population if we didn't [C0]survey the area[/C0] and [C0]gather some data[/C0]. In that vein, fisherman, I have something for you.","SCIENTIST_NAME_KEY: Also, we would be remiss in our duties to the local population if we didn't [C0]survey the area[/C0] and [C0]gather some data[/C0]. In that vein, fisherman, I have something for you."
2378,376152647188967428,Scientist,SCIENTIST_NAME_KEY,character speech,explicit,explicit speaker label,"The [C0]Factory[/C0] has recently become operational, allowing us to manufacture [C1]equipment infused with the corporation's latest breakthroughs[/C1]. This is a new design.","SCIENTIST_NAME_KEY: The [C0]Factory[/C0] has recently become operational, allowing us to manufacture [C1]equipment infused with the corporation's latest breakthroughs[/C1]. This is a new design."
2379,376210882889609216,Narrator / scene text,,narration,inferred,third-/second-person scene description,"The Scientist looks taken aback. He consults some papers on his desk, then leafs through an old encyclopedia.","The Scientist looks taken aback. He consults some papers on his desk, then leafs through an old encyclopedia."
2380,376210882893803520,Scientist,SCIENTIST_NAME_KEY,character speech,explicit,explicit speaker label,"This is...remarkable. Some of these species...have you caught these before? They haven't been seen outside the fossil record since...well, ever!","SCIENTIST_NAME_KEY: This is...remarkable. Some of these species...have you caught these before? They haven't been seen outside the fossil record since...well, ever!"
2381,376210882893803521,Scientist,SCIENTIST_NAME_KEY,character speech,explicit,explicit speaker label,"I suppose it could make sense; the fissure opening caused some kind of disturbance in the deep, possibly spooking some of these fish up the water column.","SCIENTIST_NAME_KEY: I suppose it could make sense; the fissure opening caused some kind of disturbance in the deep, possibly spooking some of these fish up the water column."
2382,376210882893803522,Scientist,SCIENTIST_NAME_KEY,character speech,explicit,explicit speaker label,I'll run some tests on these -,SCIENTIST_NAME_KEY: I'll run some tests on these -
2383,376210882893803523,Scientist,SCIENTIST_NAME_KEY,character speech,explicit,explicit speaker label,We must know...where these creatures entered...where the [C3]blood[/C3]...,SCIENTIST_NAME_KEY: We must know...where these creatures entered...where the [C3]blood[/C3]...
2384,376210882893803524,Narrator / scene text,,narration,inferred,third-/second-person scene description,"The Scientist inserts a syringe into each of the creatures, now laying long-dead on the slab. From each, in turn, he draws a vial of fluid.","The Scientist inserts a syringe into each of the creatures, now laying long-dead on the slab. From each, in turn, he draws a vial of fluid."
2385,376210882893803525,Scientist,SCIENTIST_NAME_KEY,character speech,explicit,explicit speaker label,This will only take a moment.,SCIENTIST_NAME_KEY: This will only take a moment.
2386,376210882893803526,Unattributed,,unattributed Yarn text,unknown,no speaker tag; cannot safely infer,"Some vials contain the type of blood you might expect; deep and red, catching glints of light from the fluorescent bulbs overhead.","Some vials contain the type of blood you might expect; deep and red, catching glints of light from the fluorescent bulbs overhead."
2387,376210882893803527,Unattributed,,unattributed Yarn text,unknown,no speaker tag; cannot safely infer,"Other corpses yield a [C3]dark, clotted substance[/C3] that seems to crawl up into the vial by itself. It shimmers with a quiet iridescence, as if lit from inside.","Other corpses yield a [C3]dark, clotted substance[/C3] that seems to crawl up into the vial by itself. It shimmers with a quiet iridescence, as if lit from inside."
2388,376210882893803528,Scientist,SCIENTIST_NAME_KEY,character speech,explicit,explicit speaker label,There was always a chance this might happen. The [C0]Engineer[/C0] at the [C0]Factory[/C0] has been working on a system to siphon such [C3]contaminants[/C3] from the water.,SCIENTIST_NAME_KEY: There was always a chance this might happen. The [C0]Engineer[/C0] at the [C0]Factory[/C0] has been working on a system to siphon such [C3]contaminants[/C3] from the water.
2389,376210882893803529,Narrator / scene text,,narration,inferred,third-/second-person scene description,He places the vials of what should be fish blood in a rack in front of him.,He places the vials of what should be fish blood in a rack in front of him.
2390,376210882893803530,Scientist,SCIENTIST_NAME_KEY,character speech,explicit,explicit speaker label,I'd very much like a [C3]canister[/C3] of it.,SCIENTIST_NAME_KEY: I'd very much like a [C3]canister[/C3] of it.
2391,380189447693377536,Player (action choice),,player action choice,inferred,bracketed interactive action,\[Open it.\],\[Open it.\]
2392,380189447722737664,Narrator / scene text,,narration,inferred,third-/second-person scene description,"The [C0]black box[/C0] has a number of [C0]empty slots[/C0] on the top, one of which has a module inserted into it. It's labelled ""[C2]FLEE[/C2]"" in electrical tape.","The [C0]black box[/C0] has a number of [C0]empty slots[/C0] on the top, one of which has a module inserted into it. It's labelled ""[C2]FLEE[/C2]"" in electrical tape."
2393,380189447722737665,Unattributed,,unattributed Yarn text,unknown,no speaker tag; cannot safely infer,"Considering this is her invention, perhaps the [C0]Researcher[/C0] in [C0]Stellar Basin[/C0] would have some advice.","Considering this is her invention, perhaps the [C0]Researcher[/C0] in [C0]Stellar Basin[/C0] would have some advice."
2394,380189447722737666,Player (action choice),,player action choice,inferred,bracketed interactive action,\[Ignore it.\],\[Ignore it.\]
2395,380189447722737667,Executive,EXECUTIVE_NAME_KEY,character speech,explicit,explicit speaker label,But I think you know how this works by now. You'll have to gather the materials yourself.,EXECUTIVE_NAME_KEY: But I think you know how this works by now. You'll have to gather the materials yourself.
2396,380189447722737668,Unattributed,,unattributed Yarn text,unknown,no speaker tag; cannot safely infer,GIVE HULL REPAIR KIT HERE.,GIVE HULL REPAIR KIT HERE.
2397,380189447722737669,Narrator / scene text,,narration,inferred,third-/second-person scene description,THERE MAY BE ANOTHER CUTSCENE HERE WHERE THE EXECUTIVE FLIES AWAY.,THERE MAY BE ANOTHER CUTSCENE HERE WHERE THE EXECUTIVE FLIES AWAY.
2398,380189447722737670,Foreman,FOREMAN_NAME_KEY,character speech,explicit,explicit speaker label,"Uh, is everyone alright?","FOREMAN_NAME_KEY: Uh, is everyone alright?"
2399,380189447722737671,Engineer,ENGINEER_NAME_KEY,character speech,explicit,explicit speaker label,All accounted for in the Factory.,ENGINEER_NAME_KEY: All accounted for in the Factory.
2400,380189447722737672,Founder,FOUNDER_NAME_KEY,character speech,explicit,explicit speaker label,Mmmh. Yep. Foundry's fine.,FOUNDER_NAME_KEY: Mmmh. Yep. Foundry's fine.
2401,380189447722737673,Foreman,FOREMAN_NAME_KEY,character speech,explicit,explicit speaker label,I guess we'll wait for our airlifts outta here. There's no way I'm travelling anywhere by boat.,FOREMAN_NAME_KEY: I guess we'll wait for our airlifts outta here. There's no way I'm travelling anywhere by boat.
2402,380189447722737674,Engineer,ENGINEER_NAME_KEY,character speech,explicit,explicit speaker label,"Yeah, I'll sit tight for now. Fisherman, the main buildings are mostly undamaged, so if you still need stuff made, we can sort you out.","ENGINEER_NAME_KEY: Yeah, I'll sit tight for now. Fisherman, the main buildings are mostly undamaged, so if you still need stuff made, we can sort you out."
2403,380189447722737675,Narrator / scene text,,narration,inferred,third-/second-person scene description,"He holds it up to the light. For a moment, the fluorescent bulbs in the room flicker and buzz, light recoiling in a pattern against the ceiling.","He holds it up to the light. For a moment, the fluorescent bulbs in the room flicker and buzz, light recoiling in a pattern against the ceiling."
2404,380189447722737676,Unattributed,,unattributed Yarn text,unknown,no speaker tag; cannot safely infer,"If he saw anything noteworthy about the liquid, he doesn't let on.","If he saw anything noteworthy about the liquid, he doesn't let on."
2405,380189447722737677,Narrator / scene text,,narration,inferred,third-/second-person scene description,"The Scientist arranges the specimens, now laid out on a metal table in front of him. He connects electrodes and wires to the head of each.","The Scientist arranges the specimens, now laid out on a metal table in front of him. He connects electrodes and wires to the head of each."
2406,380189447722737678,Scientist,SCIENTIST_NAME_KEY,character speech,explicit,explicit speaker label,"The brains of fish are primitive. In many ways, their simplicity is a kind of purity. No burdensome emotions to confuse the data.","SCIENTIST_NAME_KEY: The brains of fish are primitive. In many ways, their simplicity is a kind of purity. No burdensome emotions to confuse the data."
2407,380189447726931968,Scientist,SCIENTIST_NAME_KEY,character speech,explicit,explicit speaker label,"Just as rigor mortis locks the muscles, the final shape of the mind is held by the brain. But it can be...extracted.","SCIENTIST_NAME_KEY: Just as rigor mortis locks the muscles, the final shape of the mind is held by the brain. But it can be...extracted."
2408,380189447726931969,Narrator / scene text,,narration,inferred,third-/second-person scene description,"The room is pierced with the sharp sound of capacitors charging. The corpses on the bench jolt in unison, slackened muscles arch and tense before lying still again.","The room is pierced with the sharp sound of capacitors charging. The corpses on the bench jolt in unison, slackened muscles arch and tense before lying still again."
2409,380189447726931970,Narrator / scene text,,narration,inferred,third-/second-person scene description,"The Scientist is already looking at the four monitors behind him. The same vague shape scrolls across each screen; ragged circle, writhing cell, lidless eye, yawning pit.","The Scientist is already looking at the four monitors behind him. The same vague shape scrolls across each screen; ragged circle, writhing cell, lidless eye, yawning pit."
2410,380189447726931971,Scientist,SCIENTIST_NAME_KEY,character speech,explicit,explicit speaker label,The difficulty is in reading it.,SCIENTIST_NAME_KEY: The difficulty is in reading it.
2411,380189447726931972,Scientist,SCIENTIST_NAME_KEY,character speech,explicit,explicit speaker label,With the corporation leadership here...I have to focus. There are...pressures acting upon me.,SCIENTIST_NAME_KEY: With the corporation leadership here...I have to focus. There are...pressures acting upon me.
2412,380189447726931973,Narrator / scene text,,narration,inferred,third-/second-person scene description,"He places the specimens into a large metal chamber before sealing the lid. A motor runs briefly, and a pressure gauge on the chamber rises.","He places the specimens into a large metal chamber before sealing the lid. A motor runs briefly, and a pressure gauge on the chamber rises."
2413,380189447726931974,Scientist,SCIENTIST_NAME_KEY,character speech,explicit,explicit speaker label,The [C3]elder[/C3]...communicates in power...,SCIENTIST_NAME_KEY: The [C3]elder[/C3]...communicates in power...
2414,380189447726931975,Narrator / scene text,,narration,inferred,third-/second-person scene description,"He flips a large switch, and the metal chamber begins to spin. Slowly at first, then accelerating until the whole thing is a blur.","He flips a large switch, and the metal chamber begins to spin. Slowly at first, then accelerating until the whole thing is a blur."
2415,380189447726931976,Unattributed,,unattributed Yarn text,unknown,no speaker tag; cannot safely infer,"Needles etch onto graph paper, transcribing the ascent of...something, scratched out at speed. A [C3]Dark Fluid[/C3] rises from a tube connected to the chamber.","Needles etch onto graph paper, transcribing the ascent of...something, scratched out at speed. A [C3]Dark Fluid[/C3] rises from a tube connected to the chamber."
2416,380189447726931977,Scientist,SCIENTIST_NAME_KEY,character speech,explicit,explicit speaker label,Not yet...pure. We'll need more...down...deeper!,SCIENTIST_NAME_KEY: Not yet...pure. We'll need more...down...deeper!
2417,380189447726931978,Player (choice),,player option,inferred,"first-person, question or response text without NPC label",IS THE SCIENTIST BEHIND THE BLACKBOARD HERE?,IS THE SCIENTIST BEHIND THE BLACKBOARD HERE?
2418,380189447726931979,Narrator / scene text,,narration,inferred,third-/second-person scene description,"With shocking speed he rushes towards the table, grabbing at the corpses.","With shocking speed he rushes towards the table, grabbing at the corpses."
2419,380189447726931980,Narrator / scene text,,narration,inferred,third-/second-person scene description,"The shape that bursts through the blackboard barely resembles the Scientist; no longer meek and cowed, now a frightening visage of stretched skin and sharp teeth.","The shape that bursts through the blackboard barely resembles the Scientist; no longer meek and cowed, now a frightening visage of stretched skin and sharp teeth."
2420,380189447726931981,Narrator / scene text,,narration,inferred,third-/second-person scene description,"With a sickening crunch, he bites down into the sea scorpion carcass, [C3]black liquid[/C3] dripping from his mouth.","With a sickening crunch, he bites down into the sea scorpion carcass, [C3]black liquid[/C3] dripping from his mouth."
2421,380189447726931982,Unattributed,,unattributed Yarn text,unknown,no speaker tag; cannot safely infer,"His terrible head snaps up to lock eyes with yours. A feral cry rises from his lungs, forming an accusatory scream with freshly born claws pointed in your direction.","His terrible head snaps up to lock eyes with yours. A feral cry rises from his lungs, forming an accusatory scream with freshly born claws pointed in your direction."
2422,380189447726931983,Narrator / scene text,,narration,inferred,third-/second-person scene description,"With limbs overcome by frantic spasms, he stumbles towards the nearest window, slowly at first, then arriving at considerable speed.","With limbs overcome by frantic spasms, he stumbles towards the nearest window, slowly at first, then arriving at considerable speed."
2423,380189447726931984,Unattributed,,unattributed Yarn text,unknown,no speaker tag; cannot safely infer,GLASS SHATTER HERE?,GLASS SHATTER HERE?
2424,380189447726931985,Narrator / scene text,,narration,inferred,third-/second-person scene description,"The aberrated form of the Scientist crashes through the glass, diving out, beyond the deck of the platform, down, hitting the water, then disappearing into the deep.","The aberrated form of the Scientist crashes through the glass, diving out, beyond the deck of the platform, down, hitting the water, then disappearing into the deep."
2425,380189447726931986,Unattributed,,unattributed Yarn text,unknown,no speaker tag; cannot safely infer,MINI CUTSCENE HERE?,MINI CUTSCENE HERE?
2426,380189447726931987,Foreman,FOREMAN_NAME_KEY,character speech,explicit,explicit speaker label,Ah hell...that's enough! Drill is clear - I repeat - drill is clear. Shut it down!,FOREMAN_NAME_KEY: Ah hell...that's enough! Drill is clear - I repeat - drill is clear. Shut it down!
2427,380189447726931988,Unattributed,,unattributed Yarn text,unknown,no speaker tag; cannot safely infer,"Down in the deep, something begins to brush against the legs of the rig.","Down in the deep, something begins to brush against the legs of the rig."
2428,380189447726931989,Narrator / scene text,,narration,inferred,third-/second-person scene description,"A droning voice begins to sound from the top of the rig, reverberating through the metal, down into the deep.","A droning voice begins to sound from the top of the rig, reverberating through the metal, down into the deep."
2429,380189447726931990,Foreman,FOREMAN_NAME_KEY,character speech,explicit,explicit speaker label,"But sir, the seafloor here...it shouldn't be disturbed; this whole rig is built on some kind of...living fault! You have to trust me!","FOREMAN_NAME_KEY: But sir, the seafloor here...it shouldn't be disturbed; this whole rig is built on some kind of...living fault! You have to trust me!"
2430,380189447726931991,Executive,EXECUTIVE_NAME_KEY,character speech,explicit,explicit speaker label,"Trust you? You, who couldn't even keep shipments in order, who involved locals, just to save your own hide?","EXECUTIVE_NAME_KEY: Trust you? You, who couldn't even keep shipments in order, who involved locals, just to save your own hide?"
2431,380189447726931992,Unattributed,,unattributed Yarn text,unknown,no speaker tag; cannot safely infer,The Foreman cowers behind a clipboard.,The Foreman cowers behind a clipboard.
2432,380189447726931993,Executive,EXECUTIVE_NAME_KEY,character speech,explicit,explicit speaker label,"You, who put this whole operation in jeopardy?!","EXECUTIVE_NAME_KEY: You, who put this whole operation in jeopardy?!"
2433,380189447726931994,Executive,EXECUTIVE_NAME_KEY,character speech,explicit,explicit speaker label,Enough of this! Your concerns end at steel and scaffolding; the future of this corporation is for me alone to decide!,EXECUTIVE_NAME_KEY: Enough of this! Your concerns end at steel and scaffolding; the future of this corporation is for me alone to decide!
2434,380189447726931995,Executive,EXECUTIVE_NAME_KEY,character speech,explicit,explicit speaker label,Fire it up.,EXECUTIVE_NAME_KEY: Fire it up.
2435,380189447726931996,Narrator / scene text,,narration,inferred,third-/second-person scene description,The drill descends once more into the blackness under the rig.,The drill descends once more into the blackness under the rig.
2436,380189447726931997,Executive,EXECUTIVE_NAME_KEY,character speech,explicit,explicit speaker label,We're almost there. Give it another push. How much power can we give this thing?,EXECUTIVE_NAME_KEY: We're almost there. Give it another push. How much power can we give this thing?
2437,380189447726931998,Foreman,FOREMAN_NAME_KEY,character speech,explicit,explicit speaker label,"Sir, I don't think - we really shouldn't...","FOREMAN_NAME_KEY: Sir, I don't think - we really shouldn't..."
2438,380189447726931999,Narrator / scene text,,narration,inferred,third-/second-person scene description,"The executive shoots the foreman a glance, disdain and dismissal lacing the muscles on his face. The Foreman backs down, defeated.","The executive shoots the foreman a glance, disdain and dismissal lacing the muscles on his face. The Foreman backs down, defeated."
2439,380189447726932000,Foreman,FOREMAN_NAME_KEY,character speech,explicit,explicit speaker label,"Setting the drill to full power, sir.","FOREMAN_NAME_KEY: Setting the drill to full power, sir."
2440,380189447726932001,Unattributed,,unattributed Yarn text,unknown,no speaker tag; cannot safely infer,"Machinery in the drill tower steps into overdrive, blurring the air with the sound of gears turning.","Machinery in the drill tower steps into overdrive, blurring the air with the sound of gears turning."
2441,380189447726932002,Scientist,SCIENTIST_NAME_KEY,character speech,explicit,explicit speaker label,"It seems the reservoir is more unstable than we anticipated. Even with the [C1]drill removed[/C1], it appears the [C2]fissure is continuing to expand[/C2].","SCIENTIST_NAME_KEY: It seems the reservoir is more unstable than we anticipated. Even with the [C1]drill removed[/C1], it appears the [C2]fissure is continuing to expand[/C2]."
2442,380189447726932003,Narrator / scene text,,narration,inferred,third-/second-person scene description,"The Scientist steps away from the nearby window, knuckles still white from gripping the frame moments before.","The Scientist steps away from the nearby window, knuckles still white from gripping the frame moments before."
2443,380189447726932004,Narrator / scene text,,narration,inferred,third-/second-person scene description,He turns back and presses his forehead against the glass.,He turns back and presses his forehead against the glass.
2444,380189447726932005,Scientist,SCIENTIST_NAME_KEY,character speech,explicit,explicit speaker label,"It was a way of...[C3]communicating[/C3], I suppose. We were working on emulating a language that we didn't fully understand. She began to twist the words.","SCIENTIST_NAME_KEY: It was a way of...[C3]communicating[/C3], I suppose. We were working on emulating a language that we didn't fully understand. She began to twist the words."
2445,380189447726932006,Scientist,SCIENTIST_NAME_KEY,character speech,explicit,explicit speaker label,"But she didn't agree with Ironhaven's methods. So, leveraging my role on the board for the Research Society, I pulled some strings and had her posted far away. To [C0]Stellar Basin[/C0].","SCIENTIST_NAME_KEY: But she didn't agree with Ironhaven's methods. So, leveraging my role on the board for the Research Society, I pulled some strings and had her posted far away. To [C0]Stellar Basin[/C0]."
2446,380189447726932007,Scientist,SCIENTIST_NAME_KEY,character speech,explicit,explicit speaker label,"Please, [C0]go and find her[/C0]. I hope she's progressed her research sufficiently to help us.","SCIENTIST_NAME_KEY: Please, [C0]go and find her[/C0]. I hope she's progressed her research sufficiently to help us."
2447,380189447726932008,Unattributed,,unattributed Yarn text,unknown,no speaker tag; cannot safely infer,The man in the suit turns to you.,The man in the suit turns to you.
2448,380189447726932009,Executive,EXECUTIVE_NAME_KEY,character speech,explicit,explicit speaker label,"There's one final building that needs to be constructed on this platform - [C0]Fleet Services[/C0]. Without this building, we're unable to scale our efforts efficiently.","EXECUTIVE_NAME_KEY: There's one final building that needs to be constructed on this platform - [C0]Fleet Services[/C0]. Without this building, we're unable to scale our efforts efficiently."
2449,380189447726932010,Executive,EXECUTIVE_NAME_KEY,character speech,explicit,explicit speaker label,"I'll cut you a deal. If you assist in the construction of this building, I'll permit the workers to fit your vessel with a [C1]significant hull upgrade[/C1].","EXECUTIVE_NAME_KEY: I'll cut you a deal. If you assist in the construction of this building, I'll permit the workers to fit your vessel with a [C1]significant hull upgrade[/C1]."
2450,380189447726932011,Executive,EXECUTIVE_NAME_KEY,character speech,explicit,explicit speaker label,Get on with it.,EXECUTIVE_NAME_KEY: Get on with it.
2451,380189447726932012,Narrator / scene text,,narration,inferred,third-/second-person scene description,"As the roar of the [C0]giant creature[/C0] fades, it leaves behind a silence on all that witnessed it. Faces stare from windows and hands grip railings, trying to process the spectacle.","As the roar of the [C0]giant creature[/C0] fades, it leaves behind a silence on all that witnessed it. Faces stare from windows and hands grip railings, trying to process the spectacle."
2452,380189447726932013,Foreman,FOREMAN_NAME_KEY,character speech,explicit,explicit speaker label,"Boss, that must have been the thing that got all our material shipments - and [C0]now it's coming for the rig[/C0]!","FOREMAN_NAME_KEY: Boss, that must have been the thing that got all our material shipments - and [C0]now it's coming for the rig[/C0]!"
2453,380189447726932014,Narrator / scene text,,narration,inferred,third-/second-person scene description,A murmur of panic begins to rise from the onlookers.,A murmur of panic begins to rise from the onlookers.
2454,380189447726932015,Foreman,FOREMAN_NAME_KEY,character speech,explicit,explicit speaker label,"Uh, it still has a little way to go - but you can't be serious, surely? Not with that thing in the water here?! [C2]Our lives are in danger and you want to keep drilling?![/C2]","FOREMAN_NAME_KEY: Uh, it still has a little way to go - but you can't be serious, surely? Not with that thing in the water here?! [C2]Our lives are in danger and you want to keep drilling?![/C2]"
2455,380189447726932016,Executive,EXECUTIVE_NAME_KEY,character speech,explicit,explicit speaker label,Get it done.,EXECUTIVE_NAME_KEY: Get it done.
2456,380189447726932017,Narrator / scene text,,narration,inferred,third-/second-person scene description,"The Executive turns and walks away towards his office, leaving the Foreman shaking his head.","The Executive turns and walks away towards his office, leaving the Foreman shaking his head."
2457,380189447726932018,Foreman,FOREMAN_NAME_KEY,character speech,explicit,explicit speaker label,He's insane. What the hell are we doing here? This drill...whatever's down there. [S1]We shouldn't be disturbing it[/S1].,FOREMAN_NAME_KEY: He's insane. What the hell are we doing here? This drill...whatever's down there. [S1]We shouldn't be disturbing it[/S1].
2458,380189447726932019,Foreman,FOREMAN_NAME_KEY,character speech,explicit,explicit speaker label,Fisherman. You've got to help us. He won't listen to reason. But perhaps he'll listen to an...[C0]operational setback[/C0].,FOREMAN_NAME_KEY: Fisherman. You've got to help us. He won't listen to reason. But perhaps he'll listen to an...[C0]operational setback[/C0].
2459,380189447726932020,Player (choice),,player option,inferred,"first-person, question or response text without NPC label",What do you have in mind?,What do you have in mind?
2460,380189447726932021,Player (choice),,player option,inferred,"first-person, question or response text without NPC label","What do you mean by ""operational setback""?","What do you mean by ""operational setback""?"
2461,380189447726932022,Foreman,FOREMAN_NAME_KEY,character speech,explicit,explicit speaker label,We can't shut down the drill ourselves - not without [C2]repercussions from the corporation following us for the rest of our lives[/C2].,FOREMAN_NAME_KEY: We can't shut down the drill ourselves - not without [C2]repercussions from the corporation following us for the rest of our lives[/C2].
2462,380189447726932023,Foreman,FOREMAN_NAME_KEY,character speech,explicit,explicit speaker label,"But if it were to be damaged by a force of nature or...[C3]force of the deep[/C3], we'd have no choice but to abandon our positions.","FOREMAN_NAME_KEY: But if it were to be damaged by a force of nature or...[C3]force of the deep[/C3], we'd have no choice but to abandon our positions."
2463,380189447726932024,Foreman,FOREMAN_NAME_KEY,character speech,explicit,explicit speaker label,"I know it sounds crazy. But if the [C0]defenses were to stop operating[/C0] suddenly, it would leave the [C1]drill vulnerable[/C1].","FOREMAN_NAME_KEY: I know it sounds crazy. But if the [C0]defenses were to stop operating[/C0] suddenly, it would leave the [C1]drill vulnerable[/C1]."
2464,380189447726932025,Foreman,FOREMAN_NAME_KEY,character speech,explicit,explicit speaker label,"Please. Have a think, see what you can do.","FOREMAN_NAME_KEY: Please. Have a think, see what you can do."
2465,380189447726932026,Researcher,RESEARCHER_NAME_KEY,character speech,explicit,explicit speaker label,So. What do you want?,RESEARCHER_NAME_KEY: So. What do you want?
2466,380189447726932027,Researcher,RESEARCHER_NAME_KEY,character speech,explicit,explicit speaker label,What else?,RESEARCHER_NAME_KEY: What else?
2467,380189447726932028,Narrator / scene text,,narration,inferred,third-/second-person scene description,The Ironhaven Corporation has been constructing a drilling platform.,The Ironhaven Corporation has been constructing a drilling platform.
2468,380189447726932029,Unattributed,,unattributed Yarn text,unknown,no speaker tag; cannot safely infer,Ironhaven Corporation's head Scientist seems to know you.,Ironhaven Corporation's head Scientist seems to know you.
2469,380189447726932030,Player (choice),,player option,inferred,"first-person, question or response text without NPC label",Tell me about the defensive tech you've been working on.,Tell me about the defensive tech you've been working on.
2470,380189447726932031,Player (choice),,player option,inferred,"first-person, question or response text without NPC label",We need to protect the rig and its workers.,We need to protect the rig and its workers.
2471,380189447731126272,Unattributed,,unattributed Yarn text,unknown,no speaker tag; cannot safely infer,That's all.,That's all.
2472,380189447731126273,Researcher,RESEARCHER_NAME_KEY,character speech,explicit,explicit speaker label,"Oh, and you're helping them with that, I suppose? Do you have any idea what they're even doing?","RESEARCHER_NAME_KEY: Oh, and you're helping them with that, I suppose? Do you have any idea what they're even doing?"
2473,380189447731126274,Narrator / scene text,,narration,inferred,third-/second-person scene description,She turns away and tries to recompose herself with a few deep breaths.,She turns away and tries to recompose herself with a few deep breaths.
2474,380189447731126275,Researcher,RESEARCHER_NAME_KEY,character speech,explicit,explicit speaker label,"Of course you don't. You're just trying to help. But you've seen what's happened to the water here - and elsewhere, I imagine.","RESEARCHER_NAME_KEY: Of course you don't. You're just trying to help. But you've seen what's happened to the water here - and elsewhere, I imagine."
2475,380189447731126276,Researcher,RESEARCHER_NAME_KEY,character speech,explicit,explicit speaker label,"And I know him. He's the reason I was posted all the way out here, so far from home. He might've mentioned that I studied under him.","RESEARCHER_NAME_KEY: And I know him. He's the reason I was posted all the way out here, so far from home. He might've mentioned that I studied under him."
2476,380189447731126277,Researcher,RESEARCHER_NAME_KEY,character speech,explicit,explicit speaker label,"But I studied him, too. His theories on nature's cycles were...odd. He never went into much detail, but his work had some curious influences.","RESEARCHER_NAME_KEY: But I studied him, too. His theories on nature's cycles were...odd. He never went into much detail, but his work had some curious influences."
2477,380189447731126278,Researcher,RESEARCHER_NAME_KEY,character speech,explicit,explicit speaker label,"I heard whispers through the door of his office, saw confusing diagrams that lingered in half-erased chalk dust and on torn up shreds of paper.","RESEARCHER_NAME_KEY: I heard whispers through the door of his office, saw confusing diagrams that lingered in half-erased chalk dust and on torn up shreds of paper."
2478,380189447731126279,Researcher,RESEARCHER_NAME_KEY,character speech,explicit,explicit speaker label,Never could make much sense of it.,RESEARCHER_NAME_KEY: Never could make much sense of it.
2479,380189447731126280,Researcher,RESEARCHER_NAME_KEY,character speech,explicit,explicit speaker label,"Well, it's the same tech used in that Repulsion Machine I gave you.","RESEARCHER_NAME_KEY: Well, it's the same tech used in that Repulsion Machine I gave you."
2480,380189447731126281,Researcher,RESEARCHER_NAME_KEY,character speech,explicit,explicit speaker label,"Strictly speaking, I wouldn't call it a defense system. It doesn't interact with anything on a physical level.","RESEARCHER_NAME_KEY: Strictly speaking, I wouldn't call it a defense system. It doesn't interact with anything on a physical level."
2481,380189447731126282,Researcher,RESEARCHER_NAME_KEY,character speech,explicit,explicit speaker label,"You see, Ironhaven's scientific communication division have long been working on projects to further their exertion over the natural world.","RESEARCHER_NAME_KEY: You see, Ironhaven's scientific communication division have long been working on projects to further their exertion over the natural world."
2482,380189447731126283,Researcher,RESEARCHER_NAME_KEY,character speech,explicit,explicit speaker label,"It's complicated stuff, but essentially they were trying to emit signals to communicate with...well, anything they wanted to, I suppose.","RESEARCHER_NAME_KEY: It's complicated stuff, but essentially they were trying to emit signals to communicate with...well, anything they wanted to, I suppose."
2483,380189447731126284,Researcher,RESEARCHER_NAME_KEY,character speech,explicit,explicit speaker label,"The tech I've been working on is along those lines, but instead of a wide spectrum of communication, it attempts to broadcast a single 'word': ""[C2]FLEE[/C2]"".","RESEARCHER_NAME_KEY: The tech I've been working on is along those lines, but instead of a wide spectrum of communication, it attempts to broadcast a single 'word': ""[C2]FLEE[/C2]""."
2484,380189447731126285,Researcher,RESEARCHER_NAME_KEY,character speech,explicit,explicit speaker label,It emits the vocalized panic responses of every animal I was able to gather acoustic data for.,RESEARCHER_NAME_KEY: It emits the vocalized panic responses of every animal I was able to gather acoustic data for.
2485,380189447731126286,Researcher,RESEARCHER_NAME_KEY,character speech,explicit,explicit speaker label,I'll give you some schematics. I'm sure someone there is smart enough to decipher them and get it built.,RESEARCHER_NAME_KEY: I'll give you some schematics. I'm sure someone there is smart enough to decipher them and get it built.
2486,380189447731126287,Researcher,RESEARCHER_NAME_KEY,character speech,explicit,explicit speaker label,Just...don't let them think this means I forgive them. Or that I approve of what they're doing.,RESEARCHER_NAME_KEY: Just...don't let them think this means I forgive them. Or that I approve of what they're doing.
2487,380189447731126288,Researcher,RESEARCHER_NAME_KEY,character speech,explicit,explicit speaker label,Anything else about those defenses?,RESEARCHER_NAME_KEY: Anything else about those defenses?
2488,380189447731126289,Unattributed,,unattributed Yarn text,unknown,no speaker tag; cannot safely infer,"Yes, they worked.","Yes, they worked."
2489,380189447731126290,Narrator / scene text,,narration,inferred,third-/second-person scene description,The workers on the rig want to find a way to sabotage them.,The workers on the rig want to find a way to sabotage them.
2490,380189447731126291,Unattributed,,unattributed Yarn text,unknown,no speaker tag; cannot safely infer,That's all.,That's all.
2491,380189447731126292,Researcher,RESEARCHER_NAME_KEY,character speech,explicit,explicit speaker label,Good. It's always nice to have additional data points.,RESEARCHER_NAME_KEY: Good. It's always nice to have additional data points.
2492,380189447731126293,Researcher,RESEARCHER_NAME_KEY,character speech,explicit,explicit speaker label,"Found their conscience, have they? I suppose they're wanting it to look like an accident. They wouldn't want to face the corp's wrath if they were found culpable.","RESEARCHER_NAME_KEY: Found their conscience, have they? I suppose they're wanting it to look like an accident. They wouldn't want to face the corp's wrath if they were found culpable."
2493,380189447731126294,Researcher,RESEARCHER_NAME_KEY,character speech,explicit,explicit speaker label,"Hmm, I do have a pleasingly elegant idea, actually. We don't have to sabotage the defenses in a traditional sense.","RESEARCHER_NAME_KEY: Hmm, I do have a pleasingly elegant idea, actually. We don't have to sabotage the defenses in a traditional sense."
2494,380189447731126295,Researcher,RESEARCHER_NAME_KEY,character speech,explicit,explicit speaker label,"If you recall, they emit a sort of 'word'. At the moment, they're broadcasting a warning: ""[C2]FLEE[/C2]"".","RESEARCHER_NAME_KEY: If you recall, they emit a sort of 'word'. At the moment, they're broadcasting a warning: ""[C2]FLEE[/C2]""."
2495,380189447731126296,Researcher,RESEARCHER_NAME_KEY,character speech,explicit,explicit speaker label,"But we can change that. I have other recordings, of other words. Instead of a warning, it could broadcast an...invitation.","RESEARCHER_NAME_KEY: But we can change that. I have other recordings, of other words. Instead of a warning, it could broadcast an...invitation."
2496,380189447731126297,Researcher,RESEARCHER_NAME_KEY,character speech,explicit,explicit speaker label,There's one in particular. I've been referring to it by its closest human analogue:,RESEARCHER_NAME_KEY: There's one in particular. I've been referring to it by its closest human analogue:
2497,380189447731126298,Researcher,RESEARCHER_NAME_KEY,character speech,explicit,explicit speaker label,I'll prepare some blueprints for the module. You'll have to assemble it and slot it into the top of the black box.,RESEARCHER_NAME_KEY: I'll prepare some blueprints for the module. You'll have to assemble it and slot it into the top of the black box.
2498,380447089011564544,Founder,FOUNDER_NAME_KEY,character speech,explicit,explicit speaker label,"Still around, huh?","FOUNDER_NAME_KEY: Still around, huh?"
2499,380447089028341760,Narrator / scene text,,narration,inferred,third-/second-person scene description,A helmeted figure emerges from the shadows by a building site. He lifts his visor.,A helmeted figure emerges from the shadows by a building site. He lifts his visor.
2500,380447089028341761,Narrator / scene text,,narration,inferred,third-/second-person scene description,He gestures to a pile of materials behind him.,He gestures to a pile of materials behind him.
2501,380447089028341762,Founder,FOUNDER_NAME_KEY,character speech,explicit,explicit speaker label,"We're short on materials. Once they arrive, we can start working. ","FOUNDER_NAME_KEY: We're short on materials. Once they arrive, we can start working. "
2502,380447089032536064,Foreman,FOREMAN_NAME_KEY,character speech,explicit,explicit speaker label,"Between you and me, the corp has a pretty ruthless reputation of tracking down anyone who moves against them. People tend to just make the one mistake, if you get what I mean.","FOREMAN_NAME_KEY: Between you and me, the corp has a pretty ruthless reputation of tracking down anyone who moves against them. People tend to just make the one mistake, if you get what I mean."
2503,380550693299003392,Narrator / scene text,,narration,inferred,third-/second-person scene description,"A woman is stood just inside the doorway, sketching a design in her notebook.","A woman is stood just inside the doorway, sketching a design in her notebook."
2504,380550693303197696,Engineer,ENGINEER_NAME_KEY,character speech,explicit,explicit speaker label,Welcome back. Hope things have been steady for you out there.,ENGINEER_NAME_KEY: Welcome back. Hope things have been steady for you out there.
2505,380550693303197697,Engineer,ENGINEER_NAME_KEY,character speech,explicit,explicit speaker label,Those enhanced rods are treating you well? I worked hard on those designs.,ENGINEER_NAME_KEY: Those enhanced rods are treating you well? I worked hard on those designs.
2506,380550693303197698,Engineer,ENGINEER_NAME_KEY,character speech,explicit,explicit speaker label,"We don't fully understand the properties of all the materials we're working with, but it's something the head Scientist is working on.","ENGINEER_NAME_KEY: We don't fully understand the properties of all the materials we're working with, but it's something the head Scientist is working on."
2507,380550693303197699,Engineer,ENGINEER_NAME_KEY,character speech,explicit,explicit speaker label,Remember that the things we build here all need different ingredients. It's good to keep a stock of various materials on hand.,ENGINEER_NAME_KEY: Remember that the things we build here all need different ingredients. It's good to keep a stock of various materials on hand.
2508,380550693303197700,Engineer,ENGINEER_NAME_KEY,character speech,explicit,explicit speaker label,Most of these projects I'm working on are for the rollout of the corp's new fleet. It'll be cutting edge.,ENGINEER_NAME_KEY: Most of these projects I'm working on are for the rollout of the corp's new fleet. It'll be cutting edge.
2509,380550693303197701,Engineer,ENGINEER_NAME_KEY,character speech,explicit,explicit speaker label,"We're still waiting for a [C0]materials[/C0] shipment before we can [C1]upgrade the factory[/C1]. When it arrives, we'll be able to [C1]make new items[/C1].","ENGINEER_NAME_KEY: We're still waiting for a [C0]materials[/C0] shipment before we can [C1]upgrade the factory[/C1]. When it arrives, we'll be able to [C1]make new items[/C1]."
2510,380550693303197702,Engineer,ENGINEER_NAME_KEY,character speech,explicit,explicit speaker label,"HQ said they're not sending any more delivery ships, so if we want to get this place [C1]upgraded[/C1], we'll need [C0]materials[/C0] from elsewhere.","ENGINEER_NAME_KEY: HQ said they're not sending any more delivery ships, so if we want to get this place [C1]upgraded[/C1], we'll need [C0]materials[/C0] from elsewhere."
2511,380550693303197703,Engineer,ENGINEER_NAME_KEY,character speech,explicit,explicit speaker label,Almost there. One more delivery of [C0]materials[/C0] and we'll be [C1]fully operational[/C1].,ENGINEER_NAME_KEY: Almost there. One more delivery of [C0]materials[/C0] and we'll be [C1]fully operational[/C1].
2512,380550693303197704,Founder,FOUNDER_NAME_KEY,character speech,explicit,explicit speaker label,Don't like these waters. But the corp seems to.,FOUNDER_NAME_KEY: Don't like these waters. But the corp seems to.
2513,380550693303197705,Founder,FOUNDER_NAME_KEY,character speech,explicit,explicit speaker label,"Some advice, while you're on corp property: don't go poking around.","FOUNDER_NAME_KEY: Some advice, while you're on corp property: don't go poking around."
2514,380550693303197706,Founder,FOUNDER_NAME_KEY,character speech,explicit,explicit speaker label,"The work's hard, but as long as the pay's good, I'll do it. And it is.","FOUNDER_NAME_KEY: The work's hard, but as long as the pay's good, I'll do it. And it is."
2515,380550693303197707,Founder,FOUNDER_NAME_KEY,character speech,explicit,explicit speaker label,Not much for small talk. Let's get on with it.,FOUNDER_NAME_KEY: Not much for small talk. Let's get on with it.
2516,380550693303197708,Founder,FOUNDER_NAME_KEY,character speech,explicit,explicit speaker label,Heat and metal. Beats the cold winds out here.,FOUNDER_NAME_KEY: Heat and metal. Beats the cold winds out here.
2517,380550693303197709,Founder,FOUNDER_NAME_KEY,character speech,explicit,explicit speaker label,Don't have the materials for this place yet.,FOUNDER_NAME_KEY: Don't have the materials for this place yet.
2518,380550693303197710,Engineer,ENGINEER_NAME_KEY,character speech,explicit,explicit speaker label,"I have plans for an interchangeable module system. You'll see; I'll show you when we're set up here. But, uh...","ENGINEER_NAME_KEY: I have plans for an interchangeable module system. You'll see; I'll show you when we're set up here. But, uh..."
2519,380550693303197711,Engineer,ENGINEER_NAME_KEY,character speech,explicit,explicit speaker label,"These modules can be attached to your ship. Placement's flexible too, they can be wired up to wherever they need to go.","ENGINEER_NAME_KEY: These modules can be attached to your ship. Placement's flexible too, they can be wired up to wherever they need to go."
2520,380550693303197712,Engineer,ENGINEER_NAME_KEY,character speech,explicit,explicit speaker label,"One more lot of [C0]materials[/C0], then we'll be able to [C1]upgrade some of your boat's basic functions[/C1].","ENGINEER_NAME_KEY: One more lot of [C0]materials[/C0], then we'll be able to [C1]upgrade some of your boat's basic functions[/C1]."
2521,380836352853123072,Engineer,ENGINEER_NAME_KEY,character speech,explicit,explicit speaker label,Can you believe the size of that squid? It's shaking the whole damn rig. Doesn't seem like it should be possible; the legs are anchored pretty deep.,ENGINEER_NAME_KEY: Can you believe the size of that squid? It's shaking the whole damn rig. Doesn't seem like it should be possible; the legs are anchored pretty deep.
2522,380836352882483200,Engineer,ENGINEER_NAME_KEY,character speech,explicit,explicit speaker label,We're in the planning stages for an [C1]expansion to the Factory[/C1]. Maybe you'd be able to help out?,ENGINEER_NAME_KEY: We're in the planning stages for an [C1]expansion to the Factory[/C1]. Maybe you'd be able to help out?
2523,380836352882483201,Engineer,ENGINEER_NAME_KEY,character speech,explicit,explicit speaker label,I've been drawing up some plans for a [C1]new Factory wing[/C1]. Take a look if you get a chance.,ENGINEER_NAME_KEY: I've been drawing up some plans for a [C1]new Factory wing[/C1]. Take a look if you get a chance.
2524,380836352882483202,Engineer,ENGINEER_NAME_KEY,character speech,explicit,explicit speaker label,We're about ready to start construction on the [C1]final section of the Factory[/C1].,ENGINEER_NAME_KEY: We're about ready to start construction on the [C1]final section of the Factory[/C1].
2525,380836352882483203,Founder,FOUNDER_NAME_KEY,character speech,explicit,explicit speaker label,Those tentacles seem angry. Not surprised.,FOUNDER_NAME_KEY: Those tentacles seem angry. Not surprised.
2526,380836352882483204,Founder,FOUNDER_NAME_KEY,character speech,explicit,explicit speaker label,[C1]Foundry's about to get bigger soon[/C1]. Still waiting on a delivery though.,FOUNDER_NAME_KEY: [C1]Foundry's about to get bigger soon[/C1]. Still waiting on a delivery though.
2527,380836352882483205,Engineer,ENGINEER_NAME_KEY,character speech,explicit,explicit speaker label,That squid thing keeps shaking the rig. It's making it pretty damn hard to concentrate in here!,ENGINEER_NAME_KEY: That squid thing keeps shaking the rig. It's making it pretty damn hard to concentrate in here!
2528,380836352882483206,Engineer,ENGINEER_NAME_KEY,character speech,explicit,explicit speaker label,Foreman says we're due to start on an [C1]extension[/C1] to the building soon.,ENGINEER_NAME_KEY: Foreman says we're due to start on an [C1]extension[/C1] to the building soon.
2529,380836352886677504,Scientist,SCIENTIST_NAME_KEY,character speech,explicit,explicit speaker label,"Don't forget. The rig still needs some kind of defense system constructed. The people here are...depending on you, oddly enough.","SCIENTIST_NAME_KEY: Don't forget. The rig still needs some kind of defense system constructed. The people here are...depending on you, oddly enough."
2530,380836352886677505,Scientist,SCIENTIST_NAME_KEY,character speech,explicit,explicit speaker label,"And...while you're there, try to [C0]catch some of the local specimens[/C0]. I think they hold the key to understanding what we're here for.","SCIENTIST_NAME_KEY: And...while you're there, try to [C0]catch some of the local specimens[/C0]. I think they hold the key to understanding what we're here for."
2531,380861164547842048,Narrator / scene text,,narration,inferred,third-/second-person scene description,"The defenses are operational, emitting a droning sound that grates at the ears.","The defenses are operational, emitting a droning sound that grates at the ears."
2532,380861164573007872,Foreman,FOREMAN_NAME_KEY,character speech,explicit,explicit speaker label,"We've gotta get this place operational, or the boss will have my head!","FOREMAN_NAME_KEY: We've gotta get this place operational, or the boss will have my head!"
2533,380861164573007873,Foreman,FOREMAN_NAME_KEY,character speech,explicit,explicit speaker label,"We can make [C1]improvements to your vessel here[/C1], including some cutting-edge Ironhaven tech that you [C0]won't find anywhere else[/C0].","FOREMAN_NAME_KEY: We can make [C1]improvements to your vessel here[/C1], including some cutting-edge Ironhaven tech that you [C0]won't find anywhere else[/C0]."
2534,380861164577202176,Unattributed,,unattributed Yarn text,unknown,no speaker tag; cannot safely infer,"Outside, the Foreman is in conversation with a recent arrival to the rig; a stern looking man in a suit.","Outside, the Foreman is in conversation with a recent arrival to the rig; a stern looking man in a suit."
2535,380861164577202177,Unattributed,,unattributed Yarn text,unknown,no speaker tag; cannot safely infer,"Outside, the Executive is talking to the Foreman.","Outside, the Executive is talking to the Foreman."
2536,380861164581396480,Executive,EXECUTIVE_NAME_KEY,character speech,explicit,explicit speaker label,"After that, I don't want to see you around here any more. Our operation is confidential.","EXECUTIVE_NAME_KEY: After that, I don't want to see you around here any more. Our operation is confidential."
2537,380883836463849472,Foreman,FOREMAN_NAME_KEY,character speech,explicit,explicit speaker label,Now we can finally get this drill started! [S2]ALL CLEAR![/S2],FOREMAN_NAME_KEY: Now we can finally get this drill started! [S2]ALL CLEAR![/S2]
2538,384982415381995520,Player (choice),,player option,inferred,"first-person, question or response text without NPC label",What's the purpose of this rig?,What's the purpose of this rig?
2539,384982415759482880,Unattributed,,unattributed Yarn text,unknown,no speaker tag; cannot safely infer,Aren't you going to stop the drill?,Aren't you going to stop the drill?
2540,384982415763677184,Player (choice),,player option,inferred,"first-person, question or response text without NPC label",Do you know anything about these mutated fish I've been finding?,Do you know anything about these mutated fish I've been finding?
2541,384982415763677185,Player (choice),,player option,inferred,"first-person, question or response text without NPC label",What's going to happen to the fissure that opened up?,What's going to happen to the fissure that opened up?
2542,384982415763677186,Player (choice),,player option,inferred,"first-person, question or response text without NPC label",Do you know anything more about the prehistoric fish I found?,Do you know anything more about the prehistoric fish I found?
2543,384982415763677187,Player (choice),,player option,inferred,"first-person, question or response text without NPC label",I've encountered strange creatures in the contaminated areas.,I've encountered strange creatures in the contaminated areas.
2544,384982415763677188,Player (choice),,player option,inferred,"first-person, question or response text without NPC label",What's your opinion of your boss?,What's your opinion of your boss?
2545,384982415763677189,Unattributed,,unattributed Yarn text,unknown,no speaker tag; cannot safely infer,Have you learned anything about the Dark Fluid I collected?,Have you learned anything about the Dark Fluid I collected?
2546,384982415763677190,Unattributed,,unattributed Yarn text,unknown,no speaker tag; cannot safely infer,You seem concerned.,You seem concerned.
2547,384982415763677191,Player (choice),,player option,inferred,"first-person, question or response text without NPC label",Are you okay?,Are you okay?
2548,384982415767871488,Scientist,SCIENTIST_NAME_KEY,character speech,explicit,explicit speaker label,"Our current executive's father hired me when I was fresh out of college. He must've seen something in me, all those years ago.","SCIENTIST_NAME_KEY: Our current executive's father hired me when I was fresh out of college. He must've seen something in me, all those years ago."
2549,384982415772065792,Scientist,SCIENTIST_NAME_KEY,character speech,explicit,explicit speaker label,"If my hypothesis proves correct, it'll yield a significant asset for the corporation's business diversification strategy.","SCIENTIST_NAME_KEY: If my hypothesis proves correct, it'll yield a significant asset for the corporation's business diversification strategy."
2550,384982415772065793,Scientist,SCIENTIST_NAME_KEY,character speech,explicit,explicit speaker label,"Ah, yes, I believe the drill has already stopped operating. The Foreman should be making preparations to withdraw it from the seabed.","SCIENTIST_NAME_KEY: Ah, yes, I believe the drill has already stopped operating. The Foreman should be making preparations to withdraw it from the seabed."
2551,384982415772065794,Scientist,SCIENTIST_NAME_KEY,character speech,explicit,explicit speaker label,"It's not something you can just yank out, apparently. The drill team will take their time to try to ensure minimal disturbance.","SCIENTIST_NAME_KEY: It's not something you can just yank out, apparently. The drill team will take their time to try to ensure minimal disturbance."
2552,384982415772065795,Scientist,SCIENTIST_NAME_KEY,character speech,explicit,explicit speaker label,"Mutations are present in almost all species, and fish are certainly no exception. In my years of study I've seen fish with extra fins, eyes, and even heads!","SCIENTIST_NAME_KEY: Mutations are present in almost all species, and fish are certainly no exception. In my years of study I've seen fish with extra fins, eyes, and even heads!"
2553,384982415772065796,Scientist,SCIENTIST_NAME_KEY,character speech,explicit,explicit speaker label,"Yes, they're a relatively normal part of the development of a species. Occasionally they can be influenced by external factors, but only in exceptional circumstances.","SCIENTIST_NAME_KEY: Yes, they're a relatively normal part of the development of a species. Occasionally they can be influenced by external factors, but only in exceptional circumstances."
2554,384982415772065797,Scientist,SCIENTIST_NAME_KEY,character speech,explicit,explicit speaker label,"Now that the drill has withdrawn, it should settle down - provided nothing else disturbs the seabed. I expect that, given enough time, it will be filled in with sediment entirely.","SCIENTIST_NAME_KEY: Now that the drill has withdrawn, it should settle down - provided nothing else disturbs the seabed. I expect that, given enough time, it will be filled in with sediment entirely."
2555,384982415772065798,Scientist,SCIENTIST_NAME_KEY,character speech,explicit,explicit speaker label,"In the meantime, it appears to have opened up some interesting opportunities for research!","SCIENTIST_NAME_KEY: In the meantime, it appears to have opened up some interesting opportunities for research!"
2556,384982415772065799,Scientist,SCIENTIST_NAME_KEY,character speech,explicit,explicit speaker label,"Nothing useful, aside from confirming with some peers that they are indeed species that were previously thought to be extinct.","SCIENTIST_NAME_KEY: Nothing useful, aside from confirming with some peers that they are indeed species that were previously thought to be extinct."
2557,384982415776260096,Scientist,SCIENTIST_NAME_KEY,character speech,explicit,explicit speaker label,"There's even a special name for that, you know. A Lazarus taxon - a species seemingly raised from the dead.","SCIENTIST_NAME_KEY: There's even a special name for that, you know. A Lazarus taxon - a species seemingly raised from the dead."
2558,384982415776260097,Scientist,SCIENTIST_NAME_KEY,character speech,explicit,explicit speaker label,Oh? What did they look like?,SCIENTIST_NAME_KEY: Oh? What did they look like?
2559,384982415776260098,Narrator / scene text,,narration,inferred,third-/second-person scene description,"You begin to describe the creatures to the Scientist, but as you grasp at the images in your head, they melt away, replaced with a swirling blackness in your mind's eye.","You begin to describe the creatures to the Scientist, but as you grasp at the images in your head, they melt away, replaced with a swirling blackness in your mind's eye."
2560,384982415776260099,Narrator / scene text,,narration,inferred,third-/second-person scene description,"After your description trails off, the Scientist looks at you with some concern.","After your description trails off, the Scientist looks at you with some concern."
2561,384982415776260100,Scientist,SCIENTIST_NAME_KEY,character speech,explicit,explicit speaker label,"Long nights at sea, unusual weather conditions, sleep deprivation - they can all lead to auditory and visual hallucinations. Not to worry, best to get some rest.","SCIENTIST_NAME_KEY: Long nights at sea, unusual weather conditions, sleep deprivation - they can all lead to auditory and visual hallucinations. Not to worry, best to get some rest."
2562,384982415776260101,Scientist,SCIENTIST_NAME_KEY,character speech,explicit,explicit speaker label,"My...master? Oh, the Executive, yes. It's...he's...everywhere. Very hard working. Always has been. Always will be...","SCIENTIST_NAME_KEY: My...master? Oh, the Executive, yes. It's...he's...everywhere. Very hard working. Always has been. Always will be..."
2563,384982415776260102,Scientist,SCIENTIST_NAME_KEY,character speech,explicit,explicit speaker label,He needs me...my work. It all has to be correct. Do you understand? We have to be in the right place. Or else...there's not much time left.,SCIENTIST_NAME_KEY: He needs me...my work. It all has to be correct. Do you understand? We have to be in the right place. Or else...there's not much time left.
2564,384982415776260103,Scientist,SCIENTIST_NAME_KEY,character speech,explicit,explicit speaker label,It's...unlike any substance I've ever seen...touched. It's smooth one moment...silky...and the next...sharp...stabbing.,SCIENTIST_NAME_KEY: It's...unlike any substance I've ever seen...touched. It's smooth one moment...silky...and the next...sharp...stabbing.
2565,384982415780454400,Narrator / scene text,,narration,inferred,third-/second-person scene description,"The Scientist flinches at something in the air above him. A moment later, the lights flicker. The subtle pop of a blown capacitor can be heard somewhere on the nearby bench.","The Scientist flinches at something in the air above him. A moment later, the lights flicker. The subtle pop of a blown capacitor can be heard somewhere on the nearby bench."
2566,384982415780454401,Unattributed,,unattributed Yarn text,unknown,no speaker tag; cannot safely infer,His voice drops to a breathy murmur.,His voice drops to a breathy murmur.
2567,384982415780454402,Scientist,SCIENTIST_NAME_KEY,character speech,explicit,explicit speaker label,It holds...secrets...instructions...whispers...,SCIENTIST_NAME_KEY: It holds...secrets...instructions...whispers...
2568,384982415780454403,Scientist,SCIENTIST_NAME_KEY,character speech,explicit,explicit speaker label,Concerned...no. Concern implies...,SCIENTIST_NAME_KEY: Concerned...no. Concern implies...
2569,384982415780454404,Narrator / scene text,,narration,inferred,third-/second-person scene description,"He turns to look at you. One of his eyes is bloodshot, the white completely overrun with dark red blood.","He turns to look at you. One of his eyes is bloodshot, the white completely overrun with dark red blood."
2570,384982415780454405,Scientist,SCIENTIST_NAME_KEY,character speech,explicit,explicit speaker label,Concern implies...that we didn't know this would happen.,SCIENTIST_NAME_KEY: Concern implies...that we didn't know this would happen.
2571,384982415780454406,Scientist,SCIENTIST_NAME_KEY,character speech,explicit,explicit speaker label,The inevitable...conclusion...,SCIENTIST_NAME_KEY: The inevitable...conclusion...
2572,384982415780454407,Narrator / scene text,,narration,inferred,third-/second-person scene description,"He rocks back and forth, hand shading his eyes from the harsh lights above.","He rocks back and forth, hand shading his eyes from the harsh lights above."
2573,384982415780454408,Scientist,SCIENTIST_NAME_KEY,character speech,explicit,explicit speaker label,Our work...almost complete...,SCIENTIST_NAME_KEY: Our work...almost complete...
2574,384982415805620224,Player (choice),,player option,inferred,"first-person, question or response text without NPC label",Is whatever you're here for really worth risking the lives of your people?,Is whatever you're here for really worth risking the lives of your people?
2575,384982415805620225,Unattributed,,unattributed Yarn text,unknown,no speaker tag; cannot safely infer,He scoffs.,He scoffs.
2576,384982415805620226,Executive,EXECUTIVE_NAME_KEY,character speech,explicit,explicit speaker label,"Honestly, even if I cared to know myself, I'm not sure why you think I'd tell you.","EXECUTIVE_NAME_KEY: Honestly, even if I cared to know myself, I'm not sure why you think I'd tell you."
2577,384982415805620227,Narrator / scene text,,narration,inferred,third-/second-person scene description,The Executive makes a show of looking around and peering over a nearby railing.,The Executive makes a show of looking around and peering over a nearby railing.
2578,384982415805620228,Executive,EXECUTIVE_NAME_KEY,character speech,explicit,explicit speaker label,"My ""people""? These are employees.","EXECUTIVE_NAME_KEY: My ""people""? These are employees."
2579,385251768543322112,Unattributed,,unattributed Yarn text,unknown,no speaker tag; cannot safely infer,Have there been any patches of contamination sighted in the area?,Have there been any patches of contamination sighted in the area?
2580,385251768564293632,Foreman,FOREMAN_NAME_KEY,character speech,explicit,explicit speaker label,There have been areas of [C3]contamination[/C3] sighted in [C0]The Marrows[/C0].,FOREMAN_NAME_KEY: There have been areas of [C3]contamination[/C3] sighted in [C0]The Marrows[/C0].
2581,385251768564293633,Foreman,FOREMAN_NAME_KEY,character speech,explicit,explicit speaker label,There have been areas of [C3]contamination[/C3] sighted in [C0]Gale Cliffs[/C0].,FOREMAN_NAME_KEY: There have been areas of [C3]contamination[/C3] sighted in [C0]Gale Cliffs[/C0].
2582,385251768564293634,Foreman,FOREMAN_NAME_KEY,character speech,explicit,explicit speaker label,There have been areas of [C3]contamination[/C3] sighted in [C0]Stellar Basin[/C0].,FOREMAN_NAME_KEY: There have been areas of [C3]contamination[/C3] sighted in [C0]Stellar Basin[/C0].
2583,385251768564293635,Foreman,FOREMAN_NAME_KEY,character speech,explicit,explicit speaker label,There have been areas of [C3]contamination[/C3] sighted in [C0]Twisted Strand[/C0].,FOREMAN_NAME_KEY: There have been areas of [C3]contamination[/C3] sighted in [C0]Twisted Strand[/C0].
2584,385251768564293636,Foreman,FOREMAN_NAME_KEY,character speech,explicit,explicit speaker label,There have been areas of [C3]contamination[/C3] sighted in [C0]Devil's Spine[/C0].,FOREMAN_NAME_KEY: There have been areas of [C3]contamination[/C3] sighted in [C0]Devil's Spine[/C0].
2585,386361585043349504,Foreman,FOREMAN_NAME_KEY,character speech,explicit,explicit speaker label,"This hull schematic will add a little [C1]more storage[/C1] to your vessel, but the primary benefit is all the [C1]new slots for fishing equipment[/C1]!","FOREMAN_NAME_KEY: This hull schematic will add a little [C1]more storage[/C1] to your vessel, but the primary benefit is all the [C1]new slots for fishing equipment[/C1]!"
2586,386361585072709632,Foreman,FOREMAN_NAME_KEY,character speech,explicit,explicit speaker label,"Hope she serves you well, fisherman!","FOREMAN_NAME_KEY: Hope she serves you well, fisherman!"
2587,404067128896221184,Foreman,FOREMAN_NAME_KEY,character speech,explicit,explicit speaker label,"Hey, fisherman - thanks again for your help filling that generator. I've reported our new operational status to HQ.","FOREMAN_NAME_KEY: Hey, fisherman - thanks again for your help filling that generator. I've reported our new operational status to HQ."
2588,404067128942358528,Foreman,FOREMAN_NAME_KEY,character speech,explicit,explicit speaker label,"In fact, they've given me a budget to [C1]compensate you for any additional biomass[/C1] you bring in. Just see me at the [C0]Generator[/C0] and I'll pay you.","FOREMAN_NAME_KEY: In fact, they've given me a budget to [C1]compensate you for any additional biomass[/C1] you bring in. Just see me at the [C0]Generator[/C0] and I'll pay you."
2589,404067128942358529,Foreman,FOREMAN_NAME_KEY,character speech,explicit,explicit speaker label,"I can now [C1]pay you for any biomass you add to the generator[/C1]. The bigger the better, I assume? This isn't really my area...","FOREMAN_NAME_KEY: I can now [C1]pay you for any biomass you add to the generator[/C1]. The bigger the better, I assume? This isn't really my area..."
2590,404067128942358530,Foreman,FOREMAN_NAME_KEY,character speech,explicit,explicit speaker label,Generator's always hungry. Any biomass to throw in?,FOREMAN_NAME_KEY: Generator's always hungry. Any biomass to throw in?
2591,404067128942358531,Foreman,FOREMAN_NAME_KEY,character speech,explicit,explicit speaker label,"Energy levels are good, but I won't say no to a top-up. Add some fish if you've got 'em.","FOREMAN_NAME_KEY: Energy levels are good, but I won't say no to a top-up. Add some fish if you've got 'em."
2592,404067128942358532,Foreman,FOREMAN_NAME_KEY,character speech,explicit,explicit speaker label,"This BioFuel system is great! More places oughta run on fish. And crabs too, I guess. Got any for the hopper today?","FOREMAN_NAME_KEY: This BioFuel system is great! More places oughta run on fish. And crabs too, I guess. Got any for the hopper today?"
2593,404067128942358533,Foreman,FOREMAN_NAME_KEY,character speech,explicit,explicit speaker label,"[C2]I can't pay a premium for your fish[/C2] here, but it's better than nothing, right?","FOREMAN_NAME_KEY: [C2]I can't pay a premium for your fish[/C2] here, but it's better than nothing, right?"
2594,404067128942358534,Narrator / scene text,,narration,inferred,third-/second-person scene description,A figure emerges from lower decks and beckons you over into the shadows.,A figure emerges from lower decks and beckons you over into the shadows.
2595,404067128942358535,Founder (Undermarket),FOUNDER_MARKET_NAME_KEY,character speech,explicit,explicit speaker label,If you're going to be hanging around...maybe we can do business. Come see me at the [C0]Undermarket[/C0] - alone.,FOUNDER_MARKET_NAME_KEY: If you're going to be hanging around...maybe we can do business. Come see me at the [C0]Undermarket[/C0] - alone.
2596,404067128942358536,Founder (Undermarket),FOUNDER_MARKET_NAME_KEY,character speech,explicit,explicit speaker label,"Got some [C0]items you might be interested in[/C0]. Don't ask where they come from - better off not knowing. Can make some [C0]basic repairs[/C0] too, but it'll cost ya.","FOUNDER_MARKET_NAME_KEY: Got some [C0]items you might be interested in[/C0]. Don't ask where they come from - better off not knowing. Can make some [C0]basic repairs[/C0] too, but it'll cost ya."
2597,404067128942358537,Founder (Undermarket),FOUNDER_MARKET_NAME_KEY,character speech,explicit,explicit speaker label,"Don't tell anyone from the corp about this place. I'm doing you a favour, you know.","FOUNDER_MARKET_NAME_KEY: Don't tell anyone from the corp about this place. I'm doing you a favour, you know."
2598,404067128942358538,Founder (Undermarket),FOUNDER_MARKET_NAME_KEY,character speech,explicit,explicit speaker label,Nobody ever does a thorough stocktake at big corporations. Lucky for us.,FOUNDER_MARKET_NAME_KEY: Nobody ever does a thorough stocktake at big corporations. Lucky for us.
2599,404067128942358539,Founder (Undermarket),FOUNDER_MARKET_NAME_KEY,character speech,explicit,explicit speaker label,Things go missing all the time. Who knows where they end up? Doesn't matter in a place like this.,FOUNDER_MARKET_NAME_KEY: Things go missing all the time. Who knows where they end up? Doesn't matter in a place like this.
2600,404067128942358540,Founder (Undermarket),FOUNDER_MARKET_NAME_KEY,character speech,explicit,explicit speaker label,The bigwigs don't bother with the lower decks and the folks down here. Why would they mingle with people like us? I'm not complaining.,FOUNDER_MARKET_NAME_KEY: The bigwigs don't bother with the lower decks and the folks down here. Why would they mingle with people like us? I'm not complaining.
2601,408180644108398592,Player (choice),,player option,inferred,"first-person, question or response text without NPC label",What was I supposed to be doing?,What was I supposed to be doing?
2602,408180644154535936,Scientist,SCIENTIST_NAME_KEY,character speech,explicit,explicit speaker label,Locals in The Marrows and Gale Cliffs have reported sightings of a [C3]strange ooze[/C3] on the surface of the water. I need you to collect a canister of it for me.,SCIENTIST_NAME_KEY: Locals in The Marrows and Gale Cliffs have reported sightings of a [C3]strange ooze[/C3] on the surface of the water. I need you to collect a canister of it for me.
2603,408180644154535937,Scientist,SCIENTIST_NAME_KEY,character speech,explicit,explicit speaker label,"You'll need to upgrade the [C0]Factory[/C0] and construct a [C0]Siphon Trawler[/C0] before you'll be able to do that, though.","SCIENTIST_NAME_KEY: You'll need to upgrade the [C0]Factory[/C0] and construct a [C0]Siphon Trawler[/C0] before you'll be able to do that, though."
2604,408180644154535938,Scientist,SCIENTIST_NAME_KEY,character speech,explicit,explicit speaker label,You'll need to equip the [C0]Siphon Trawler[/C0] and deploy it in [C3]contaminated[C3] areas to extract samples from the water.,SCIENTIST_NAME_KEY: You'll need to equip the [C0]Siphon Trawler[/C0] and deploy it in [C3]contaminated[C3] areas to extract samples from the water.
2605,413505551941398528,Player (action choice),,player action choice,inferred,bracketed interactive action,\[Cutscene 3.5 (Defenses)\],\[Cutscene 3.5 (Defenses)\]
2606,413505551966564352,Player (action choice),,player action choice,inferred,bracketed interactive action,\[Cutscene 7 (Scientist)\],\[Cutscene 7 (Scientist)\]
2607,443613968346742784,Foreman,FOREMAN_NAME_KEY,character speech,explicit,explicit speaker label,I've been trying to keep a record of where all that [C3]dark liquid[/C3] has been showing up. [C0]Come see me if you need pointing to any contamination patches[/C0].,FOREMAN_NAME_KEY: I've been trying to keep a record of where all that [C3]dark liquid[/C3] has been showing up. [C0]Come see me if you need pointing to any contamination patches[/C0].
